VEND_C,DCS_CODE,DESCRIPTION1
510,FW CLMMEN,MOCCASYM
510,FWMENCLI,GRANDSTONE
510,FWMENCLI,M'S NIAD LACE
510,FWMENCLI,NIAD MOCCASYM
510,FWMENCLI,NIAD VCS
510,FWWMNCLI,ANASAZI LV PRO
510,FWWMNCLI,W'S NIAD LACE
510,FWWMNCLI,W'S NIAD VCS
510,RPR,STEALTH PAINT KIT
ADANDY,FW ACSLAC,FLAT SNEAKER LACES
ADANDY,FW ACSLAC,ROUND BOOT LACES
ADANDY,FW ACSLAC,UNBREAKABLE LACES
ADVTR,G,HACKEY - LOGO
AERO,KITCO,AEROPRESS CLEAR COFFEE MAKER
AERO,KITCO,AEROPRESS COFFEE MAKERS
AERO,KITCO,AEROPRESS GO - PLUS
AERO,KITCO,AEROPRESS GO - TRAVEL
AERO,KITCO,AEROPRESS MICRO FILTERS
AERO,KITCO,AEROPRESS ORIGINAL
AERO,KITCO,FILTERS - STAINLESS
AERO,KITCO,MICRO FILTERS - PAPER
ALETE,FODBAR,BONK BAR ENERGY
ALETE,FODBAR,BONK BAR PROTEIN
ALETE,FODCHW,SALT STICK FASTCHEWS 60CT
ALETE,FODCHW,SALTSTICK ENERGY GUMMIES
ALETE,FODTAB,SALT STICK CAPS
ALETE,FODTAB,SALT STICK CAPS + CAFFEINE
ALETE,FODTAB,SALT STICK FASTCHEWS
ALGOOD,MEDFA,ALOE GEL
ALGOOD,MEDFA,LIP BALM 3 PACK
ALGOOD,MEDFA,ORGANIC ORIGINAL LIP BALM
ALGOOD,MEDFA,ORIGINAL LIP BALM
ALGOOD,MEDFA,SPEARMINT LIP BALM
ALGOOD,MEDFA,TANGERINE LIP BALM
ALGOOD,MEDFA,TINTED 3 OZ SUNSCREEN LOTION
ALGOOD,MEDFA,TINTED BUTTER TIN SUNSCREEN
ALGOOD,MEDFA,UNSCENTED SUNSTICK .6 OZ
ALGOOD,TLTSUNBLK,SS - ALL GOOD KIDS LOTION
ALGOOD,TLTSUNBLK,SS - ALL GOOD MINERAL FACE
ALGOOD,TLTSUNBLK,SS - ALL GOOD SPORT LOTION
ALGOOD,TLTSUNBLK,SS - ALL GOOD SPORT SPRAY
ALGOOD,TLTSUNBLK,SS - ALL GOOD SPORT STICK
ALGOOD,TLTSUNBLK,SS - ALL GOOD SPORT STICK KIDS
ALGOOD,TLTSUNBLK,SS - KIDS SUNSCREEN SPRAY
ALTRA,FW ACSGTR,TRAIL GAITER
ALTRA,FW HIKMEN,M'S EXPERIENCE WILD 3+
ALTRA,FW HIKMEN,M'S LONE PEAK 9
ALTRA,FW HIKMEN,M'S LONE PEAK 9+
ALTRA,FW HIKMEN,M'S LONE PEAK HIKER 3
ALTRA,FW HIKMEN,M'S OLYMPUS 6
ALTRA,FW HIKMEN,M'S TIMP 5 - FINAL SALE
ALTRA,FW HIKMEN,M'S TIMP 5 HIKER GTX
ALTRA,FW HIKMEN,M'S TIMP 6
ALTRA,FW HIKWMN,W'S EXPERIENCE WILD 3+
ALTRA,FW HIKWMN,W'S LONE PEAK 8 - FINAL SALE
ALTRA,FW HIKWMN,W'S LONE PEAK 9
ALTRA,FW HIKWMN,W'S LONE PEAK 9+
ALTRA,FW HIKWMN,W'S LONE PEAK HIKER 3
ALTRA,FW HIKWMN,W'S OLYMPUS 6
ALTRA,FW HIKWMN,W'S TIMP 5 - FINAL SALE
ALTRA,FW HIKWMN,W'S TIMP 5 HIKER GTX
ALTRA,FW HIKWMN,W'S TIMP 6
AMBC,MCHHDYMEN,GEARHEADS HDY
AMBC,MCHSSTMEN,M'S GEARHEADS TEE
AMBC,MCHSSTMEN,M'S GEARHEADS TEE L1
AMBC,MCHSSTMEN,M'S GEARHEADS TEE L2
AMBC,MCHSSTUNI,GEARHEADS TEE MARS
AMBC,MCHSSTWMN,W'S GEARHEADS TEE
AMBC,MCHSSTWMN,W'S GEARHEADS TEE L1
AMBC,MCHSSTWMN,W'S GEARHEADS TEE L2
ARB,FIRKIT,FIRE LITE KIT IN DRY BAG
ARB,FIRKIT,SOL FIRE LITE KIT IN DRYBAG
ARB,FIRLGH,FIRE LITEFUEL FREE LIGHTRSOL
ARB,FIRMSC,FIRE LITE FUEL CUBES IN BOX
ARB,FIRSTR,ALL WEATHER MATCHES- 25CNT
ARB,KCHCW ACS,CAMP KITCHEN CLEANING KIT
ARB,KCHCW ACS,COCONUT SCRUBBER REFILL
ARB,KCHMCS,PICNIC TABLECLOTH
ARB,KCHMSC,FLAT PACK DISHWASHING STATION
ARB,KCHMSC,FLAT PACK PICNIC BASKET
ARB,KCHSNK,FLAT PACK SINK
ARB,KCHSNK,FLAT PACK SINK 8L
ARB,KITTWWBL,FLAT PACK BOWLS & STRAINER SET
ARB,LITLAN,INFLATE SOLAR LNTRN W/ CHARGER
ARB,LITLAN,SOLAR LANTERNS-NOVA COLORS
ARB,LITLAN,TITAN 2-IN-1 POWER LANTERN
ARB,LITSTR,ADD-ON STRING LIGHTS
ARB,LITSTR,SOLAR LANTERN W/ 2PHN CHGR
ARB,LITSTR,SOLAR STRING COLORW/ PHN CHGR
ARB,LITSTR,SOLAR STRING LIGHT W/ PHN CHGR
ARB,MEDDEF,.
ARB,MEDDEF,BEN'S 100 3.4 PUMP
ARB,MEDDEF,BEN'S 100 MAX .5OZ PUMP
ARB,MEDDEF,BEN'S 100 MAX 1.25OZ PUMP
ARB,MEDDEF,BEN'S 30 3.4OZ
ARB,MEDDEF,BEN'S C&G 6OZ  SPRAY
ARB,MEDDEF,FIRE LITE FUEL CUBES
ARB,MEDDEF,FIRE LITE MAG BAR
ARB,MEDDEF,FIRE LITE MICRO SPARKER 2PK
ARB,MEDDEF,HEAT REFLECTIVE PONCHO
ARB,MEDDEF,METAL RESCUE WHISTLE 2PK
ARB,MEDFA,DOG MEDICAL KIT-HEELER
ARB,MEDFA,MARINE 150
ARB,MEDFA,SMART TRAVEL
ARB,MEDFA,TACTICAL MED KIT-TRMA QUIKCLOT
ARB,MEDFA,TRAIL DOG
ARB,MEDFA,TRAUMA PAK I-WOUND DRESSING
ARB,MEDFA,TRAUMA PAK III
ARB,MEDFA,TRAUMA PAK WITH QUIKCLOT
ARB,MEDFA,TRAVEL MEDIC
ARB,MEDFA,TRAVERSE
ARB,MEDSUR,CAT TOURNIQUET
ARB,MEDSUR,DELUXE MAP COMPASS
ARB,MEDSUR,ELECTROLYTE TABLET
ARB,MEDSUR,INSTANT COLD PACK
ARB,MEDSUR,NATRAPEL LEMON EUCALYPTUS 3.4
ARB,MEDSUR,NATRAPEL LEMON EUCALYPTUS 6OZ
ARB,MEDSUR,ORAL REHYDRATION SALTS
ARB,MEDSUR,"QUIKCLOT GAUZE 3"" X 48"""
ARB,MEDSUR,SOL ALL SEASON BLANKET
ARB,MEDSUR,SOL MAG STRIKER W/TINDER CORD
ARB,MEDSUR,SPORTSMAN 100
ARB,MEDSUR,SPORTSMAN 200
ARB,MEDSUR,SPORTSMAN 300
ARB,MEDSUR,SPORTSMAN 400
ARB,MEDSUR,ZIPPER PULL COMPASS -2PK
ARB,PETMSC,ADVENTURE DOG WIPES- 8 PK
ARB,SURDEF,BEAR BELL CHROME W SILENCER
ARB,SURDEF,BEAR KEG CONTAINERS
ARB,SURDEF,BEAR SPRAY 10.2 OZ
ARB,SURDEF,BEAR SPRAY 10.2 OZ W/HOLSTER
ARB,SURDEF,BEAR SPRAY 8.1 OZ
ARB,SURDEF,BEAR SPRAY 8.1OZ W/HOLSTER
ARB,SURDEF,PEPPER SPRAY DEFENSE
ARB,SURDEFACS,BEAR SPRAY CROSS DRAW HOLSTER
ARB,SURDEFACS,COUNTER ASSAULT BP HOLSTER
ARB,SURDEFACS,COUNTER ASSAULT CHEST HOLSTER
ARB,SURDEFACS,COUNTER ASSLT WAIST HOLSTER
ARB,SURDEFACS,RESCUE HOWLER  WHISTLE 2PK
ARB,SURDEFACS,SLIM HOWLER  WHISTLE  2PK
ARB,SURDEFACS,SPORT UTILITY BLANKET
ARB,SURDEFACS,TINDER-QUIK  12 PC
ARB,SURDEFACS,UNIVERSAL 230/290 HOLSTER
ARB,SUREQP,EMERGENCY BIVVY
ARB,SUREQP,EMERGENCY BIVVY XL
ARB,SUREQP,EMERGENCY BLANKET
ARB,SUREQP,EMERGENCY SHELTER KIT
ARB,SUREQP,ESCAPE BIVVY
ARB,SUREQP,HD EMERGENCY BLANKET
ARB,SUREQP,POCKET CHAIN SAW
ARB,SUREQP,SURVIVAL BLANKET
ARB,SUREQP,SURVIVAL PONCHO
ARB,SUREQP,THERMAL BIVVY
ARB,SUREQPMSC,550 REFLECTIVE TINDER CORD
ARB,SURMED,TRIPLE ANTBTC UNITIZED
ARB,SURMEDBLI,BLISTER MEDIC
ARB,SURMEDBLI,GLACIER GEL
ARB,SURMEDBLI,MOLESKIN PC & SHAPE
ARB,SURMEDKIT,ADVENTURE FIRST AID .5 TIN
ARB,SURMEDKIT,ADVENTURE FIRST AID 1.0
ARB,SURMEDKIT,ADVENTURE FIRST AID 2.0
ARB,SURMEDKIT,ADVENTURE FIRST AID FAMILY
ARB,SURMEDKIT,ADVENTURE FIRST AID KIT
ARB,SURMEDKIT,BACKYARD ADVENTURE
ARB,SURMEDKIT,C-SPLINT
ARB,SURMEDKIT,DENTAL EMERGENCY KIT FOR TEETH
ARB,SURMEDKIT,EMG. PREPAREDNESS KIT
ARB,SURMEDKIT,FIRST AID WATER-RESISTANT
ARB,SURMEDKIT,MINI LIMITED FOREST KIT
ARB,SURMEDKIT,MINI LIMITED SUNSET KIT
ARB,SURMEDKIT,MOLLE BAG TRAUMA KIT 0.5
ARB,SURMEDKIT,MOLLE BAG TRAUMA KIT 1.0
ARB,SURMEDKIT,MOLLE BAG TRAUMA KIT 2.0
ARB,SURMEDKIT,MOUNTAIN BACKPACKER
ARB,SURMEDKIT,MOUNTAIN DAY TRIPPER LITE KIT
ARB,SURMEDKIT,MOUNTAIN EXPLORER
ARB,SURMEDKIT,MOUNTAIN HIKER KIT
ARB,SURMEDKIT,PRO EMERG. MED KIT-GUIDE I
ARB,SURMEDKIT,PRO TRMA PAK W/ QUIKCLOT & TNQ
ARB,SURMEDKIT,SCOUT SURVIVAL KIT
ARB,SURMEDKIT,ULTRALIGHT WATERTIGHT .3
ARB,SURMEDKIT,ULTRALIGHT WATERTIGHT .5
ARB,SURMEDKIT,ULTRALIGHT WATERTIGHT .7
ARB,SURMEDKIT,ULTRALIGHT WATERTIGHT .9
ARB,SURMEDSUP,4X5 INSTNT CLD CMPRS
ARB,SURMEDSUP,ADHESIVE BANDAGES
ARB,SURMEDSUP,ALCOHOL PREP PAD
ARB,SURMEDSUP,ALCOHOL PREP PAD-10/BAG
ARB,SURMEDSUP,ANTISEPTIC SPRAY 3OZ
ARB,SURMEDSUP,ANTISEPTIC TOWELETTE- 5/BAG
ARB,SURMEDSUP,BANDAGE 3/8X1-1.5 JR PLSTC
ARB,SURMEDSUP,"BANDAGE EAB 1""X3"" FABRIC"
ARB,SURMEDSUP,BANDAGE FINGERTIP FABRIC
ARB,SURMEDSUP,BANDAGE KNUCKLE
ARB,SURMEDSUP,BURN CREAM-50/BAG
ARB,SURMEDSUP,CAB EAB SINGL FAB FINGER
ARB,SURMEDSUP,CAB EAB SNGLE FAB KNUCK
ARB,SURMEDSUP,"CMPRSS BNDG OFF CENTER 4"""
ARB,SURMEDSUP,"COMPRESS BANDAGE OFF CENTER 4"""
ARB,SURMEDSUP,DUCT TAPE  2X50IN ROLLS
ARB,SURMEDSUP,FA/BRN CRM UNITZED
ARB,SURMEDSUP,HAND SANITIZE -10/BAG
ARB,SURMEDSUP,HYDROCORTISONE CRM
ARB,SURMEDSUP,LARGE PATCH BANDAGE- 5/BAG
ARB,SURMEDSUP,NITRILE EXAM GLOVES
ARB,SURMEDSUP,NITRILE EXAM GLVS-2/BOX
ARB,SURMEDSUP,"QUIKCLOT GAUZE 3"" X 2'"
ARB,SURMEDSUP,REFILL DRESSINGS & BANDAGES
ARB,SURMEDSUP,TAPE TRI-CUT WATERPROOF
ARB,SURMEDSUP,TRAUMA TOURNIQUET
ARB,TLTBUGBIT,AFTER BITE ADVANCED
ARB,TLTBUGBIT,AFTER BITE BUG BITE BANDAGES
ARB,TLTBUGBIT,AFTER BITE KIDS
ARB,TLTBUGBIT,AFTER BITE NATURAL STICK
ARB,TLTBUGBIT,AFTER BITE TREATMENT-KIDS
ARB,TLTBUGBIT,AFTER BITE XTRA NEW & IMPVD
ARB,TLTBUGBIT,AFTER IVY COMPLETE WIPE
ARB,TLTBUGBIT,AFTERBITE OUTDOOR
ARB,TLTBUGBIT,ESSENTIAL OIL REPELLENT
ARB,TLTBUGBIT,HYDROCORTISONE CREAM 0.9G
ARB,TLTBUGNET,BEN'S INVISINET BUG JACKET
ARB,TLTBUGNET,BEN'S INVISINET HEAD NET
ARB,TLTBUGNET,BEN'S ULTRANET HEAD NET
ARB,TLTBUGREP,BEN'S 30 1.25OZ PUMP
ARB,TLTBUGREP,BEN'S 30 3.4OZ PUMP
ARB,TLTBUGREP,BEN'S 30 6OZ ECO-SPRAY
ARB,TLTBUGREP,BEN'S 30 WIPES 12 BOX
ARB,TLTBUGREP,BEN'S MAX 100% DEET 3.4OZ PMP
ARB,TLTBUGREP,INSECT STING RELIEF WIP-10/BAG
ARB,TLTBUGREP,INSECT STING RELIEF WIPES
ARB,TLTBUGREP,KIDS TICK/INSECT RPL
ARB,TLTBUGREP,NATRAPEL 1OZ PUMP
ARB,TLTBUGREP,NATRAPEL 3.4OZ PUMP
ARB,TLTBUGREP,NATRAPEL 6OZ CONTINUOUS SPRAY
ARB,TLTBUGREP,NATRAPEL WIPES 12 BOX
ARB,TLTBUGREP,REPELLENT PUMP
ARB,TLTCRPBAG,TRAIL PACKOUT BAGS REFILL
ARB,TLTCRPSUP,TRAIL TOILET PAPER REFILL
ARB,TLTCRPTOL,TROWEL TOILET KIT
ARB,TLTKIT,ADVENTURE TOILETRY KIT
ARB,TLTSAN,ANTISEPTIC TOWELETTE
ARB,TLTSAN,HAND SANITIZER
ARB,TLTSAN,HAND SANITIZER SPRAY
ARB,TLTSAN,HAND SANITIZER- 0.9G.
ARB,TLTSAN,HANDCLENS HAND SANITIZER 1.7OZ
ARB,TLTSOP,BODG SOAP FLAKES REFILL
ARB,TLTSOP,CLEAN CAPSULE
ARB,TLTSUNALO,AFTER BURN 2 OZ. TUBE
ARB,TLTSUNALO,BURN CREAM 0.9G
ARB,TLTTTH,TOOTH CARE CAPSULE
ARB,TLTTTH,TOOTHPASTE TABLETS REFILL
ARB,TLTTWL,COMPACT DRYING TOWELS REFILL
ARB,TLTTWL,COMPACT TOWELS REFILL-4 PK
ARB,TLTWIP,ADVENTURE BATH WIPES  8PK
ARB,TLTWIP,CMPR. TOWELETTE REFILL
ARB,TLTWIP,WILDLY CLEAN BODY WIPES
ARB,TLTWIP,WILDLY CLEAN WIPES
ARB,TNTBIV,EMERGENCY BIVVY OD GREEN
ARB,TNTBIV,EMG. BIVVY W/ WHISTLE
ARB,TNTBIV,ESCAPE BIVVY WITH HOOD
ARB,TNTBIV,SOL ESCAPE LITE BIVVY
ARB,TOLKNF,STOKE PIVOT KNIFE & SAW
ARB,TOLSHV,PACKABLE FIELD SHOVEL
ARB,TOLSHV,STOKE SHOVEL
ARCADE,CLABELUNI,AERO
ARCADE,CLABELUNI,ATLAS
ARCADE,CLABELUNI,ATLAS LONG
ARCADE,CLABELUNI,ATLAS SLIM
ARCADE,CLABELUNI,BLACKWOOD
ARCADE,CLABELUNI,BLACKWOOD - IVY GREEN
ARCADE,CLABELUNI,BLACKWOOD - MED BROWN
ARCADE,CLABELUNI,BLACKWOOD SLIM
ARCADE,CLABELUNI,CARRY SLIM
ARCADE,CLABELUNI,CARTO
ARCADE,CLABELUNI,CARTO SLIM
ARCADE,CLABELUNI,CARVER
ARCADE,CLABELUNI,CREOSOTE
ARCADE,CLABELUNI,CREOSOTE SLIM
ARCADE,CLABELUNI,DDC GO EASY
ARCADE,CLABELUNI,FOUNDATION - HT BLACK
ARCADE,CLABELUNI,FOUNDATION - HT GREEN
ARCADE,CLABELUNI,FOUNDATION - HT NAVY
ARCADE,CLABELUNI,FOUNDATION- SLIM HT/BLACK
ARCADE,CLABELUNI,FUTUREWEAVE
ARCADE,CLABELUNI,GEO
ARCADE,CLABELUNI,GEO - HT BLACK
ARCADE,CLABELUNI,GET OUTSIDE
ARCADE,CLABELUNI,GRATEFUL DEAD BERTHA
ARCADE,CLABELUNI,GRATEFUL DEAD BERTHA BEAR
ARCADE,CLABELUNI,GRATEFUL DEAD DANCING BEARS
ARCADE,CLABELUNI,GRATEFUL DEAD STEAL YOUR FACE
ARCADE,CLABELUNI,GRATEFUL DEAD STILL DEAD
ARCADE,CLABELUNI,GRATEFUL DEAD WE ARE EVERY
ARCADE,CLABELUNI,GREAT SMOKY MOUNTAIN
ARCADE,CLABELUNI,HANNAH EDDY CREATE CONN
ARCADE,CLABELUNI,HANNAH EDDY WE ARE CONN
ARCADE,CLABELUNI,HARDWARE
ARCADE,CLABELUNI,HARDWARE SLIM-M/L
ARCADE,CLABELUNI,HARDWARE-ALU
ARCADE,CLABELUNI,HEMINGWAY
ARCADE,CLABELUNI,HIGH FIVES DUCK CAMO CUSTOM
ARCADE,CLABELUNI,IRONWOOD
ARCADE,CLABELUNI,IRONWOOD SLIM
ARCADE,CLABELUNI,JESSUP
ARCADE,CLABELUNI,K'S MIDNIGHTER - BLACK
ARCADE,CLABELUNI,K'S RAMBLER - NAVY/PINE STRE
ARCADE,CLABELUNI,K'S RANGER - BLACK PREHISTOR
ARCADE,CLABELUNI,K'S RANGER - ROSE MULTI FLOR
ARCADE,CLABELUNI,KEYAH
ARCADE,CLABELUNI,KEYAH SLIM
ARCADE,CLABELUNI,LOOKOUT
ARCADE,CLABELUNI,MIDNIGHTER
ARCADE,CLABELUNI,MIDNIGHTER SLIM - BLACK
ARCADE,CLABELUNI,NATIONAL GEOGRAPHIC
ARCADE,CLABELUNI,NATIONAL GEOGRAPHIC TOPO
ARCADE,CLABELUNI,NATIONAL PARKS JOSHUA TREE
ARCADE,CLABELUNI,NATIONAL PARKS YELLOWSTONE
ARCADE,CLABELUNI,NATIONAL PARKS YOSEMITE
ARCADE,CLABELUNI,NATIONAL PARKS ZION
ARCADE,CLABELUNI,NATURE WOLVES
ARCADE,CLABELUNI,OPEN RANGE
ARCADE,CLABELUNI,OUT OF RANGE
ARCADE,CLABELUNI,OUT OF RANGE-SLIM
ARCADE,CLABELUNI,PADRE-BLACK
ARCADE,CLABELUNI,PADRE-BROWN
ARCADE,CLABELUNI,PEAKS CAMO
ARCADE,CLABELUNI,PHANTOM - CAMO/CAMO
ARCADE,CLABELUNI,POLAR
ARCADE,CLABELUNI,PRONTO - BLACK/DK GREEN
ARCADE,CLABELUNI,RAMBLER - AMALFI/WIP
ARCADE,CLABELUNI,RAMBLER - BLACK/GG LOGO
ARCADE,CLABELUNI,RAMBLER - BLACK/WIP
ARCADE,CLABELUNI,RAMBLER JIMMY CHIN
ARCADE,CLABELUNI,RANGER
ARCADE,CLABELUNI,RANGER - BLACK/BLACK
ARCADE,CLABELUNI,RANGER - BLACK/BROWN
ARCADE,CLABELUNI,RANGER - BLACK/GREY
ARCADE,CLABELUNI,RANGER - BLUE/PALMS
ARCADE,CLABELUNI,RANGER - BROWN
ARCADE,CLABELUNI,RANGER - CAMO
ARCADE,CLABELUNI,RANGER - CANTALOUPE/PALMS
ARCADE,CLABELUNI,RANGER - GREY
ARCADE,CLABELUNI,RANGER - HT BLACK/HINTERLAND
ARCADE,CLABELUNI,RANGER - HT GREEN/METAL BROWN
ARCADE,CLABELUNI,RANGER - HT NAVY/HINTERLAND
ARCADE,CLABELUNI,RANGER - IVY GREEN
ARCADE,CLABELUNI,RANGER - IVY GREEN/PEAKS CAMO
ARCADE,CLABELUNI,RANGER - IVY/BLACK/OPEN RANGE
ARCADE,CLABELUNI,RANGER - MEDIUM BROWN
ARCADE,CLABELUNI,RANGER - NAVY
ARCADE,CLABELUNI,RANGER - OLIVE
ARCADE,CLABELUNI,RANGER - PURPLE
ARCADE,CLABELUNI,RANGER SLIM
ARCADE,CLABELUNI,RANGER SLIM - BLACK PALMETTO
ARCADE,CLABELUNI,RANGER SLIM - IVY GREEN
ARCADE,CLABELUNI,RANGER SLIM - NAVY/DR RUG
ARCADE,CLABELUNI,REALM
ARCADE,CLABELUNI,REALM SLIM
ARCADE,CLABELUNI,REALTREE CAMO
ARCADE,CLABELUNI,RIDGE
ARCADE,CLABELUNI,RIDGE SLIM
ARCADE,CLABELUNI,SIERRA
ARCADE,CLABELUNI,SIERRA SLIM
ARCADE,CLABELUNI,SMOKEY BEAR CAMP SLIM
ARCADE,CLABELUNI,SMOKEY BEAR GEO CAMP
ARCADE,CLABELUNI,SMOKEY BEAR ICON
ARCADE,CLABELUNI,SMOKEY BEAR ONLY YOU
ARCADE,CLABELUNI,SMOKEY BEAR PREVENT
ARCADE,CLABELUNI,SMOKEY BEAR WOODBLOCK
ARCADE,CLABELUNI,SPLATTER
ARCADE,CLABELUNI,SPLICE
ARCADE,CLABELUNI,SPLICE SLIM
ARCADE,CLABELUNI,TERROFLAGE
ARCADE,CLABELUNI,TIMBER - GREEN/GREY
ARCADE,CLABELUNI,TOPO JIMMY CHIN
ARCADE,CLABELUNI,TREECLOPS
ARCADE,CLABELUNI,TREECLOPS SLIM
ARCADE,CLABELUNI,TREEPLE
ARCADE,CLABELUNI,TWILIGHT
ARCADE,CLABELUNI,TWILIGHT SLIM
ARCADE,CLABELUNI,VAPOR
ARCADE,CLABELUNI,VAPOR - BLACK
ARCADE,CLABELUNI,VAPOR - GREY
ARCADE,CLABELUNI,VAPOR - NAVY
ARCADE,CLABELUNI,VISION - BLACK/3TREES
ARCADE,CLABELUNI,VISION - BROWN/3TREES
ARCADE,CLABELUNI,VISION - DARK BROWN
ARCADE,CLABELUNI,VISTA
ARCADE,CLABELUNI,WAVE
ARCADE,CLABELUNI,WAVE SLIM
ARCADE,CLABELUNI,WILD RAG SLIM
ARCADE,CLABELUNI,WOODY
ARCADE,CLABELUNI,YELLOWSTONE
ARCADE,CLABELUNI,YOSEMITE
ARCTX,ACS,CONVEYOR BELT
ARCTX,CLAGLVUNI,RHO GLOVE
ARCTX,CLAGLVUNI,VENTA GLOVE
ARCTX,CLAHATWNT,BIRD HEAD TOQUE
ARCTX,CLAHATWNT,COLOR BLOCK TOQUE
ARCTX,CLAHATWNT,FISHERMAN BEANIE
ARCTX,CLAHATWNT,GROTTO TOQUE
ARCTX,CLAHATWNT,RHO TOQUE
ARCTX,CLAHATWNT,SATORO MERINO TOQUE
ARCTX,CLAHATWNT,WORD TOQUE
ARCTX,CLAHB,RHO HEADBAND
ARCTX,CLOBLTMEN,M'S CORMAC HOODY
ARCTX,CLOHDYMEN,M'S ATOM HDY
ARCTX,CLOHDYMEN,M'S ATOM SL HOODY M
ARCTX,CLOHDYMEN,M'S CORMAC HOODY M
ARCTX,CLOHDYMEN,M'S KYANITE HDY
ARCTX,CLOHDYMEN,M'S SQUAMISH HOODY M
ARCTX,CLOHDYWMN,W'S ATOM HDY
ARCTX,CLOHDYWMN,W'S ATOM SL HOODY W
ARCTX,CLOHDYWMN,W'S KYANITE HDY
ARCTX,CLOHDYWMN,W'S KYANITE LT HOODY
ARCTX,CLOHDYWMN,W'S SQUAMISH HOODY
ARCTX,CLOJKTMEN,M'S ADAHY HOODY
ARCTX,CLOJKTMEN,M'S ARENITE HOODY
ARCTX,CLOJKTMEN,M'S ATOM HOODY
ARCTX,CLOJKTMEN,M'S ATOM JKT
ARCTX,CLOJKTMEN,M'S ATOM LT HOODY
ARCTX,CLOJKTMEN,M'S ATOM LT VEST
ARCTX,CLOJKTMEN,M'S ATOM SL HOODY
ARCTX,CLOJKTMEN,M'S BETA JACKET
ARCTX,CLOJKTMEN,M'S BETA JACKET M
ARCTX,CLOJKTMEN,M'S BETA LT JACKET
ARCTX,CLOJKTMEN,M'S BETA SL HYBRID JKT
ARCTX,CLOJKTMEN,M'S CERIUM LT HOODY
ARCTX,CLOJKTMEN,M'S COVERT CARDIGAN
ARCTX,CLOJKTMEN,M'S COVERT HOODY
ARCTX,CLOJKTMEN,M'S DELTA JACKET M
ARCTX,CLOJKTMEN,M'S DELTA LT JACKET
ARCTX,CLOJKTMEN,M'S FORTREZ HOODY
ARCTX,CLOJKTMEN,M'S INCENDO HOODY
ARCTX,CLOJKTMEN,M'S PHASIC SUN HOODY
ARCTX,CLOJKTMEN,M'S PROTON LT HOODY
ARCTX,CLOJKTMEN,M'S RHO LT ZIP NECK
ARCTX,CLOJKTMEN,M'S SQUAMISH HOODY
ARCTX,CLOJKTMEN,M'S THORIUM AR HOODY
ARCTX,CLOJKTMEN,M'S THORIUM AR JACKET
ARCTX,CLOJKTMEN,M'S THORIUM HOODY
ARCTX,CLOJKTWMN,W'S ADAHY HOODY
ARCTX,CLOJKTWMN,W'S ATOM HOODY
ARCTX,CLOJKTWMN,W'S ATOM LT HOODY
ARCTX,CLOJKTWMN,W'S ATOM SL HOODY
ARCTX,CLOJKTWMN,W'S ATOM SL JACKET W
ARCTX,CLOJKTWMN,W'S BETA JACKET
ARCTX,CLOJKTWMN,W'S BETA LT JACKET
ARCTX,CLOJKTWMN,W'S CERIUM HOODY
ARCTX,CLOJKTWMN,W'S CERIUM LT JACKET
ARCTX,CLOJKTWMN,W'S COVERT CARDIGAN
ARCTX,CLOJKTWMN,W'S DELTA LT HOODY
ARCTX,CLOJKTWMN,W'S THORIUM AR HOODY
ARCTX,CLOJKTWMN,W'S THORIUM HOODY
ARCTX,CLOLSSMEN,M'S CORMAC ZIP NECK LS
ARCTX,CLOMENPNT,BASTION PANT REGULAR
ARCTX,CLOMENPNT,M'S BERNAL LS SHIRT
ARCTX,CLOMENPNT,M'S CRONIN PANT REGULAR
ARCTX,CLOMENPNT,M'S LEFROY PANT REGULAR
ARCTX,CLOMENPNT,M'S LEVON PANT
ARCTX,CLOMENPNT,M'S PALISADE PANT - REGULAR
ARCTX,CLOMENPNT,M'S PALISADE PANT REGULAR
ARCTX,CLOMENPNT,M'S PEMBERTON PANT REGULAR
ARCTX,CLOMENPNT,M'S RAMPART PANT
ARCTX,CLOMENPNT,M'S SULLIVAN PANT
ARCTX,CLOMENRJ,M'S BETA LT JACKET
ARCTX,CLOMENRJ,M'S BETA SL HYBRID JACKET
ARCTX,CLOMENSHI,M'S ARC'WORD SS T-SHIRT
ARCTX,CLOMENSHI,M'S ARC'WORD T-SHIRT LS
ARCTX,CLOMENSHI,M'S ARC'WORD T-SHIRT SS
ARCTX,CLOMENSHI,M'S ARCHAEOPTERYX LS T-SHIRT
ARCTX,CLOMENSHI,M'S ARCHAEOPTERYX SS
ARCTX,CLOMENSHI,M'S CORMAC CREW LS
ARCTX,CLOMENSHI,M'S CORMAC CREW SS
ARCTX,CLOMENSHI,M'S CORMAC LOGO SS
ARCTX,CLOMENSHI,M'S EMBLEM SS T-SHIRT
ARCTX,CLOMENSHI,M'S EMBLEM T-SHIRT SS
ARCTX,CLOMENSHI,M'S GRYSON LS SHIRT
ARCTX,CLOMENSHI,M'S MOTUS CREW LS
ARCTX,CLOMENSHI,M'S MOTUS SL CREW LS
ARCTX,CLOMENSHI,M'S MOTUS SL CREW S/S
ARCTX,CLOMENSHI,M'S SKELETAL SS
ARCTX,CLOMENSHI,M'S VELOX SS CREW
ARCTX,CLOMENSHT,M'S PERIMETER SHORT
ARCTX,CLOMENSHT,M'S RAMPART LONG
ARCTX,CLOMENSHT,M'S STOWE SHORT
ARCTX,CLOSHOMEN,M'S BASTION LONG
ARCTX,CLOSSTMEN,M'S ARC'WORD SS
ARCTX,CLOSSTMEN,M'S ARCHAEOPTERYX SS CREW
ARCTX,CLOSSTMEN,M'S CRAFT SS CREW
ARCTX,CLOSSTMEN,M'S KRAGG COTTON LITHOGRAPHICA
ARCTX,CLOSSTWMN,W'S SUNNA SPEED BIRD CROP
ARCTX,CLOWMNBL,W'S TAEMA HOODY
ARCTX,CLOWMNPNT,W'S ESSENT HIGH-RISE LEGGING
ARCTX,CLOWMNPNT,W'S PALISADE PANT
ARCTX,CLOWMNPNT,W'S PARAPET PANT REGULAR
ARCTX,CLOWMNPNT,W'S SYLVITE PANT REGULAR
ARCTX,CLOWMNRJ,W'S ALPHA SL JACKET
ARCTX,CLOWMNSHI,W'S ADRENA TANK
ARCTX,CLOWMNSHI,W'S ARC'WORD SS T-SHIRT
ARCTX,CLOWMNSHI,W'S BIG BIRD SS V-NECK
ARCTX,CLOWMNSHI,W'S CAM SS V-NECK
ARCTX,CLOWMNSHI,W'S KADEM TOP L/S
ARCTX,CLOWMNSHI,W'S LANA S/S SHIRT
ARCTX,CLOWMNSHI,W'S MOTUS LS CREW
ARCTX,CLOWMNSHI,W'S QUADRA CREW S/S
ARCTX,CLOWMNSHI,W'S ROBSON SS CREW
ARCTX,CLOWMNSHI,W'S TAEMA CREW S/S
ARCTX,CLOWMNSHI,W'S TAEMA CREW SS
ARCTX,CLOWMNSHI,W'S TOLU TOP SS
ARCTX,HATCAP,5 PANEL LABEL HAT
ARCTX,HATCAP,BIRD CAP
ARCTX,HATCAP,BIRD PATCH CAP
ARCTX,HATCAP,BIRD WORD CAP
ARCTX,HATCAP,CALVUS CAP
ARCTX,HATCAP,CALVUS VISOR
ARCTX,HATCAP,ELAHO CAP
ARCTX,HATCAP,GAMMA 5 PANEL CAP
ARCTX,HATCAP,INCENDO HAT
ARCTX,HATCAP,LOGO TRUCKER FLAT
ARCTX,HATCAP,LOGO TRUCKER HAT ARCTERYX
ARCTX,HATCAP,NORVAN MESH 5 PANEL CAP
ARCTX,HATCAP,SILEX CAP
ARCTX,HATSUN,W'S SINSOLO HAT
ARCTX,PAKACS,MAKA 1 WAISTPACK
ARCTX,PAKACS,MAKA 2 WAISTPACK
ARCTX,PAKCRS,HELIAD CROSSBODY
ARCTX,PAKDAY,INDEX 15 BACKPACK
ARCTX,PAKHIP,MANTIS 1 WAIST PACK
ARCTX,PAKHIP,MANTIS 1 WAISTPACK
ARCTX,PAKHIP,MANTIS 2 WAISTPACK
ARCTX,PAKHIP,MANTIS 26 BACKPACK
ARCTX,PAKHIP,MANTIS 32 BACKPACK
ASG,LITACS,MINI BUG ZAPPER LANTERN
ASG,LITFL,ARC250 PRO BIKE LIGHT
ASG,LITFL,ARC500 RECHARGEBLE BIKE LIGHT
ASG,LITFL,BANDO 1K WORKLIGHT
ASG,LITFL,BIG LARRY 3
ASG,LITFL,BIG POPPY LANTERN
ASG,LITFL,BLUELINE 1800 FLEX
ASG,LITFL,BLUELINE MZ60
ASG,LITFL,CS1 EDGE 90 FLASHLIGHT
ASG,LITFL,CSI EDGE 200 FLASHLIGHT
ASG,LITFL,DAVINCI 3500
ASG,LITFL,DAVINCI 5000
ASG,LITFL,DAVINCI 8000
ASG,LITFL,EDGE 2K
ASG,LITFL,FRANKLIN PIVOT
ASG,LITFL,GLUE CARD REFILL
ASG,LITFL,GRILLA LIGHT 300
ASG,LITFL,INDOOR FLYING INSECT TRAP
ASG,LITFL,INSPECTOR 500+
ASG,LITFL,INSPECTOR RC
ASG,LITFL,LARRY
ASG,LITFL,LARRY TRIO RECHARGEABLE
ASG,LITFL,LASER LITE
ASG,LITFL,LUMO® CLIP LIGHT
ASG,LITFL,LUMO® CLIP LIGHT BLACK
ASG,LITFL,LUMO® CLIP LIGHT BLUE
ASG,LITFL,LUMO® CLIP LIGHT RED
ASG,LITFL,MINI LARRY 500
ASG,LITFL,MYCRO HEADLAMP
ASG,LITFL,MYPAL KEYCHAIN
ASG,LITFL,NANO POCKET LIGHT
ASG,LITFL,POPLITE® LANTERN/FLASHLIGHT
ASG,LITFL,REBEL 600 LUMEN TASK LIGHT
ASG,LITFL,REDLINE 6K
ASG,LITFL,REDLINE BLAST RC
ASG,LITFL,REDLINE MICRO OC
ASG,LITFL,REDLINE SE 250 CLAMSHELL
ASG,LITFL,REDLINE TORCHY RC BLACK
ASG,LITFL,REDLINE V 500 LUMEN BLACK
ASG,LITFL,REDLINE V 500 LUMEN- GRAY
ASG,LITFL,REDLINE X
ASG,LITFL,REDLINEX RECHARGEABLE
ASG,LITFL,REDLINE® BIG DADDY 2000LUMEN
ASG,LITFL,REDLINE® OC
ASG,LITFL,SLIM MINI RECHARGE
ASG,LITFL,SLIM MINI UV
ASG,LITFL,SLIM+ 1200
ASG,LITFL,SLYDE KING 1K
ASG,LITFL,SLYDE KING 2K
ASG,LITFL,SLYDE KING 4K
ASG,LITFL,SLYDE KING 4K-WL AND FL
ASG,LITFL,TORCHY 2K
ASG,LITFL,TORCHY UV FLASHLIGHT
ASG,LITFL,TRANSPORT 400
ASG,TOLACS,BALL BEARING FLIPPER KNIFE
ASG,TOLACS,CLIPSTER MONEY/BELT CLIP
ASG,TOLACS,COLUMBO KEYCHAIN 100 L
ASG,TOLACS,DIY TOOL BUNDLE
ASG,TOLACS,FIXR® 20 TOOLS IN 1
ASG,TOLACS,FOLDING LOCK-BLACK UTILITY KNI
ASG,TOLACS,MODERN KEYCHAIN KNIFE
ASG,TOLACS,MODERN KEYCHAIN KNIFE - ORANGE
ASG,TOLACS,MODERN KEYCHAIN KNIFE - SS
ASG,TOLACS,NAIL CLIP KIT
ASG,TOLACS,PEN & KNIFE COMBO
ASG,TOLACS,PLASMA LIGHTER XRL
ASG,TOLACS,REPLACEABLE BLADE KNIFE
ASG,TOLACS,SEVEN MULTI-TOOL
ASG,TOLACS,SKELETONKNIFE
ASG,TOLACS,SMART POCKET KNIFE
ASG,TOLACS,SMARTKNIFE+™ MULTI-TOOL POCKET
ASG,TOLACS,TACTICAL EDC KNIFE
ASG,TOLACS,THE HANDYONE
ASG,TOLACS,TITANIUM MULTI TOOL
ASG,TOLACS,TRUEBLADE™ LW EVERYDAY CARRY
ASG,TOLACS,TURBOJET® WINDPROOF FLAME
ASG,TOLACS,TWEEZER TOOL 2.0
ASG,TOLKNF,STANDARD ISSUE KIT
ASG,TOLKNF,"SWIFT EDGE 3.5"""
ASTRAL,CLABELUNI,QUICK RELEASE BELT
ASTRAL,FWMENHIK,M'S FILIPE
ASTRAL,FWWMNHIK,W'S ROSA
ASTRAL,PETHAR,BIRD DOG - BLUE
ASTRAL,PETHAR,BIRD DOG - HOUND GREY
ASTRAL,PETPFD,BIRDDOG
ASTRAL,RVRPFD,ASTRAL BLUE JACKET
ASTRAL,RVRPFD,ASTRAL BLUE JACKET PINE GRN
ASTRAL,RVRPFD,ASTRAL BLUE JACKET RED
ASTRAL,RVRPFD,ASTRAL GREEN JACKET
ASTRAL,RVRPFD,ASTRAL LAYLA
ASTRAL,RVRPFD,ASTRAL LAYLA GLACIER BLUE
ASTRAL,RVRPFD,ASTRAL NORGE BLACK
ASTRAL,RVRPFD,ASTRAL NORGE ORANGE
ASTRAL,RVRPFD,ASTRAL RINGO BASALT BLK
ASTRAL,RVRPFD,ASTRAL YTV
ASTRAL,RVRPFD,ASTRAL YTV EGGPLANT
ASTRAL,RVRPFD,ASTRAL YTV HOT CORAL
ASTRAL,RVRPFD,EV-EIGHT L/XL
ASTRAL,RVRPFD,EV-EIGHT M/L
ASTRAL,RVRPFD,EV-EIGHT S/M
ASTRAL,RVRPFD,GREENJACKET
ASTRAL,RVRPFD,LAYLA
ASTRAL,RVRPFD,LONNIE
ASTRAL,RVRPFD,OTTER YOUTH BLUE
ASTRAL,RVRPFD,OTTER YOUTH EGGPLANT
ASTRAL,RVRPFD,OTTER YOUTH RED
ASTRAL,RVRPFD,YTV 2.0
AZRV,RVCRV,E-Z FOLDZ STEP STOOL
BAREAT,FODBAR,OATMEAL RAISIN
BAREB,KITCW,CAST IRON GRIDDLE
BAREB,KITCW,CHIMNEY GRILL STARTER
BAREB,KITCW,COWBOY GRILL CHARCOAL TRAY
BAREB,KITTW,ENAMEL BOWL SET - SLATE GRAY
BAREB,KITTW,ENAMEL CUP SET - SLATE GRAY
BAREB,KITTW,ENAMEL DEEP PLATE SET - SLATE
BAREB,LITLAN,BEACON LANTERN - ANTIQUE BRONZ
BAREB,LITLAN,BEACON LANTERN - COPPER
BAREB,LITLAN,BEACON LANTERN - RED
BAREB,LITLAN,FOREST LANTERN - ANTIQUE BRONZ
BAREB,LITLAN,MINI EDISON LANTERN - BRONZE
BAREB,LITLAN,MINI EDISON LANTERN - COPPER
BAREB,TOLAXE,PULASKI AXE
BAREB,TOLMSC,HORI-HORI
BAREBO,FODPOW,BEEF BROTH
BAREBO,FODPOW,CHICKEN BROTH
BAREBO,FODPOW,LEMON GINGER BROTH
BAREBO,FODPOW,RAMEN BROTH
BATTRY,ELTBAT,ENERGIZER MAX E91 AA 4PK
BC,SLK,5MM SAMSON TENEX TAGLINE
BC,SLKHW,4MM HMPE CURTAIN ROD
BC,SLKHW,5MM SOFT SHACKLE - 10 CM
BC,SLKHW,5MM SOFT SHACKLE - 20 CM
BC,SLKHW,"7/16"" 316 SS DEE SHACKLE"
BC,SLKHW,AERO MKII - BY FT
BC,SLKHW,ALPINE WEBLOCK 6.1
BC,SLKHW,ALUMINUM LEASH RING
BC,SLKHW,ALUMINUM LINE LOCKER RING
BC,SLKHW,AMSTEEL BLUE - COATED SILVER
BC,SLKHW,BC CARABINER
BC,SLKHW,BC ROLLER 2 - STAGE TWIST
BC,SLKHW,BC SHACKLE SS
BC,SLKHW,BC SHACLE SS
BC,SLKHW,BC SNATCH 2.2 GRIP
BC,SLKHW,BIGLOOP RING
BC,SLKHW,"CUSTOM 7/16"" AS W/S-PIN"
BC,SLKHW,FEATHER PRO LW SLACKLINE
BC,SLKHW,FRONT PIN
BC,SLKHW,LARGE STEEL RING
BC,SLKHW,LIFT 2BE - 50 M
BC,SLKHW,LIFT 2BE - 60 M
BC,SLKHW,LINEGRIP G5 W/ REPL PADS
BC,SLKHW,MEDIUM STEEL RING
BC,SLKHW,MIGHTY LOCK
BC,SLKHW,"NFPA LARGE RIGGING PLATE, RED"
BC,SLKHW,"QL OVAL GAL 12MM 1/2"""
BC,SLKHW,RIGGING RING
BC,SLKHW,SIDEWINDER VELCRO LINE SLEEVE
BC,SLKHW,SOFT SHACKLE - 4 MM
BC,SLKHW,SOFT SHACKLE - 5 MM
BC,SLKHW,SOFT SHACKLE - 6 MM
BC,SLKHW,SPANSET - 10 FT
BC,SLKHW,SPANSET - 12 FT
BC,SLKHW,SPANSET - 16 FT
BC,SLKHW,SPANSET - 20 FT
BC,SLKHW,TREE HUGGER CLASSIC
BC,SLKHW,TREEHUGGER CLASSIC
BC,SLKHW,TWIST SHACKLE - 11 MM
BC,SLKHW,TWIST SHACKLE - 8 MM
BC,SLKHW,TYPE 18 MKII - 50 M
BC,SLKHW,"VB 1/2"" SCREW PIN A-S"
BC,SLKHW,"VB 5/8"" BOLT TYPE A-S"
BC,SLKHW,"VB 7/16"" SCREW PIN A-S"
BC,SLKHW,WAFER 2.0
BC,SLKHW,WAFER MICRO WEBBING GRIP
BC,SLKHW,WAFER XL
BC,SLKHW,WEB SPIDER SILK MK5
BC,SLKHW,X 4MM HMPE CURTAIN ROD
BC,SLKKIT,STARTER SLACKLINE KIT
BC,SLKKIT,THREADED HIGHLINE LEASH KIT
BC,SLKWEB,ADJ. ANCHOR WEBBING
BC,SLKWEB,AERO 2 WEBBING
BC,SLKWEB,ALPINE WEBLOCK 4.0
BC,SLKWEB,FETHR PRO WEB-60 M
BC,SLKWEB,LIFT WEBBING
BC,SLKWEB,PRIM50 SLACKLINE KIT
BC,SLKWEB,SLACKLINE WEB - 50 M
BC,SLKWEB,SLACKLINE WEB - 60 M
BC,SLKWEB,SOFT RELEASE WEB
BC,SLKWEB,SPANSET-10 FT
BC,SLKWEB,SPANSET-8 FT
BC,SLKWEB,STRONG RELEASE WEB
BC,SLKWEB,TUBLAR WEBBING SLEEVE
BCHATS,HATSUN,ORGANIC COTTON SAFARI W/CORD
BCHATS,HATSUN,RIPSTOP BOATER W/OUTDOOR DESIG
BCHATS,HATSUN,SUPPLEX WATER REPELLENT
BD,CLAGLVMEN,GLISSADE GLOVES
BD,CLAGLVMEN,PATROL GLOVES
BD,CLAGLVMEN,SOLOIST GLOVES
BD,CLAGLVMEN,STONE GLOVES - NATURAL
BD,CLAGLVMEN,TRAIL GLOVES
BD,CLAGLVMEN,TRANSITION GLOVE
BD,CLAGLVUNI,EVERYDAY FLEECE GLOVES
BD,CLAGLVUNI,HW SCREENTAP GLOVES
BD,CLAGLVUNI,HW SCREENTAP LINERS
BD,CLAGLVUNI,LW SCREENTAP GLOVES
BD,CLAGLVUNI,MW SCREENTAP GLOVES
BD,CLAGLVUNI,MW WNDBLOC FLEECE GLOVES
BD,CLAGLVUNI,SUPER HW SCREENTAP GLOVES
BD,CLAGLVUNI,TREKKER GLOVES
BD,CLAHATWNT,BADGE BEANIE
BD,CLAHATWNT,BD GEAR BEANIE
BD,CLAHATWNT,BD REVERSIBLE BEANIE
BD,CLAHATWNT,CABLE CUFF POM BEANIE
BD,CLAHATWNT,CUFFED BEANIE
BD,CLAHATWNT,DOUBLE WAFFLE BEANIE
BD,CLAHATWNT,GEAR BEANIE
BD,CLAHATWNT,LEVELS BEANIE
BD,CLAHATWNT,LIGHT KNIT LINE BEANIE
BD,CLAHATWNT,NORDIC FLEECE BEANIE
BD,CLAHATWNT,REPEAT BEANIE
BD,CLAHATWNT,STOKE TOQUE BEANIE
BD,CLAHATWNT,WOOL TRUCKER HAT
BD,CLAHB,FLEECE HEADBAND
BD,CLIAID,BOSUNS CHAIR
BD,CLIAIDASN,INDEX ASCENDER
BD,CLIAIDDAS,12 MM DYNEX DAISY CHAIN 140 CM
BD,CLIAIDDAS,12MM DYNEX DAISY CHAIN 115CM
BD,CLIAIDDAS,18 MM NYLON DAISY CHAIN 140 CM
BD,CLIAIDDAS,18MM DAISY CHAIN 115 CM
BD,CLIAIDDAS,18MM NYLON DAISY CHAIN 115CM
BD,CLIAIDDAS,18MM NYLON DAISY CHAIN 140 CM
BD,CLIAIDDAS,18MM NYLON DAISY CHAIN 140CM
BD,CLIAIDDAS,X 12MM DYNEX DAISY CHAIN 140CM
BD,CLIAIDHOK,CLIFFHANGER HOOK
BD,CLIAIDHOK,FIFI HOOK
BD,CLIAIDHOK,GRAPPLING HOOK
BD,CLIAIDHOK,TALON HOOK
BD,CLIAIDHW,ANGLE #1 .5 IN WEDGE
BD,CLIAIDHW,ANGLE #2 .625 IN WEDGE
BD,CLIAIDHW,ANGLE #4 1 IN
BD,CLIAIDHW,ANGLE #5 1.25 IN
BD,CLIAIDHW,ANGLE #6 1.5 IN
BD,CLIAIDHW,BUGABOO 3-SHORT THIN
BD,CLIAIDHW,BUGABOO 5-SHORT MED
BD,CLIAIDHW,BUGABOO 6-LONG MED
BD,CLIAIDHW,KNIFEBLADE 1 STANDARD
BD,CLIAIDHW,KNIFEBLADE 2 THICK
BD,CLIAIDHW,LOST ARROW PITON
BD,CLIAIDHW,PECKER 1
BD,CLIAIDHW,PECKER 2
BD,CLIAIDHW,PECKER 3
BD,CLIAIDHW,RURP
BD,CLIAIDSWL,ROTOR
BD,CLIATCHAM,YOSEMITE HAMMER
BD,CLIBAG,ROPE BUCKET
BD,CLIBAG,STUBBY HAUL BAG
BD,CLIBAG,SUPER CHUTE ROPE BAG
BD,CLIBAG,TOUCHSTONE HAUL BAG
BD,CLIBAG,ZION HAUL BAG
BD,CLIBAGCHK,CREEK CHALK BAG
BD,CLIBAGCHK,CREEK CHALK BAG - BLACK
BD,CLIBAGCHK,FREERIDER CHALK  BAG - VERDE
BD,CLIBAGCHK,GYM CHALK BAG
BD,CLIBAGCHK,K'S MOJO CHALK BAG
BD,CLIBAGCHK,MOJO CHALK BAG
BD,CLIBAGCHK,MOJO ZIP CHALK BAG
BD,CLIBAGCHK,MONDITO CHALK POT
BD,CLIBAGCHK,REPO CHALK BAG
BD,CLIBAGCHK,Y'S MOJO CHALK BAG
BD,CLIBELAS,ATC PILOT
BD,CLIBELNAS,ATC
BD,CLIBELNAS,ATC-ALPINE GUIDE
BD,CLIBELNAS,ATC-GUIDE
BD,CLIBELNAS,ATC-XP
BD,CLIBELNAS,BIG AIR XP
BD,CLIBELNAS,SUPER 8
BD,CLICAMOFS,CAMALOT Z4 OFFSET .1-.2
BD,CLICAMOFS,CAMALOT Z4 OFFSET .2-.3
BD,CLICAMOFS,CAMALOT Z4 OFFSET .3-.4
BD,CLICAMOFS,CAMALOT Z4 OFFSET .4-.5
BD,CLICAMOFS,CAMALOT Z4 OFFSET .5-.75
BD,CLICAMSTD,CAMALOT C4 #.3
BD,CLICAMSTD,CAMALOT C4 #.4
BD,CLICAMSTD,CAMALOT C4 #.5
BD,CLICAMSTD,CAMALOT C4 #.75
BD,CLICAMSTD,CAMALOT C4 #1
BD,CLICAMSTD,CAMALOT C4 #2
BD,CLICAMSTD,CAMALOT C4 #3
BD,CLICAMSTD,CAMALOT C4 #4
BD,CLICAMSTD,CAMALOT C4 #5
BD,CLICAMSTD,CAMALOT C4 #6
BD,CLICAMSTD,CAMALOT C4 #7
BD,CLICAMSTD,CAMALOT C4 #8
BD,CLICAMSTD,CAMALOT UL #.4
BD,CLICAMSTD,CAMALOT UL #.5
BD,CLICAMSTD,CAMALOT UL #.75
BD,CLICAMSTD,CAMALOT UL #1
BD,CLICAMSTD,CAMALOT UL #2
BD,CLICAMSTD,CAMALOT UL #3
BD,CLICAMSTD,CAMALOT UL #4
BD,CLICAMSTD,CAMALOT Z4 #.1
BD,CLICAMSTD,CAMALOT Z4 #.2
BD,CLICAMSTD,CAMALOT Z4 #.3
BD,CLICAMSTD,CAMALOT Z4 #.4
BD,CLICAMSTD,CAMALOT Z4 #.5
BD,CLICAMSTD,CAMALOT Z4 #.75
BD,CLICAMSTD,CAMALOT Z4 #0
BD,CLICARLK,GRIDLOCK SCREWGATE CBINER
BD,CLICARLK,HOTFORGE SCREWGATE
BD,CLICARLK,HOTFORGE SCREWGATE 3PACK
BD,CLICARLK,LITEFORGE SCREWGATE
BD,CLICARLK,LITEFORGE SCREWGATE 3PK - GRAY
BD,CLICARLK,OVAL KEYLOCK SCREWGATE BLACK
BD,CLICARLK,OVAL KEYLOCK SG CARABINER
BD,CLICARLK,PEARLOCK SCREWGATE
BD,CLICARLK,ROCKLOCK SCREWGATE
BD,CLICARLK,ROCKLOCK TRIPLE LOCK CARABINER
BD,CLICARLK,ROCKLOCK TWISTLOCK CARABINER
BD,CLICARLK,VAPOR LOCK SG CBINER
BD,CLICARNLK,HOTFORGE BENT GATE CARABINER
BD,CLICARNLK,HOTFORGE STRAIGHT
BD,CLICARNLK,HOTWIRE CARABINER
BD,CLICARNLK,LITEWIRE CARABINER
BD,CLICARNLK,LITEWIRE RACKPACK
BD,CLICARNLK,LRG JIVEWIRE
BD,CLICARNLK,LRG MICRON
BD,CLICARNLK,MINIWIRE CARABINER
BD,CLICARNLK,MINIWIRE RACKPACK
BD,CLICARNLK,OVAL KEYLOCK CARABINER
BD,CLICARNLK,OVAL KEYLOCK CARABINER 3-PACK
BD,CLICARNLK,OVAL KEYLOCK CARABINER 3PACK
BD,CLICARNLK,OZ CARABINER
BD,CLICARNLK,OZ RACKPACK
BD,CLICARNLK,SM JIVEWIRE
BD,CLICARNLK,SM MICRON
BD,CLICARQD,HOTFORGE HYBRID QUICKDRAW 12CM
BD,CLICARQD,HOTFORGE HYBRID QUICKDRAW 16 C
BD,CLICARQD,HOTFORGE HYBRID QUICKDRAW 16CM
BD,CLICARQD,HOTFORGE HYBRID QUICKPACK 12CM
BD,CLICARQD,HOTFORGE QUICKDRAW 12CM
BD,CLICARQD,HOTFORGE QUICKDRAW 16 CM
BD,CLICARQD,HOTFORGE QUICKDRAW 16CM
BD,CLICARQD,HOTFORGE QUICKPACK 12CM
BD,CLICARQD,HOTWIRE QUICKDRAW 12 CM
BD,CLICARQD,HOTWIRE QUICKDRAW 12CM
BD,CLICARQD,HOTWIRE QUICKDRAW 16 CM
BD,CLICARQD,HOTWIRE QUICKDRAW 16CM
BD,CLICARQD,HOTWIRE QUICKPACK 12 CM
BD,CLICARQD,HOTWIRE QUICKPACK 12CM
BD,CLICARQD,LITEWIRE QUICKDRAW 12 CM
BD,CLICARQD,LITEWIRE QUICKDRAW 12CM
BD,CLICARQD,LITEWIRE QUICKPACK 12CM
BD,CLICARQD,MINIWIRE ALPINE QD 3 PACK
BD,CLICARQD,MINIWIRE ALPINE QUICKDRAW
BD,CLICARQD,MINIWIRE QUICKDRAW 12CM
BD,CLICARQD,MINIWIRE QUICKPACK 12CM
BD,CLICHK,100 G ECO GOLD LOOSE CHALK
BD,CLICHK,100 G LOOSE CHALK
BD,CLICHK,100 G LOOSE CHALK - BLACK GOLD
BD,CLICHK,200 G ECO GOLD LOOSE CHALK
BD,CLICHK,200 G LOOSE CHALK
BD,CLICHK,200G BLACK GOLD LOOSE CHALK
BD,CLICHK,30 G LOOSE CHALK - BLACK GOLD
BD,CLICHK,300 G ECO GOLD LOOSE CHALK
BD,CLICHK,300 G LOOSE  CHALK
BD,CLICHK,BLACK GOLD LOOSE CHALK 300 G
BD,CLICHK,ECO GOLD LIQUID CHALK
BD,CLICHK,LIQUID WHITE GOLD CHALK 150ML
BD,CLICHK,NON-REFILLABLE CHALK SHOT
BD,CLICHK,REFILLABLE CHALK SHOT
BD,CLICHKBSH,BD BOULDERING BRUSH MED
BD,CLICHKBSH,BD BOULDERING BRUSH SMALL
BD,CLICHKBSH,STICK BRUSH
BD,CLIESS,PURE GOLD LOOSE CHALK 10 G
BD,CLIGLVBEL,CRAG GLOVES
BD,CLIGLVBEL,CRAG GLOVES NEW
BD,CLIGLVBEL,CRAG HALF-FINGER GLOVES
BD,CLIGLVBEL,W'S CRAG GLOVES
BD,CLIGLVBEL,W'S CRAG GLOVES NEW
BD,CLIGLVBEL,W'S CRAG HALF-FINGER GLOVES
BD,CLIGLVCRK,CRACK GLOVES
BD,CLIHELUNI,CAPITAN HELMET
BD,CLIHELUNI,HALF DOME HELMET
BD,CLIHELUNI,VAPOR HELMET
BD,CLIHELUNI,VECTOR HELMET
BD,CLIHELUNI,VISION HELMET
BD,CLIHELWMN,W'S HALF DOME HELMET
BD,CLIHELWMN,W'S VECTOR HELMET
BD,CLIHELYTH,K CAPITAN HELMET
BD,CLIHELYTH,K'S TRACER HELMET
BD,CLIHELYTH,Y'S MIPS CAPITAN HELMET
BD,CLIHNSMEN,M SOLUTION HARN HONNOLD EDTN
BD,CLIHNSMEN,M'S MOMENTUM HARNESS
BD,CLIHNSMEN,M'S MOMENTUM HARNESS PACKAGE
BD,CLIHNSMEN,M'S MOMENTUM PACKAGE
BD,CLIHNSMEN,M'S SOLUTION GUIDE HARNESS
BD,CLIHNSMEN,M'S SOLUTION HARNESS
BD,CLIHNSUNI,LONG HAUL
BD,CLIHNSUNI,LONG HAUL HARNESS
BD,CLIHNSWMN,W'S MOMENTUM HARNESS
BD,CLIHNSWMN,W'S MOMENTUM HARNESS PACKAGE
BD,CLIHNSWMN,W'S MOMENTUM PACKAGE
BD,CLIHNSWMN,W'S SOLUTION GUIDE HARNESS
BD,CLIHNSWMN,W'S SOLUTION HARNESS
BD,CLIHNSYTH,K'S FB MOMENTUM HARNESS
BD,CLIHNSYTH,K'S MOMENTUM HARNESS
BD,CLIMSC,CAMALOT TRIGGER KIT C4 #4
BD,CLIMSC,CAMALOT TRIGGER KIT C4 #5
BD,CLIMSC,CAMALOT TRIGGER KIT C4 #6
BD,CLIMSC,CAMALOT TRIGGER KIT C4 .4
BD,CLIMSC,CAMALOT TRIGGER KIT C4 .5
BD,CLIMSC,CAMALOT TRIGGER KIT C4 .75
BD,CLIMSC,CAMALOT UL .4 TRIGGER KIT
BD,CLIMSC,ROPE MARKER
BD,CLINUT,OFFSET STOPPER SET #7-11
BD,CLINUT,STOPPER 6
BD,CLINUT,STOPPER SET 4-13
BD,CLINUT,STOPPER SET CLASSIC 5-11
BD,CLINUT,STOPPER SET PRO 1-13
BD,CLINUTTOL,NUT TOOL
BD,CLINUTTOL,WIREGATE NUT TOOL
BD,CLIPAD,CIRCUIT CRASH PAD
BD,CLIPAD,CIRCUIT Z CRASH PAD
BD,CLIPAD,DROP ZONE CRASH PAD - S21
BD,CLIPAD,IMPACT CRASH PAD S19
BD,CLIPAD,MONDO CRASH PAD
BD,CLISFTPAS,LINK PERSONAL ANCHOR
BD,CLISFTROP,10.0 ROPE - 65M STATIC
BD,CLISFTROP,6.0 ROPE 65M STATIC
BD,CLISFTROP,8.5 ROPE - 70M DRY
BD,CLISFTROP,8.9 ROPE 60M DRY
BD,CLISFTROP,8.9 ROPE 70M DRY
BD,CLISFTROP,8.9 ROPE 80M DRY
BD,CLISFTROP,9.0 ROPE 65M STATIC
BD,CLISFTROP,9.2 DRY ROPE BABSI EDITION
BD,CLISFTROP,9.2 ROPE 60M
BD,CLISFTROP,9.2 ROPE 70M
BD,CLISFTROP,9.2 ROPE 80M
BD,CLISFTROP,9.4 ROPE 60M
BD,CLISFTROP,9.4 ROPE 60M DRY
BD,CLISFTROP,9.4 ROPE 70M
BD,CLISFTROP,9.4 ROPE 80M
BD,CLISFTROP,9.4 ROPE DRY 70M
BD,CLISFTROP,9.6 DRY BIPATTERN ROPE
BD,CLISFTROP,9.6 ROPE 60M
BD,CLISFTROP,9.6 ROPE 70M
BD,CLISFTROP,9.6 ROPE 80M
BD,CLISFTROP,9.9 ROPE
BD,CLISFTROP,9.9 ROPE 70M
BD,CLISFTSLG,10MM DYNEX DOGBONE 16CM
BD,CLISFTSLG,10MM DYNEX RUNNER 120CM
BD,CLISFTSLG,10MM DYNEX RUNNER 180CM
BD,CLISFTSLG,10MM DYNEX RUNNER 240CM
BD,CLISFTSLG,10MM DYNEX RUNNER 30CM
BD,CLISFTSLG,10MM DYNEX RUNNER 60CM
BD,CLISFTSLG,12 CM STANDARD DOGBONE 6 PACK
BD,CLISFTSLG,12MM DIAMOND DOGBONE 12CM
BD,CLISFTSLG,12MM DYNEX DOGBONE 12CM
BD,CLISFTSLG,12MM DYNEX DOGBONE 12CM 3PACK
BD,CLISFTSLG,12MM DYNEX DOGBONE 16CM 3PACK
BD,CLISFTSLG,14MM DYNEX RUNNER 120CM
BD,CLISFTSLG,14MM DYNEX RUNNER 60CM
BD,CLISFTSLG,16CM STANDARD DOGBONE 6 PACK
BD,CLISFTSLG,18MM NYLON RUNNER 120CM
BD,CLISFTSLG,18MM NYLON RUNNER 180CM
BD,CLISFTSLG,18MM NYLON RUNNER 240 CM
BD,CLISFTSLG,18MM NYLON RUNNER 240CM
BD,CLISFTSLG,18MM NYLON RUNNER 30CM
BD,CLISFTSLG,18MM NYLON RUNNER 60CM
BD,CLISFTSLG,DIAMOND DOGBONE 12CM
BD,CLISFTSLG,DIAMOND DOGBONE 16CM
BD,CLISFTSLG,DIAMOND DOGBONE 16CM 3 PACK
BD,CLISFTSLG,OZ RUNNER SET 60CM
BD,CLITAP,CLIMBING TAPE FULL
BD,CLITRN,FOREARM TRAINER
BD,CLOFLAMEN,M'S PROJECT FLANNEL
BD,CLOFLAWMN,W'S PROJECT FLANNEL
BD,CLOHDYMEN,M'S ALPENGLOW HOODY
BD,CLOHDYMEN,M'S ALPINE START HOODY
BD,CLOHDYMEN,M'S CRAG HOODY
BD,CLOHDYMEN,M'S ENGR DMND PULLOVR HDY
BD,CLOHDYMEN,M'S FST LGHT 1.0 STRETCH HDY
BD,CLOHDYWMN,W'S ALPENGLOW HOODY
BD,CLOHDYWMN,W'S ALPENGLOW PRO HOODY
BD,CLOHDYWMN,W'S ALPINE START HOODY
BD,CLOHDYWMN,W'S FIRST LIGHT 1.0 STRETCH HO
BD,CLOHDYWMN,W'S MINI STACKED PULLOVER HOOD
BD,CLOJKTMEN,APPROACH DOWN HOODY
BD,CLOJKTMEN,M'S RIFT FZ FLEECE JKT
BD,CLOJKTWMN,W'S RIFT FULL-ZIP FLEECE JACKE
BD,CLOLEGWMN,W'S SESSIONS TIGHTS
BD,CLOLSTWMN,W'S LIGHTWIRE TECH LS TEE
BD,CLOLSWUNI,GRIDLOCK SCREWGATE CARABINER
BD,CLOMENSHI,M'S ALPENGLOW LS CREW
BD,CLOPNTMEN,M'S DIRTBAG PANTS
BD,CLOPNTMEN,M'S NOTION PANTS
BD,CLOPNTMEN,M'S PURSUIT HYBRID PANTS
BD,CLOPNTMEN,M'S ROCKLOCK PANTS
BD,CLOPNTMEN,M'S TECHNICIAN ALPINE PANTS
BD,CLOPNTWMN,W'S DIRTBAG PANTS
BD,CLOPNTWMN,W'S NOTION SP PANTS
BD,CLOPNTWMN,W'S PURSUIT HYBRID PANTS
BD,CLOPNTWMN,W'S TECHNICIAN ALPINE PANTS
BD,CLOPNTWMN,W'S TECHNICIAN JOGGER PANTS
BD,CLORNJMEN,M'S STORMLINE RAIN SHELL
BD,CLORNJMEN,M'S TREELINE RAIN SHELL
BD,CLORNJWMN,W'S STORMLINE RAIN SHELL
BD,CLORNJWMN,W'S TREELINE RAIN SHELL
BD,CLOSHOMEN,M'S SIERRA SHORTS
BD,CLOSHOMEN,M'S VALLEY SHORTS
BD,CLOSHOWMN,W'S SIERRA LT SHORTS
BD,CLOSHOWMN,W'S SIERRA SHORTS
BD,CLOSSTMEN,M'S LIGHTWIRE SS TECH TEE
BD,CLOSSTWMN,W'S BD STRIPE CROP SHORT SLEEV
BD,CLOSSTWMN,W'S FADED CROP SHORT SLEEVE TE
BD,CLOSSTWMN,W'S LIGHTWIRE SS TECH TEE
BD,CLOSSTWMN,W'S SCENIC ROUTE SHORT SLEEVE
BD,CLOTNKWMN,W'S SPLITTER TANK
BD,CLOVSTMEN,M'S FST LGHT 1.0 STRETCH VEST
BD,CLOVSTWMN,W'S SOLUTION 2.0 VEST
BD,DW ALCFSK,DISTANCE FLASK 500 ML
BD,ELTBAT,BD AAA RECHRGBLE BATT 4 PK
BD,ELTBAT,NRG2 RECHARGEABLE BTRY KIT
BD,ELTBATSU,6-VOLT BATTERY
BD,FW ACSGTR,CIRQUE GAITERS
BD,FW ACSGTR,DISTNACE GAITER
BD,FW ACSGTR,FRONTPROINT GAITER
BD,FW APRMEN,M'S MISSION LT
BD,FW APRWMN,W'S MISSION LT
BD,HATCAP,5-PANEL SYNTHETIC CAP
BD,HATCAP,BASIN CAP
BD,HATCAP,BD BRUSHED CAP
BD,HATCAP,BD CAP ORGANIC
BD,HATCAP,BD HIDEAWAY TRUCKER HAT
BD,HATCAP,BD LIGHTWEIGHT TRUCKER
BD,HATCAP,BD LOW PROFILE TRUCKER HAT
BD,HATCAP,BD LT TRUCKER
BD,HATCAP,BD TRUCKER
BD,HATCAP,BD TRUCKER HAT
BD,HATCAP,BD WASHED CAP
BD,HATCAP,BRUSHED CAP
BD,HATCAP,CAMPER CAP
BD,HATCAP,CONTRACT CAP
BD,HATCAP,DASH CAP
BD,HATCAP,FLAT BILL TRUCKER HAT
BD,HATCAP,LONGSHOREMANS BEANIE
BD,HATCAP,M BD HERITAGE CAP
BD,HATCAP,M HERITAGE CAP
BD,HATCAP,MANTEL CAP
BD,HATCAP,PASSAGE CAP
BD,HATCAP,SYNTHETIC DAD HAT
BD,HATCAP,UNDERCOVER CAP
BD,HATCAP,W TRUCKER HAT
BD,HATCAP,WATCH CAP
BD,HATSUN,BD VISOR NEW
BD,HATSUN,BLACK LABEL HAT
BD,HATSUN,DASH VISOR
BD,HIKPOL,ALPINE CARBON CORK
BD,HIKPOL,ALPINE ERGO TREK POLES
BD,HIKPOL,ALPINE Z-POLE BASKETS
BD,HIKPOL,DIST CRBN TRAIL RUN TREK POLES
BD,HIKPOL,DIST FLZ Z-POLES 140CM
BD,HIKPOL,DISTANCE CARBON FLZ POLE
BD,HIKPOL,DISTANCE CARBON Z POLES
BD,HIKPOL,DISTANCE CARBON Z POLES W'S
BD,HIKPOL,DISTANCE CARBON Z Z-POLES 110
BD,HIKPOL,DISTANCE CARBON Z Z-POLES 120
BD,HIKPOL,DISTANCE CARBON Z Z-POLES 125
BD,HIKPOL,DISTANCE CARBON Z Z-POLES 130
BD,HIKPOL,DISTANCE Z Z-POLES 110
BD,HIKPOL,DISTANCE Z Z-POLES 115
BD,HIKPOL,DISTANCE Z Z-POLES 120
BD,HIKPOL,DISTANCE Z Z-POLES 125
BD,HIKPOL,DISTANCE Z Z-POLES 130
BD,HIKPOL,EXPLORER 2 TREKKING POLES
BD,HIKPOL,EXPLORER 3 TREK POLE
BD,HIKPOL,FIRST STRIKE TREK POLES NEW
BD,HIKPOL,TRAIL BACK TREK POLE
BD,HIKPOL,TRAIL BACK TREK POLES S20
BD,HIKPOL,TRAIL BACK TREKKING POLES
BD,HIKPOL,TRAIL CORK TREK POLES
BD,HIKPOL,TRAIL CORK TREK POLES W'S
BD,HIKPOL,TRAIL CORK TREKKING POLES
BD,HIKPOL,TRAIL ERGO CORK TREK POLES
BD,HIKPOL,TRAIL ERGO CORK TREK POLES W'S
BD,HIKPOL,TRAIL EXPLORER 2 TREK POLES
BD,HIKPOL,TRAIL EXPLORER 3 TREK POLES
BD,HIKPOL,TRAIL PRO TREK POLES S19
BD,HIKPOL,TRAIL SPORT
BD,HIKPOL,TRAIL SPORT OCTANE
BD,HIKPOL,TRAIL SPORT TREKKING POLES
BD,HIKPOL,TRAIL TREK POLES NEW
BD,HIKPOL,TRAIL TREK POLES S19 W'S
BD,HIKPOL,TRAIL TREKKING POLES
BD,HIKPOL,TRAIL TREKKING POLES W'S
BD,HIKPOL,W'S ALPINE CARBON CRK
BD,HIKPOL,Z-POLE SNOW BASKET
BD,HIKPOLTIP,TECH TIPS RUBBER
BD,HIKPOLTIP,TREKKING POLE TIP PROTECTORS
BD,HIKPOLTIP,Z-POLE TIP PROTECTORS
BD,LITHL,ASTRO 300 HEADLAMP
BD,LITHL,ASTRO 300-R HEADLAMP
BD,LITHL,ASTRO OPS 300 HEADLAMP
BD,LITHL,BD 1800 BATTERY & CHARGER
BD,LITHL,COSMO 350 HEADLAMP
BD,LITHL,COSMO 350-R HEADLAMP
BD,LITHL,FLARE HEADLAMP
BD,LITHL,ICON HEADLAMP BLACK
BD,LITHL,ION KEYCHAIN LIGHT
BD,LITHL,ONSIGHT 375 HEADLAMP
BD,LITHL,REMOJI LANTERN - BLACK
BD,LITHL,REVOLT 350 HEADLAMP
BD,LITHL,SPOT 350
BD,LITHL,SPOT 400 HEADLAMP
BD,LITHL,SPOT 400-R HEADLAMP
BD,LITHL,SPOT LITE 160
BD,LITHL,SPOT LITE 200
BD,LITHL,SPOT OPS 400
BD,LITHL,SPRINTER 500 HEADLAMP
BD,LITHL,STORM 375 HEADLAMP
BD,LITHL,STORM 400 HEADLAMP
BD,LITHL,STORM 450 HEADLAMP
BD,LITHL,STORM 500-R HEADLAMP
BD,LITHL,STORM OPS 450 HEADLAMP
BD,LITHL,VOLT LANTERN
BD,LITHL,WIZ HEADLAMP
BD,LITHL,WIZ KID HEADLAMP
BD,LITHL,X STORM 450 HEADLAMP
BD,LITHL,ZIP LANTERN
BD,LITLAN,APOLLO LANTERN
BD,LITLAN,MOJI CHARGING STATION LANTERN
BD,LITLAN,MOJI COLOR LANTERN
BD,LITLAN,MOJI LANTERN
BD,LITLAN,MOJI LANTERN S22
BD,LITLAN,MOJI+ LANTERN
BD,LITLAN,MOJI+ R LANTERN
BD,LITLAN,ORBITER LANTERN
BD,PACDAY,CRAG 40 BACKPACK
BD,PAKBP,STONE 45 BACKPACK
BD,PAKBP UNI,TRAIL VISTA 20 BACKPACK
BD,PAKBP UNI,TRAIL VISTA 28 BACKPACK
BD,PAKBP WMN,W'S DISTANCE 15 BACKPACK
BD,PAKBP WMN,W'S DISTANCE 22 BACKPACK
BD,PAKBP WMN,W'S DISTANCE 8 BACKPACK
BD,PAKBP WMN,W'S PURSUIT 15 BACKPACK
BD,PAKBP WMN,W'S PURSUIT 25 BACKPACK
BD,PAKCUB,BETA LIGHT PACK SATELLITE BAG
BD,PAKDAY,BULLET 16 BACKPACK
BD,PAKDAY,CRAG 40 BACKPACK
BD,PAKDAY,CREEK 20 BACKPACK
BD,PAKDAY,CREEK 35 BACKPACK
BD,PAKDAY,CREEK 50 BACKPACK
BD,PAKDAY,CREEK TRANSIT 32 BACKPACK
BD,PAKDAY,DAWN PATROL 32L
BD,PAKDAY,DISTANCE 15 BACKPACK
BD,PAKDAY,DISTANCE 22 BACKPACK
BD,PAKDAY,DISTANCE 8 BACKPACK
BD,PAKDAY,MAGNUM 20 BACKPACK
BD,PAKDAY,ROCK BLITZ 15 BACKPACK
BD,PAKDAY,SPEED 30 BACKPACK
BD,PAKDAY,SPEED 50 BACKPACK
BD,PAKDAY,STREET CREEK 20 BACKPACK
BD,PAKDAY,STREET CREEK 24 BACKPACK
BD,PAKDAY,STREET CREEK 30 RT BACKPACK
BD,PAKDAY,TRAIL ZIP 18
BD,PAKDAYUNI,BETA LIGHT 30 BACKPACK
BD,PAKDAYUNI,BULLET 16 BACKPACK
BD,PAKDUFNWP,STONEHAULER 90 DUFFEL
BD,PAKHIPUNI,PURSUIT 15 BACKPACK
BD,PAKHIPUNI,PURSUIT 6 WAIST PACK
BD,PAKVST,DISTANCE 2 VEST
BD,PAKVST,DISTANCE 6 VEST
BD,TLTACS,NAIL CLIPPERS
BD,TLTBLM,CO BAR 1 OZ
BD,TLTBLM,CO CREME 2.3OZ
BD,TLTBLM,CO LOTION BAR 0.5 OZ
BD,TLTBLM,CO LOTION BAR 2 OZ
BD,TLTBLM,CO LOTION BAR CEDAR 0.5 OZ
BD,TLTBLM,CO MINI BAR .5OZ
BD,TLTBLM,CO MINI TUBE .5OZ
BD,TLTLIP,CO LIP TUBE
BD,TNTBP,BETA BUG
BD,TNTBP,BETA LIGHT
BD,TNTBP,BIPOD BIVY
BD,TNTBP,MEGA BUG
BD,TNTBP 1P,SPOTLIGHT BIVY
BD,TNTBP 1P,TWILIGHT BIVY
BD,TNTBP 4P,MEGA BUG 4P TENT
BD,TOLSHV,DEPLOY 3 SHOVEL
BD,TOLSHV,DEPLOY 7 SHOVEL
BEDROK,FW SANUNI,CAIRN EVO
BEDROK,FW SANUNI,CAIRN EVO 3D PRO
BEDROK,FW SANUNI,CAIRN EVO C
BGGEAR,CLIBAG,SMOOTH SAC - LARGE
BGGEAR,CLIBAG,SMOOTH SAC - MEDIUM
BGGEAR,CLIBAG,SMOOTH SAC - SMALL
BGGEAR,CLIBELCNY,SMOOTH OPERATOR
BGGEAR,CLIBELCNY,SQWUREL V3 - LD LUSTER - RAW
BGGEAR,CLIBELCNY,SQWUREL V4
BIGA,CMPTNT,X FLY CREEK HV UL1
BIGA,FURCHR,CHAIR ONE-CAMO
BIGA,SLPBAG,BLUE LAKE 25 PETITE RIGHT
BIGA,SLPBAG,BUELL 30 LONG LEFT
BIGA,SLPBAG,BUELL 30 REGULAR LEFT
BIGA,SLPBAG,DREAM ISLAND 15 DOUBLE WIDE
BIGA,SLPBAG,"DREAM ISLAND 20-50"""
BIGA,SLPBAG,DREAM ISLAND 35 DOUBLE WIDE
BIGA,SLPBAG,DUSTER 15 SYN RZ
BIGA,SLPBAG,ECHO PARK 0 - WIDE/LONG
BIGA,SLPBAG,ECHO PARK 20 WIDE/LONG
BIGA,SLPBAG,INSL AIR CORE ULTRA 50X78 DBL
BIGA,SLPBAG,INSL DOUBLE Z DOUBLE WIDE
BIGA,SLPBAG,INSULATED AIR CORE PETITE
BIGA,SLPBAG,K'S WOLVERINE 15 REG
BIGA,SLPBAG,"KING SOLOMON 20-40"""
BIGA,SLPBAG,LITTLE RED 15 SYN - RIGHT
BIGA,SLPBAG,LITTLE RED 20
BIGA,SLPBAG,LOST RANGER 3N1 15 LONG
BIGA,SLPBAG,LOST RANGER 3N1 15 REG
BIGA,SLPBAG,MIRROR LAKE 20 PETITE RIGHT
BIGA,SLPBAG,"RAPIDE SL INSULATED 20"" X 72"""
BIGA,SLPBAG,"RAPIDE SL INSULATED 25"" X 72"""
BIGA,SLPBAG,ROXY ANN 3N1 15 REG
BIGA,SLPBAG,SIDEWINDER CAMP 20 LONG
BIGA,SLPBAG,TORCHLIGHT CAMP 20 LONG LEF
BIGA,SLPBAG,TORCHLIGHT CAMP 20 REGULAR LEF
BIGA,SLPBAG,TORCHLIGHT EXP 20
BIGA,SLPBAG,W'S TORCHLIGHT CAMP 20 PETITE
BIGA,SLPBAG,W'S TORCHLIGHT CAMP 20 REGULAR
BIGA,SLPBAG,WOLVERINE 20
BIGA,SLPBAG,Y'S TORCHLIGHT EXP YTH 20
BIGA,SLPPAD,BOUNDARY DLX INSULATED
BIGA,SLPPAD,CAPTAIN COMFORT DLX
BIGA,SLPPAD,DIVIDE INSULATED
BIGA,SLPPAD,HINMAN
BIGA,SLPPAD,RAPIDE SL INSULATED
BIGA,TNTBP 2P,COPPER SPUR UL2-TANGELO
BIGA,TNTBP 2P,TIGER WALL UL2
BIGA,TNTBP 3P,COPPER SPUR UL3-TANGELO
BIGA,TNTBP 3P,TIGER WALL UL3
BIGA,TNTBP 4P,BLACKTAIL 4
BIGA,TNTCAR4P,BIG HOUSE 4
BIGA,TNTCAR6P,BIG HOUSE 6
BIGA,TNTFP,FOOTPRINT BIG HOUSE 4
BIGA,TNTFP,FOOTPRINT BIG HOUSE 6
BIGA,TNTFP,FOOTPRINT BLACKTAIL 4
BIGA,TNTFP,FOOTPRINT COPPER SPUR UL2
BIGA,TNTFP,FOOTPRINT COPPER SPUR UL3
BIGA,TNTFP,FOOTPRINT TIGER WALL UL2
BIGA,TNTFP,FOOTPRINT TIGER WALL UL3
BINTZ,KITACS,CAN/BOTTLE OPENER
BINTZ,KITACS,PEELER FIRM GRIP HANDLE
BINTZ,KITACS,"STANDARD 12"" TONG"
BINTZ,KITACS,"STANDARD 6"" TONG"
BINTZ,KITACS,WAITER'S CORKSCREW
BISON,ACS,20 X 32 30MM SYF LOPRO
BISON,ACS,30MM - GARRISON BUCKLE
BISON,ACS,30MM TAP CAP
BISON,ACS,38MM GNMTL CRESCENT
BISON,ACS,38MM STEALTH - PREMIUM SOLIDS
BISON,ACS,38MM TAP CAP - PREMIUM
BISON,ACS,38MM TAP CAP - SOLID
BISON,ACS,38MM TAPCAP TOPSTITCH BLACK
BISON,ACS,6FT STRETCH LEAD
BISON,ACS,8CM WITH WEB
BISON,ACS,BOTTLE BANDIT
BISON,ACS,CLASSIC BOTTLE OPNR
BISON,ACS,ELLIPTAGON DB
BISON,ACS,GNMTL SYF
BISON,ACS,GRIDIRON 38MM
BISON,ACS,KOKOPELLI
BISON,ACS,LAST CHANCE DELTA LT DUTY
BISON,ACS,LAST CHANCE LT DUTY
BISON,ACS,PRY CAP 38MM
BISON,ACS,SLIDER DANCING BEARS
BISON,ACS,SNOWBOARD BOTTLE OPENER
BISON,ACS,T-LOCK BELT
BISON,ACS,W'S 38MM MANZO RBN
BISON,CLABELMEN,38MM GM STEALTH ROGUE
BISON,CLABELMEN,38MM GM STEALTH STONEWASH
BISON,CLABELMEN,38MM GM STEALTH TULUM
BISON,CLABELMEN,38MM TAPCAP COYOTE
BISON,CLABELMEN,38MM TAPCAP FIVE LINER NAVY
BISON,CLABELMEN,38MM TAPCAP MXBK
BISON,CLABELMEN,38MM TAPCAP STEPPING STONE
BISON,CLABELMEN,KOOL TOOL CRGTD BLACK
BISON,CLABELMEN,KOOL TOOL CRGTD BLACK XL
BISON,CLABELMEN,PURE TREK BK
BISON,CLABELMEN,PURE TREK GN
BISON,PETBWL,MESS-A-ROUND LRG
BISON,PETBWL,MESS-A-ROUND SM
BIVO,DW BOTMTL,BIVO DUO 25 OZ
BIVO,DW BOTMTL,BIVO DUO 25 OZ RAW
BIVO,DW BOTMTL,BIVO ONE 21 OZ
BIVO,DW BOTMTL,BIVO TRIO 21 OZ INSULATED
BIVO,DW BOTMTL,BIVO TRIO 21 OZ INSULATED BK
BIVO,DW BOTMTL,BIVO TRIO 21 OZ INSULATED FG
BIVO,DW BOTMTL,BIVO TRIO 21 OZ INSULATED MG
BIVO,DW BOTMTL,BIVO TRIO 21 OZ INSULATED PK
BIVO,DW BOTMTL,BIVO TRIO 21 OZ INSULATED RAW
BIVO,DW BOTMTL,TRIO MINI 17 OZ INSULATED
BIVO,DW BOTMTL,TRIO MINI 17 OZ INSULATED BK
BIVO,DW BOTMTL,TRIO MINI 17 OZ INSULATED FG
BLENDR,EYESUN,A SERIES
BLENDR,EYESUN,ACTIVE SCIFI
BLENDR,EYESUN,BUTTERTON
BLENDR,EYESUN,CANYON
BLENDR,EYESUN,COASTAL X2
BLENDR,EYESUN,ECLIPSE
BLENDR,EYESUN,ECLIPSE - MT HAVANA/BROWN
BLENDR,EYESUN,ECLIPSE X2
BLENDR,EYESUN,EXPOSE
BLENDR,EYESUN,FALCON
BLENDR,EYESUN,FLOAT M CLASS X 2
BLENDR,EYESUN,GROVE
BLENDR,EYESUN,H SERIES
BLENDR,EYESUN,H SERIES X2
BLENDR,EYESUN,H-SERIES
BLENDR,EYESUN,HEAVENLY SHINE
BLENDR,EYESUN,JADE
BLENDR,EYESUN,L SERIES
BLENDR,EYESUN,LAKEVIEW
BLENDR,EYESUN,LEXICO
BLENDR,EYESUN,M CLASS 2X
BLENDR,EYESUN,MAVE X2
BLENDR,EYESUN,MEISTER X2
BLENDR,EYESUN,MESA
BLENDR,EYESUN,MILLENIA X2
BLENDR,EYESUN,MOTION
BLENDR,EYESUN,NORTH PARK
BLENDR,EYESUN,NORTH PARK X2
BLENDR,EYESUN,ONYX
BLENDR,EYESUN,ROMEO
BLENDR,EYESUN,SCI FI
BLENDR,EYESUN,SENDER
BLENDR,EYESUN,SHADOW
BLENDR,EYESUN,SKYWAY
BLENDR,EYESUN,SYDNEY
BLENDR,EYESUN,TATE
BLENDR,EYESUN,VICTORY LANE
BLUBAN,CLAHB,HEADBANDOO - ASSORTED
BLUBAN,CLAHB,HEADBANDOO - CAMOUFLAGE GREY
BLUBAN,CLAHB,HEADBANDOO - NAVY
BLUBAN,CLAHB,HEADBANDOO - RED BANDANA
BLUBAN,CLAHB,HEADBANDOO - ROLLING FLAG USA
BLUBAN,CLAHB,HEADBANDOO - ROYAL BLUE
BLUBAN,HATACS,HATBANDOO - MOSS SAFARI
BLUBAN,HATACS,HATBANDOO SAFARI NATURAL
BLUBAN,HATACS,NECKBANDOO - ASSORTED
BLUBAN,HATSUN,BANDOOBRIM - AWARENESS GRN CRM
BLUBAN,HATSUN,BANDOOBRIM - AWARENESS ORG ECO
BLUBAN,HATSUN,BANDOOBRIM - DENIM
BLUBAN,HATSUN,BANDOOBRIM - FOREST GREEN
BLUBAN,HATSUN,BANDOOBRIM - KHAKI
BLUBAN,HATSUN,BANDOOBRIM - ROYAL BLUE
BLUBAN,HATSUN,BANDOOBRIM - SOUTHWEST SIENNA
BLUBAN,HATSUN,BANDOOBRIM - SOUTHWEST TURQ
BLUBAN,HATSUN,CAPBANDOO - SPORT DENIM/WHITE
BLUBAN,HATSUN,CAPBANDOO - SPORT KHAKI/WHITE
BLUBAN,HATSUN,CAPBANDOO - SPORT NAVY/WHITE
BLUBAN,HATSUN,HATBANDOO - SPR/BK/SUN
BMK,TOLKNF,15500-3 MEATCRAFTER
BMK,TOLKNF,4400BK
BMK,TOLKNF,537FE-02 BAILOUT
BMK,TOLKNF,537GY-03 BAILOUT
BMK,TOLKNF,"6"" MEATCRAFTER, FB, CUTLERY"
BMK,TOLKNF,"8"" CHEF, FB, G10 CUTLERY"
BMK,TOLKNF,9070BK CLAYMORE
BMK,TOLKNF,9570BK MINI CLAYMORE
BMK,TOLKNF,9570BK-1 MINI CLAYMORE
BMK,TOLKNF,"ADAMAS, AXIS STUD SIBERT"
BMK,TOLKNF,"ADAMAS, MINI"
BMK,TOLKNF,"ADAMAS, MINI FE"
BMK,TOLKNF,ADIRA - DROP POINT-GRIVORY
BMK,TOLKNF,AFO II
BMK,TOLKNF,ALTITUDE ORANGE
BMK,TOLKNF,ANONIMUS
BMK,TOLKNF,AUTO ADAMAS
BMK,TOLKNF,AUTO FACT
BMK,TOLKNF,AUTO OSBORNE
BMK,TOLKNF,"AUTOCRAT, OTF AUTO, DAGGER"
BMK,TOLKNF,"AUTOCRAT, OTF AUTO, DAGGER COY"
BMK,TOLKNF,"AUTOCRAT,OTF AUT, DAGGER"
BMK,TOLKNF,AXIS® OSBORNE REVERSE AXIS
BMK,TOLKNF,BAILOUT
BMK,TOLKNF,BAILOUT - TANTO
BMK,TOLKNF,"BAILOUT, AXIS, TANTO"
BMK,TOLKNF,"BAILOUT, AXS TANTO"
BMK,TOLKNF,"BAILOUT, AXS TANTO SERR"
BMK,TOLKNF,BOOST MINI BLACK
BMK,TOLKNF,BOOST MINI SS
BMK,TOLKNF,BOOST SERRATED
BMK,TOLKNF,BUGOUT
BMK,TOLKNF,BUGOUT - BLACK
BMK,TOLKNF,BUGOUT - BLACK SERRATED
BMK,TOLKNF,BUGOUT - BLACK/M390
BMK,TOLKNF,BUGOUT - GRAY
BMK,TOLKNF,BUGOUT - GRAY SERRATED
BMK,TOLKNF,BUGOUT - GREEN
BMK,TOLKNF,BUGOUT - ORANGE
BMK,TOLKNF,BUGOUT AXIS DROP POINT
BMK,TOLKNF,BUGOUT AXIS GRAY
BMK,TOLKNF,BUGOUT AXS - BLUE CLASS
BMK,TOLKNF,BUGOUT FE
BMK,TOLKNF,BUGOUT M390
BMK,TOLKNF,BUGOUT SPED
BMK,TOLKNF,"BUGOUT, AXIS"
BMK,TOLKNF,"BUGOUT, AXIS, DROP POINT"
BMK,TOLKNF,"BUGOUT, DROP POINT, AXIS"
BMK,TOLKNF,BUGOUT- ALUMINUM
BMK,TOLKNF,BUSHCRAFTER
BMK,TOLKNF,BUSHCRAFTER SIBET FIXED
BMK,TOLKNF,CASBAH SERRATED BLACK
BMK,TOLKNF,CLA
BMK,TOLKNF,CLA - AUTO
BMK,TOLKNF,CLA PLAIN EDGE
BMK,TOLKNF,"CLA, AUTO DROP POINT"
BMK,TOLKNF,CLAYMORE
BMK,TOLKNF,CLAYMORE AUTO
BMK,TOLKNF,"CLAYMORE, AUTO BLACK"
BMK,TOLKNF,"CLAYMORE, AUTO DROP POINT"
BMK,TOLKNF,DACIAN
BMK,TOLKNF,FACT
BMK,TOLKNF,FISHCRAFTER
BMK,TOLKNF,"FISHCRAFTER, FB"
BMK,TOLKNF,FLYWAY
BMK,TOLKNF,FREEK MINI CARBON
BMK,TOLKNF,FREEK MINI SERR
BMK,TOLKNF,GRIZZLY CREEK
BMK,TOLKNF,GRIZZLY RIDGE DR
BMK,TOLKNF,HIDDEN CANYON HUNTER RICHLITE
BMK,TOLKNF,"HIDDEN CANYON HUNTER, WOOD"
BMK,TOLKNF,INTERSECT - DROP POINT
BMK,TOLKNF,LOWDEN - SPEAR POINT
BMK,TOLKNF,MCHENRY INFIDEL
BMK,TOLKNF,MCHENRY INFIDEL BLUE 2001
BMK,TOLKNF,MCHENRY MINI INFIDEL OTF AUTO
BMK,TOLKNF,"MCHENRY, INFIDEL OTF, AUTO"
BMK,TOLKNF,"MCHENRY, INFIDEL OTF, AUTO DAG"
BMK,TOLKNF,MEATCRAFTER
BMK,TOLKNF,"MEATCRAFTER 4"""
BMK,TOLKNF,MEATCRAFTER FB G10
BMK,TOLKNF,MEATCRAFTER S45VN
BMK,TOLKNF,"MEDIATOR, AUTO, REV TANTO BLK"
BMK,TOLKNF,MINI ADAMAS
BMK,TOLKNF,"MINI ADAMAS, AXIS STUD SIBERT"
BMK,TOLKNF,MINI ADIRA
BMK,TOLKNF,MINI ADIRA - DROP POINT
BMK,TOLKNF,MINI ADIRA DROP POINT
BMK,TOLKNF,MINI ADIRA-DROP POINT-GRIVORY
BMK,TOLKNF,MINI AUTO ADAMAS
BMK,TOLKNF,MINI BARRAGE DROP POINT
BMK,TOLKNF,MINI BEDLAM
BMK,TOLKNF,MINI BUGOUT
BMK,TOLKNF,MINI BUGOUT - BLUE CLASS
BMK,TOLKNF,MINI BUGOUT - PINK
BMK,TOLKNF,MINI BUGOUT AXIS DROP POINT
BMK,TOLKNF,MINI BUGOUT CF ELITE
BMK,TOLKNF,"MINI BUGOUT, AXIS, DROP POINT"
BMK,TOLKNF,MINI BUSHCRAFTER
BMK,TOLKNF,MINI BUSHCRAFTER SIBET FIXED
BMK,TOLKNF,MINI CROOKED RIVER
BMK,TOLKNF,MINI CROOKED RIVER AXIS
BMK,TOLKNF,MINI FREEK-G10
BMK,TOLKNF,MINI INFIDEL
BMK,TOLKNF,MINI NARROWS
BMK,TOLKNF,MINI NARROWS-BLACK
BMK,TOLKNF,MINI OSBORNE
BMK,TOLKNF,MINI OSBORNE 2024
BMK,TOLKNF,MINI OSBORNE BLACK
BMK,TOLKNF,MINI OSBORNE S30V
BMK,TOLKNF,"MINI OSBORNE, AXIS, REVERSE"
BMK,TOLKNF,MINI PRESIDIO II - AXIS
BMK,TOLKNF,"MINI PRESIDIO II, AXIS - BLACK"
BMK,TOLKNF,MINI SOCP
BMK,TOLKNF,MINI TAGGEDOUT
BMK,TOLKNF,MINI-BARRAGE
BMK,TOLKNF,MORPHO-1
BMK,TOLKNF,NORTH FORK AXIS DROP POINT
BMK,TOLKNF,NORTH FORK FLDR DP AXIS WOOD
BMK,TOLKNF,OSBORNE
BMK,TOLKNF,OSBORNE - GREEN ALUMINUM
BMK,TOLKNF,OSBORNE AUTO
BMK,TOLKNF,OSBORNE BARRAGE TANTO AXA
BMK,TOLKNF,OSBORNE BARRAGE TANTO AXIS BLK
BMK,TOLKNF,OSBORNE MINI BARRAGE AXIS ASSI
BMK,TOLKNF,OSBORNE REVERSE TANTO
BMK,TOLKNF,OSBORNE REVERSE TANTO AXS
BMK,TOLKNF,"OSBORNE, BARRAGE DPT AXS"
BMK,TOLKNF,"OSBORNE, BARRAGE DPT AXS SERR"
BMK,TOLKNF,OSBORNE. MINI BARRAGE AXS ASST
BMK,TOLKNF,OSBORNE. MINI BARRAGE AXS SERR
BMK,TOLKNF,PARDUE DROP POINT - BLACK
BMK,TOLKNF,PARDUE DROP POINT - OLIVE
BMK,TOLKNF,PARDUE DROP POINT - ORANGE
BMK,TOLKNF,PARDUE DROP POINT - S
BMK,TOLKNF,PARDUE DROP POINT STUD
BMK,TOLKNF,PARDUE MINI DPT GRIP AXIS SS
BMK,TOLKNF,PARDUE MINI DPT GRIP AXIS STUD
BMK,TOLKNF,PARDUE TANTO GRIPTILLIAN AXS
BMK,TOLKNF,"PARDUE, DROP PT GRIP AXS, SER"
BMK,TOLKNF,"PARDUE, DROP PT GRIP AXS, STUD"
BMK,TOLKNF,"PARDUE, GRIPTILLIAN,AXIS, HOLE"
BMK,TOLKNF,"PARDUE, MIINI GRIP, AXIS,HOLE"
BMK,TOLKNF,PHAETON
BMK,TOLKNF,PRESIDIO II LIMITED EDITION
BMK,TOLKNF,PRESIDIO II SERR
BMK,TOLKNF,"PRESIDIO II, AXIS"
BMK,TOLKNF,PSK
BMK,TOLKNF,"PUUKKO, FB, MLD"
BMK,TOLKNF,RAGHORN
BMK,TOLKNF,REDOUBT
BMK,TOLKNF,RESCUE HOOK
BMK,TOLKNF,SADDLE MTN SKINNER FB WOOD
BMK,TOLKNF,"SADDLE MTN SKINNER FB, RICHLIT"
BMK,TOLKNF,SADDLE MTN SKINNER W/HOOK
BMK,TOLKNF,SEVEN TEN
BMK,TOLKNF,SHOOTOUT
BMK,TOLKNF,"SHOOTOUT, AUTO, OTF"
BMK,TOLKNF,"SHOOTOUT, OTF"
BMK,TOLKNF,"SIBERT, BUSHCRAFT"
BMK,TOLKNF,SOCP COMBO
BMK,TOLKNF,SOCP TRAINER
BMK,TOLKNF,STATION KNIFE
BMK,TOLKNF,STEEP COUNTRY FB MLD
BMK,TOLKNF,STEEP COUNTRY HUNTER FB MLD
BMK,TOLKNF,STRAP CUTTER FB
BMK,TOLKNF,SUCCESOR - DROP POINT
BMK,TOLKNF,SUCCESSOR DROP POINT
BMK,TOLKNF,TAGGEDOUT
BMK,TOLKNF,TAGGEDOUT SELECT EDGE
BMK,TOLKNF,"TAGGEDOUT, AXIS, CLIP POINT"
BMK,TOLKNF,TRIAGE
BMK,TOLKNF,TRIAGE 916
BMK,TOLKNF,TRIAGE N690
BMK,TOLKNF,UNDERCURRENT
BMK,TOLKNF,VECTOR
BMK,TOLKNF,WEEKENDER
BMK,TOLKNF,WEEKENDER MICARTA
BMK,TOLKNF,X 535FE-05 BUGOUTÂ®
BMK,TOLKNF,X CASBAH AUTO DROP PT - BLACK
BMK,TOLKNF,X OSBORNE REVERSE TANTO AXS
BNDMAP,MAP,BANDANA MAPS MOAB UTAH
BNDMAP,MAP,OFFROAD MAPS MOAB UTAH
BOBA,PAKKID,BOBA WRAP PLUME
BOBOS,FODBAR,OAT BAR
BOBOS,FODBAR,OAT BITES
BOBOS,FODBAR,OAT SNACKS
BOBOS,FODBAR,STUFF'D OAT BAR
BODYG,MEDDEF,BODY - POCKET SIZE ORIGINAL
BODYG,MEDDEF,BODY - TRAVEL SIZE ORIGINAL
BODYG,MEDDEF,BODY THE ORIGINAL ANTI CHAFE
BODYG,MEDDEF,CYCLE GLIDE - SORE BALM
BODYG,MEDDEF,FACE GLIDE™ PROTECTIVE BALM
BODYG,MEDDEF,FOOT GLIDE - POCKET SIZE
BODYG,MEDDEF,FOOT GLIDE - TRAVEL SIZE
BODYG,MEDDEF,FOR HER - REG SIZE
BODYG,MEDDEF,OUTDOOR™ ANTI-CHAFE BALM
BODYG,MEDDEF,RELIEF - MUSCLE PAIN RELIEF BA
BODYG,MEDDEF,SKINGLIDE ANTI CHAFE CREAM
BODYG,MEDDEF,SUNSCREEN BALM SPF30
BOKER,TOLKNF,ARBOLITO BISON G10
BOKER,TOLKNF,ARBOLITO BUSHCRAFT
BOKER,TOLKNF,ARBOLITO STAG HUNTER
BOKER,TOLKNF,ARDBOLITO HUNTER
BOKER,TOLKNF,BARLOW PRIME
BOKER,TOLKNF,BLACKFOX PUCK G10 OD
BOKER,TOLKNF,BLACKFOX REVOLVER
BOKER,TOLKNF,BOKER PLUS ANIT-MC
BOKER,TOLKNF,BOKER PLUS OVAL MOON SWIVEL
BOKER,TOLKNF,BOKER PLUS WASABI DAMASCUS
BOKER,TOLKNF,CANOE
BOKER,TOLKNF,CARACAL FOLDER MINI
BOKER,TOLKNF,CARACAL TACTICAL
BOKER,TOLKNF,DAILY KNIVES AK1 DROPPOINT
BOKER,TOLKNF,FRAGMENT G10
BOKER,TOLKNF,GEMINI NGA D2
BOKER,TOLKNF,GOLEM
BOKER,TOLKNF,ICEPICK DAGGER
BOKER,TOLKNF,INTENTION GEN 2 AUTO
BOKER,TOLKNF,KALASHNIKOV OTF
BOKER,TOLKNF,KARAKURT
BOKER,TOLKNF,"KARAKURT AUTO, BLACK"
BOKER,TOLKNF,KIHON ASSISTED G10
BOKER,TOLKNF,KOMONDOR PLUS
BOKER,TOLKNF,KWAIKEN AIR G10
BOKER,TOLKNF,KWAIKEN AIR TITANIUM
BOKER,TOLKNF,KWAIKEN AUTO BLACK
BOKER,TOLKNF,KWAIKEN COMPACT AUTO
BOKER,TOLKNF,KWAIKEN COMPACT BLACK
BOKER,TOLKNF,KWAIKEN MINI IMITED
BOKER,TOLKNF,KWAIKEN OTF BLACK
BOKER,TOLKNF,KWAIKEN OTF BLUE
BOKER,TOLKNF,KYOTO
BOKER,TOLKNF,L'EGG
BOKER,TOLKNF,LITTLE FRIEND
BOKER,TOLKNF,LITTLE ROK
BOKER,TOLKNF,M4 SHERMAN DAMASCUS
BOKER,TOLKNF,MAGNUM ADVANCE 2
BOKER,TOLKNF,MAGNUM CAVEMAN
BOKER,TOLKNF,MAGNUM CLASSIC HUNTER
BOKER,TOLKNF,MAGNUM COMPACT RESCUE
BOKER,TOLKNF,MAGNUM DAMASCUS
BOKER,TOLKNF,MAGNUM ELK HUNTER
BOKER,TOLKNF,MAGNUM ETERNAL CLASSIC THUMB
BOKER,TOLKNF,MAGNUM EXQUISITE LOCKBACK
BOKER,TOLKNF,MAGNUM GRAY EMINENCE
BOKER,TOLKNF,MAGNUM JEWEL
BOKER,TOLKNF,MAGNUM LEATHERNECK HUNTER
BOKER,TOLKNF,MAGNUM LIL GIANT
BOKER,TOLKNF,MAGNUM SLIM BROTHER WOOD
BOKER,TOLKNF,MAGNUM STILETTO
BOKER,TOLKNF,OTF BLACKOUT
BOKER,TOLKNF,OTF STONEWASH
BOKER,TOLKNF,PLUS DAGGER OTF 2.0
BOKER,TOLKNF,SHAMSHER COPPER
BOKER,TOLKNF,SHAMSHER G10
BOKER,TOLKNF,SLIKE
BOKER,TOLKNF,THE BROOK
BOKER,TOLKNF,URBAN TRAPPER COCO BOLO
BOKER,TOLKNF,URBAN TRAPPER PETITE
BOKER,TOLKNF,USB OTF
BOKER,TOLKNF,USB OTF BURNT ORANGE
BOKER,TOLKNF,USB OTF GREEN
BOKER,TOLKNF,USB OTF PURPLE
BOKER,TOLKNF,VIGTIG
BOKER,TOLKNF,WASABI COCBOLO
BOOST,SURMEDOXY,BOOST OXYGEN NATURAL 10L
BOOST,SURMEDOXY,BOOST OXYGEN NATURAL 3L
BOOST,SURMEDOXY,BOOST OXYGEN NATURAL 5L
BPACK,FODFRZ,3 SISTERS SOUTHWESTERN
BPACK,FODFRZ,ASTRO VANILLA ICECREAM SANDWCH
BPACK,FODFRZ,BLUEBERRY PEACH CRISP
BPACK,FODFRZ,CHANA MASALA
BPACK,FODFRZ,CINNAMON APPLE OATS
BPACK,FODFRZ,CREME BRULEE
BPACK,FODFRZ,CUBAN COCONUT RICE & BLK BEANS
BPACK,FODFRZ,DARK CHOCOLATE CHEESECAKE MIX
BPACK,FODFRZ,FETTUCCINI ALFREDO W/CHICKEN
BPACK,FODFRZ,GRANOLA W/MILK & BANANA
BPACK,FODFRZ,GRANOLA W/MILK & BLUEBERRY
BPACK,FODFRZ,KATHMANDU CURRY
BPACK,FODFRZ,LASAGNA
BPACK,FODFRZ,LOUISIANA BEANS & RICE
BPACK,FODFRZ,MANGO STICKY RICE
BPACK,FODFRZ,MASHED POTATOES & GRAVY W/BEEF
BPACK,FODFRZ,MUSHROOM STROGANOFF
BPACK,FODFRZ,PAD THAI
BPACK,FODFRZ,PAD THAI W/ CHICKEN
BPACK,FODFRZ,PASTA & SPRING VEG W/ BUTTER S
BPACK,FODFRZ,PEANUT BUTTER BANANA OATMEAL
BPACK,FODFRZ,PESTO PASTA W/ CHICKEN
BPACK,FODFRZ,RISOTTO W/ CHICKEN
BPACK,FODFRZ,ROCKY MOUNTAIN SCRAMBLE
BPACK,FODFRZ,SANTA FE RICE/BEANS & CHICKEN
BPACK,FODFRZ,SHEPHERDS STEW W/BEEF
BPACK,FODFRZ,SUMMIT BREAKFAST SCRAMBLE
BPACK,FODFRZ,THREE BEAN VEGGIE STEW
BPACK,FODFRZ,THREE CHEESE MAC & CHEESE
BPACK,FODFRZ,THREE SISTERS STEW
BPACK,FODFRZ,WHTE BEAN CHIX & GREEN CHI STW
BPACK,FODFRZ,WILD WEST CHILI
BRWD,LITACS,LIGHTSTICK - GREEN
BRWD,LITACS,LIGHTSTICK - RED
BRWD,LITACS,LIGHTSTICK - YELLOW
BUFF,CLABUFSUN,ANGLER COOLNET UV WALLEYE
BUFF,CLABUFSUN,CAMO COOLNET UV INSECT SHIELD
BUFF,CLABUFSUN,COOLNET UV
BUFF,CLABUFSUN,COOLNET UV ADEN
BUFF,CLABUFSUN,COOLNET UV ALER
BUFF,CLABUFSUN,COOLNET UV BLAX
BUFF,CLABUFSUN,COOLNET UV DUSTED
BUFF,CLABUFSUN,COOLNET UV ELLIPSE HEADBAND AK
BUFF,CLABUFSUN,COOLNET UV ELLIPSE HEADBAND LU
BUFF,CLABUFSUN,COOLNET UV ELLIPSE HEADBAND OR
BUFF,CLABUFSUN,COOLNET UV HALF
BUFF,CLABUFSUN,COOLNET UV HALF EUKAR
BUFF,CLABUFSUN,COOLNET UV HALF INSECT SHIELD
BUFF,CLABUFSUN,COOLNET UV HALF LOER
BUFF,CLABUFSUN,COOLNET UV HALF SENIA AZALEA
BUFF,CLABUFSUN,COOLNET UV INSECT SHIELD
BUFF,CLABUFSUN,COOLNET UV INSECT SHIELD GEVIN
BUFF,CLABUFSUN,COOLNET UV INSECT SHIELD ORISA
BUFF,CLABUFSUN,COOLNET UV INSECT SHIELD RIAKI
BUFF,CLABUFSUN,COOLNET UV INSECT SHIELD SOLID
BUFF,CLABUFSUN,COOLNET UV INSECT SHIELD TEROY
BUFF,CLABUFSUN,COOLNET UV INSECT SHIELD ZONIA
BUFF,CLABUFSUN,COOLNET UV LOER
BUFF,CLABUFSUN,COOLNET UV NIVE
BUFF,CLABUFSUN,COOLNET UV REDFISH
BUFF,CLABUFSUN,COOLNET UV SENIA AZALEA
BUFF,CLABUFSUN,COOLNET UV SMALLMOUTH
BUFF,CLABUFSUN,COOLNET UV SOLID
BUFF,CLABUFSUN,COOLNET UV WIDE HB
BUFF,CLABUFSUN,COOLNET UV+ INSECT SHIELD
BUFF,CLABUFSUN,COOLNET UV+ INSECT SHIELD JR
BUFF,CLABUFSUN,COOLNET UV+ INSECT SHIELD XL
BUFF,CLABUFSUN,DRYFLX SOLID
BUFF,CLABUFSUN,HIDDEN GEMS ORIGINAL ECOSTRETC
BUFF,CLABUFSUN,OG BUFF
BUFF,CLABUFSUN,ORIGINAL ECOSTRETCH
BUFF,CLABUFSUN,ORIGINAL ECOSTRETCH ALOCK
BUFF,CLABUFSUN,ORIGINAL ECOSTRETCH ARKY
BUFF,CLABUFSUN,ORIGINAL ECOSTRETCH MANYD
BUFF,CLABUFSUN,ORIGINAL ECOSTRETCH OSER
BUFF,CLABUFSUN,ORIGINAL SOLID
BUFF,CLABUFSUN,ORIGINAL WAVE BLUE
BUFF,CLABUFSUN,POLAR SOLID
BUFF,CLABUFSUN,Y'S COOLNET UV ANBA
BUFF,CLABUFSUN,Y'S COOLNET UV SUBER
BUFF,CLABUFSUN,Y'S COOLNET UV SUN HUES BLUE
BUFF,CLABUFWNT,MERINO LW SOLID
BUFF,CLABUFWNT,MERINO MOVE
BUFF,CLABUFWNT,MERINO MOVE BLOCK
BUFF,CLABUFWNT,MERINO MW
BUFF,CLABUFWNT,MERINO MW MELANGE
BUFF,CLABUFWNT,MERINO WOOL BUFF LW
BUFF,CLABUFWNT,MERINO WOOL BUFF MW
BUFF,CLABUFWNT,POLAR ARKY
BUFF,CLABUFWNT,POLAR BUFF
BUFF,CLABUFWNT,POLAR BUFF JR
BUFF,CLABUFWNT,POLAR BUFF REVERSIBLE
BUFF,CLABUFWNT,POLAR DRYEN
BUFF,CLABUFWNT,POLAR TESAC
BUFF,CLABUFWNT,POLAR TICEX SILVERSAGE
BUFF,CLABUFWNT,POLAR UNAL G
BUFF,CLABUFWNT,POLAR VIR
BUFF,CLABUFWRM,MERINO LIGHTWEIGHT DIGITAL PRI
BUFF,CLABUFWRM,MERINO LIGHTWEIGHT SOLID
BUFF,CLABUFWRM,MERINO LW NATURAL TYE DYE
BUFF,CLABUFWRM,SURFRIDER MERINO LIGHTWEIGHT D
BUFF,CLAGLVSUN,AQUA GLOVE
BUFF,CLAHATCAP,5 PANEL AIR CAP SARET
BUFF,CLAHATCAP,5 PANEL EXPLORE CAP SLEN
BUFF,CLAHATCAP,5 PANEL GO CAP DOMUS
BUFF,CLAHATCAP,5 PANEL GO CAP GRAZE
BUFF,CLAHATCAP,5 PANEL GO CAP SOLID
BUFF,CLAHATCAP,5 PANEL VENTURE CAP COLART
BUFF,CLAHATCAP,COOLNET UV PACK SPEED CAP ORIS
BUFF,CLAHATCAP,DESERT CAP KIDS SOLID
BUFF,CLAHATCAP,DESERT CAP SOLID
BUFF,CLAHATCAP,PACK SPEED CAP ACRO
BUFF,CLAHATCAP,PACK SPEED CAP EUKAR
BUFF,CLAHATCAP,SPEED CAP SOLID
BUFF,CLAHATSUN,GO VISOR
BUFF,CLAHATSUN,SPEED VISOR SOLID
BUFF,CLAHATWNT,CROSSKNIT BEANIE
BUFF,CLAHATWNT,DRYFLX BEANIE
BUFF,CLAHATWNT,DRYFLX BEANIE SOLID
BUFF,CLAHATWNT,KNITTED & FLEECE BEANIE CARYN
BUFF,CLAHATWNT,KNITTED & FLEECE BEANIE KIM
BUFF,CLAHATWNT,KNITTED BEANIE DRISK
BUFF,CLAHATWNT,KNITTED BEANIE ERVIN
BUFF,CLAHATWNT,KNITTED BEANIE JARN
BUFF,CLAHATWNT,KNITTED BEANIE NIELS EVO
BUFF,CLAHATWNT,KNITTED BEANIE NORVAL
BUFF,CLAHATWNT,MERINO ACTIVE BEANIE SOLID
BUFF,CLAHATWNT,MERINO BEANIE
BUFF,CLAHATWNT,MERINO FLEECE
BUFF,CLAHATWNT,MERINO FLEECE BEANIE
BUFF,CLAHATWNT,MERINO HW BEANIE SOLID
BUFF,CLAHATWNT,MERINO LW BEANIE SOLID
BUFF,CLAHATWNT,MERINO MW BEANIE SOLID
BUFF,CLAHATWNT,POLAR PRINTS BEANIE COMAT
BUFF,CLAHATWNT,POLAR PRINTS BEANIE LETA
BUFF,CLAHATWNT,THERMONET
BUFF,CLAHB,COOLNET UV HEADBAND
BUFF,CLAHB,COOLNET UV+ ELLIPSE HEADBAND
BUFF,CLAHB,COOLNET UV+ HEADBAND
BUFF,CLAHB,DRYFLX HEADBAND
BUFF,CLAHB,DRYFLX HEADBAND SOLID
BUFF,CLAHB,ELLIPSE HEADBAND
BUFF,CLAHB,THERMONET HEADBAND
BUFF,CLAHB,UV+ HEADBAND - BLACK
BUFF,CLAHB,UV+ TAPERED HEADBAND - BLACK
BUFF,CLASLVSUN,ARM SLEEVES NEXS
BUFF,HATACS,COOLNET UV+ AZIR
BUFF,HATACS,FILTER MASK
BUFF,HATACS,JUNIOR COOLNET UV+ INSECT MIL
BUFF,HATACS,K'S MASK FILTER
BUFF,HATACS,KNITTED & FLEECE BEANIE
BUFF,HATACS,MERINO BEANIE NORVAL
BUFF,HATACS,ORIGINAL BUFF
BUFF,HATACS,ORIGINAL® BLACK
BUFF,HATACS,ORIGINAL® HAIKU DARK
BUFF,HATACS,UV+ INSECT SHIELD® REAL TREE
BUFF,HATACS,WOOL BUFF - SHALE GREY MULTI
BUFF,PETACS,DOG NECKWARE
BUFF,PETACS,DOG NECKWARE-REFL
BUGTEE,MEDDEF,KID'S BUG SHIRT
BUILT,FODBAR,APPLE PIE
BUILT,FODBAR,BROWNIE BATTER PUFF
BUILT,FODBAR,CHOCOLATE MILKSHAKE
BUILT,FODBAR,COCONUT BAR
BUILT,FODBAR,COCONUT PUFF
BUILT,FODBAR,COOKIE DOUGH CHUNK PUFF
BUILT,FODBAR,KEY LIME PIE
BUILT,FODBAR,PEANUT BUTTER COOKIE
BUILT,FODBAR,SALTED CARAMEL PUFF
BUILT,FODBAR,STRAWBERRY MILK CHOCOLATE
BUILT,FODBAR,UNFLAVORED COLLAGEN
BUTORA,FW CLMMEN,ALTURA REGULAR FIT
BUTORA,FW CLMMEN,ALTURA WIDE FIT
BUTORA,FW CLMMEN,ENDEAVOR MOSS - WIDE FIT
BUTORA,FW CLMMEN,ENDEAVOR REGULAR SIERRA GOLD
BUTORA,FW CLMMEN,KOMET WIDE FIT
BUTORA,FW CLMWMN,ENDEAVOR CRIMSON - WIDE FIT
BUTORA,FW CLMWMN,ENDEAVOR REGULAR FIT LAVENDER
BWR,CLIAIDPLY,DOUBLE PULLEY 8 MM
BWR,CLIAIDPLY,MICRO-PULLEY
BWR,CLIAIDPLY,SINGLE PULLEY 8 MM
BWR,CLIAIDRG,BLUEWATER FIGURE 8
BWR,CLIBAG,THROWBAG WITH 9.5MM X 50FT SUR
BWR,CLIBELCNY,"14"" RAPPEL RACK W/BARS MFPA CE"
BWR,CLISFTCRD,"1"" CLIMB SPEC WEB - 30 FT"
BWR,CLISFTCRD,"1"" MIL SPEC WEBBING"
BWR,CLISFTCRD,"1"" TUBE CLIMB SPEC - 100 YDS"
BWR,CLISFTCRD,"1"" TUBULAR - 100 YDS"
BWR,CLISFTCRD,"1"" X 30' CLIMB SPEC"
BWR,CLISFTCRD,"1"" X WEBBING MIL-SPEC"
BWR,CLISFTCRD,15MM TUBULAR - 100 YDS
BWR,CLISFTCRD,"2"" TUBULAR - 50 YDS"
BWR,CLISFTCRD,2.5MM X 1000 FT
BWR,CLISFTCRD,"24"" TITAN RUNNERS -13 MM"
BWR,CLISFTCRD,"24"" X 1 CLIMB SPEC RUNNERS"
BWR,CLISFTCRD,"36"" TITAN RUNNERS - 13 MM"
BWR,CLISFTCRD,3MM ACCS CORD - 100 M
BWR,CLISFTCRD,3MM ACCS CORD - 100M
BWR,CLISFTCRD,3MM NITELINE - 100 M
BWR,CLISFTCRD,3MM NITELINE - 50 FT
BWR,CLISFTCRD,48 TITAN RUNNERS - 13 MM
BWR,CLISFTCRD,4MM NITELINE - 40 FT
BWR,CLISFTCRD,4MM X 100M
BWR,CLISFTCRD,55IN TITAN DAISY CHAIN
BWR,CLISFTCRD,5MM ACCS CORD - 100 M
BWR,CLISFTCRD,5MM TITAN - 25 M
BWR,CLISFTCRD,5MM TITAN - 50 M
BWR,CLISFTCRD,6.5MM PRUSIK CORD - 60 M
BWR,CLISFTCRD,6.5MM SEWN PRUSIK - 11 IN
BWR,CLISFTCRD,6.5MM SEWN PRUSIK - 20 IN
BWR,CLISFTCRD,6.5MM SEWN PRUSIK - 44 IN
BWR,CLISFTCRD,6MM ACCS CORD - 100 M
BWR,CLISFTCRD,6MM ACCS CORD - 200 FT
BWR,CLISFTCRD,6MM TITAN RUNNERS - 13 MM
BWR,CLISFTCRD,7MM ACCS CORD - 60 M
BWR,CLISFTCRD,7MM PRUSIK CORD - 60 M
BWR,CLISFTCRD,7MM VT PRUSIK
BWR,CLISFTCRD,8MM PRUSIK CORD - 60 M
BWR,CLISFTCRD,8MM PULL DOWN CORD - 70 M
BWR,CLISFTCRD,8MM VT PRUSIK
BWR,CLISFTCRD,9MM X 60M
BWR,CLISFTCRD,SPECTRA ROPE GUARD -18 IN
BWR,CLISFTCRD,TITAN DAISY CHAIN - 36 IN
BWR,CLISFTCRD,TITAN DAISY CHAIN - 42 IN
BWR,CLISFTROP,10.1MM NEON STD - 70 M
BWR,CLISFTROP,10MM BIGWALL - 200 FT
BWR,CLISFTROP,10MM DD - 70 M
BWR,CLISFTROP,11.4MM BW II - 200 FT
BWR,CLISFTROP,4MM ACCS CORD - 100 M
BWR,CLISFTROP,5/16 X 300 FT BW-R3
BWR,CLISFTROP,6.5MM SURE-GRIP - 50 FT
BWR,CLISFTROP,7.7MM ICE FLOSS - 70 M
BWR,CLISFTROP,8.4MM EXCELL DD - 70 M
BWR,CLISFTROP,8.4MM EXCELL STD - 60 M
BWR,CLISFTROP,8.8MM ARGON DD - 70 M
BWR,CLISFTROP,8.8MM ARGON DD - 80 M
BWR,CLISFTROP,8.8MM ARGON STD - 60 M
BWR,CLISFTROP,8.8MM ARGON STD - 70 M
BWR,CLISFTROP,8.8MM ARGON STD - 80 M
BWR,CLISFTROP,8.8MM X 70M DD
BWR,CLISFTROP,8MM (5/16)X450FT BW II
BWR,CLISFTROP,8MM ACCS CORD - 60M
BWR,CLISFTROP,8MM BW II - 200 FT
BWR,CLISFTROP,8MM CANYON EXTREME - 200 FT
BWR,CLISFTROP,8MM CANYON EXTREME - 65 M
BWR,CLISFTROP,8MM CANYON PRO - 65 M
BWR,CLISFTROP,8MM CANYON PRO DS - 65 M
BWR,CLISFTROP,9.1MM ICON STD - 70 M
BWR,CLISFTROP,9.1MM ICON STD - 80M
BWR,CLISFTROP,9.1MMX70M ICON STD PK/SL
BWR,CLISFTROP,9.1MMX80M ICON STD PK/SL
BWR,CLISFTROP,9.2MM CANYON ROPE - 100 M
BWR,CLISFTROP,9.2MM CANYON ROPE - 200 M
BWR,CLISFTROP,9.2MM CANYON ROPE - 65 M
BWR,CLISFTROP,9.2MM DD - 80 M
BWR,CLISFTROP,9.2MM XENON DD - 70 M
BWR,CLISFTROP,9.2MM XENON STD - 60 M
BWR,CLISFTROP,9.2MM XENON STD - 70 M
BWR,CLISFTROP,9.2MM XENON STD - 80 M
BWR,CLISFTROP,9.3MMX60M WAVE STD BL/RD
BWR,CLISFTROP,9.3MMX70M WAVE DD PK/BK
BWR,CLISFTROP,9.5MM (3/8) BWII - 200 FT
BWR,CLISFTROP,9.5MM (3/8) BWII - 600 FT
BWR,CLISFTROP,9.5MM HAUL LINE - 70 M
BWR,CLISFTROP,9.5MM SURE GRIP DYNEEMA -50'
BWR,CLISFTROP,9.7MM  LT PRO DD - 60 M
BWR,CLISFTROP,9.7MM LT PRO DD - 70 M
BWR,CLISFTROP,9.7MM LT PRO ST - 60 M
BWR,CLISFTROP,9.7MM LT PRO STD - 70 M
BWR,CLISFTROP,9.9MM PULSE DD - 70 M
BWR,CLISFTROP,9MM CANYONATOR - 200 M
BWR,CLISFTROP,9MM CANYONATOR - 65 M
BWR,CLISFTROP,9MM CANYONATOR- 100 M
BWR,CLISFTROP,9MM CANYONLINE - 65 M
BWR,CLISFTROP,"FIREHOSE ROPE GUARD- 24"""
BWR,CLISFTROP,"FIREHOSE ROPE GUARD- 30"""
BWR,CLISFTWEB,15MM TUBULAR - 100 YDS
BWR,PETLSH,K9 CORD DOG LEASH - 4 FT
BWR,PETLSH,K9 CORD DOG LEASH - 6 FT
CAMELB,DW ACS,BOTTLE BRUSH KIT
CAMELB,DW ACS,CARRY CAP ACCESSORY
CAMELB,DW ACS,EDDY BITE 2 BITE VALVE/2 STRAW
CAMELB,DW ACS,EDDY+ KIDS ACCESSORY 4 MULTI B
CAMELB,DW ACS,EDDY®+ BITE VALVE/STRAW
CAMELB,DW ACS,EDDY®+ KIDS REPL CAP W/STRAW
CAMELB,DW ACS,PODIUM MUD CAP
CAMELB,DW ACS,PODIUM/PEAK REP CAP
CAMELB,DW ACS,QUICK STOW FLASK TUBE ADAPTER
CAMELB,DW ACS,THRIVE BITE VALVE AND STRAW 2P
CAMELB,DW ACS,THRIVE CHUG ACCESSORY CAP
CAMELB,DW ACS,THRIVE FLIP STRAW
CAMELB,DW ACS,THRIVE FLIP STRAW ACCESSORY CA
CAMELB,DW ACS,THRIVE FLIP STRAW KIDS ACCS
CAMELB,DW ACS,THRIVE KIDS BITE VALVE
CAMELB,DW BOTBIK,PODIUM
CAMELB,DW BOTBIK,PODIUM - 15 OZ
CAMELB,DW BOTBIK,PODIUM - 21 OZ
CAMELB,DW BOTBIK,PODIUM - 24 OZ
CAMELB,DW BOTBIK,PODIUM CAGE
CAMELB,DW BOTBIK,PODIUM CHILL
CAMELB,DW BOTBIK,PODIUM CHILL - 21 OZ
CAMELB,DW BOTBIK,PODIUM CHILL - 24 OZ
CAMELB,DW BOTBIK,PODIUM CHILL REFLECT - 21 OZ
CAMELB,DW BOTBIK,PODIUM DIRT - 15 OZ
CAMELB,DW BOTBIK,PODIUM DIRT CHILL - 21 OZ
CAMELB,DW BOTBIK,PODIUM DIRT SERIES
CAMELB,DW BOTBIK,PODIUM DIRT SERIES CHILL
CAMELB,DW BOTBIK,PODIUM ICE
CAMELB,DW BOTBIK,PODIUM INS. STEEL - 18 OZ
CAMELB,DW BOTBIK,PODIUM INS. STEEL - 22 OZ
CAMELB,DW BOTKID,EDDY+ KIDS 14OZ
CAMELB,DW BOTKID,THRIVE FLIP STRAW KIDS
CAMELB,DW BOTKID,THRIVE FLIP STRAW KIDS VSS
CAMELB,DW BOTKID,X EDDY+ KIDS 14OZ
CAMELB,DW BOTMTL,PODIUM INSULATED STEEL
CAMELB,DW BOTMTL,THRIVE CHUG
CAMELB,DW BOTMTL,THRIVE CHUG - 25 OZ
CAMELB,DW BOTMTL,THRIVE CHUG - 32 OZ
CAMELB,DW BOTMTL,THRIVE CHUG - 50 OZ
CAMELB,DW BOTMTL,THRIVE CHUG VSS
CAMELB,DW BOTMTL,THRIVE CHUG VSS - 32 OZ
CAMELB,DW BOTMTL,THRIVE CHUG VSS - 40 OZ
CAMELB,DW BOTMTL,THRIVE FLIP STRAW
CAMELB,DW BOTMTL,THRIVE FLIP STRAW VSS
CAMELB,DW BOTPLA,EDDY+ 20OZ
CAMELB,DW BOTPLA,EDDY+ 25OZ
CAMELB,DW BOTPLA,EDDY+ KIDS 14OZ
CAMELB,DW BOTPLA,EDDY+ KIDS 14OZ JUNGLE ANIM
CAMELB,DW BOTPLA,THRIVE CHUG VSS - 40 OZ
CAMELB,DW BOTPLA,X EDDY+ 25OZ
CAMELB,DW BOTRUN,QUICK GRIP CHILL HANDHELD
CAMELB,DW BOTRUN,QUICK STOW FLASK - 12 OZ
CAMELB,DW BOTRUN,QUICK STOW FLASK - 17 OZ
CAMELB,DW BOTRUN,QUICK STOW FLASK - 21 OZ
CAMELB,DW INS,X TALL MUG SST INSULATED
CAMELB,DW MUG,THRIVE MUG VSS
CAMELB,DW TUM,THRIVE TUMBLER
CAMELB,DW TUM,THRIVE TUMBLER VSS
CAMELB,PAKHIP,MULE 5 WAIST PACK
CAMELB,PAKHIP,PODIUM FLOW 2 WAIST PACK
CAMELB,PAKHIP,PODIUM FLOW 4
CAMELB,PAKHIP,PODIUM FLOW 4 WAIST PACK
CAMELB,PAKHIP,PODIUM FLOW BELT
CAMELB,PAKHIP,ULTRA BELT M/L
CAMELB,PAKHIP,ULTRA BELT S/M
CAMELB,PAKHIP,ULTRA BELT XS/S
CAMELB,PAKHYD,ARETE 14
CAMELB,PAKHYD,ARETE 18
CAMELB,PAKHYD,ARETE SLING 8
CAMELB,PAKHYD,CLASSIC LIGHT
CAMELB,PAKHYD,CLOUD WALKER
CAMELB,PAKHYD,DART
CAMELB,PAKHYD,FOURTEENER 26
CAMELB,PAKHYD,FOURTEENER 32
CAMELB,PAKHYD,H.A.W.G. PRO 20
CAMELB,PAKHYD,HYDROBAK LIGHT
CAMELB,PAKHYD,LOBO 9
CAMELB,PAKHYD,MULE 12
CAMELB,PAKHYD,MULE 5 WAIST PACK
CAMELB,PAKHYD,MULE EVO 3L
CAMELB,PAKHYD,MULE PRO 14
CAMELB,PAKHYD,OCTANE 12 FUSION 2L
CAMELB,PAKHYD,OCTANE 16 FUSION 2L
CAMELB,PAKHYD,OCTANE 22 FUSION 2L
CAMELB,PAKHYD,RIM RUNNER X22
CAMELB,PAKHYD,RIM RUNNER X30
CAMELB,PAKHYD,ROGUE LIGHT 7
CAMELB,PAKHYD,SHASTA 30 CASTLEROCK
CAMELB,PAKHYD,ZEPHYR PRO 34OZ
CAMELB,PAKHYDACS,BIG BITE VALVE
CAMELB,PAKHYDACS,BIG BITE VALVE COVER
CAMELB,PAKHYDACS,"BIG BITE VALVES, 4 PACK"
CAMELB,PAKHYDACS,CLEANING TABLETS - 8PK
CAMELB,PAKHYDACS,CRUX CLEANING KIT
CAMELB,PAKHYDACS,CRUX INSULATED TUBE
CAMELB,PAKHYDACS,CRUX ON/OFF VALVE RESERVOIR
CAMELB,PAKHYDACS,CRUX REPLACEMENT TUBE
CAMELB,PAKHYDACS,CRUX THERMAL CONTROL KIT
CAMELB,PAKHYDACS,IMPACT PROTECTOR PANEL
CAMELB,PAKHYDACS,MAGNETIC TUBE TRAP
CAMELB,PAKHYDACS,QUICK STOW FLASK BITE VALVE
CAMELB,PAKHYDACS,REPLACEMENT TUBE
CAMELB,PAKHYDACS,RESERVOIR CLEANING BRUSH KIT
CAMELB,PAKHYDACS,RESERVOIR DRYER
CAMELB,PAKHYDRES,CRUX LUMBAR 1.5L RESERVOIR
CAMELB,PAKHYDRES,CRUX LUMBAR 3L RESERVOIR
CAMELB,PAKHYDRES,CRUX RESERVOIR - 1.5 L
CAMELB,PAKHYDRES,CRUX RESERVOIR - 2 L
CAMELB,PAKHYDRES,CRUX RESERVOIR - 3 L
CAMELB,PAKHYDRES,FUSION GROUP RESEVOIR
CAMELB,PAKHYDRES,FUSION RESERVOIR
CAMELB,PAKHYDUNI,TRAIL RUN VEST
CAMELB,PAKHYDWMN,W'S FOURTEENER 24
CAMELB,PAKHYDWMN,W'S FOURTEENER 30
CAMELB,PAKHYDWMN,W'S LOBO 9
CAMELB,PAKHYDWMN,W'S M.U.L.E. 12
CAMELB,PAKHYDWMN,W'S MULE 12
CAMELB,PAKHYDWMN,W'S MULE 12 ??
CAMELB,PAKHYDWMN,W'S MULE PRO 14
CAMELB,PAKHYDWMN,W'S RIM RUNNER X20
CAMELB,PAKHYDWMN,W'S RIM RUNNER X28
CAMELB,PAKHYDWMN,W'S ZEPHYR PRO
CAMELB,PAKHYDYTH,MINI MULE
CAMELB,PAKVSTUNI,APEX PRO RUN VEST 34OZ
CAMELB,PAKVSTUNI,CHASE ADVENTURE 8 VEST
CAMELB,PAKVSTUNI,CHASE RACE 4 VEST
CAMELB,PAKVSTUNI,CIRCUIT RUN VEST
CAMELB,PAKVSTUNI,TRAIL RUN VEST
CAMELB,PAKVSTWMN,W'S CHASE ADVENTURE 8 VEST
CAMELB,PAKVSTWMN,W'S CHASE RACE 4 VEST
CAMELB,PAKVSTWMN,W'S CIRCUIT RUN VEST
CAMELB,PAKVSTWMN,W'S RIM RUNNER X20
CAMELB,PAKVSTWMN,W'S RIM RUNNER X28
CAMELB,PAKVSTWMN,W'S TRAIL RUN VEST
CAMELB,WTRCONHRD,EDDY+ 25OZ
CAMELB,WTRCONKID,EDDY+ KIDS SST INSULATED
CAMELB,WTRFLT,EDDY+ 32OZ LIFESTRAW
CAMELB,WTRFLT,EDDY+ LIFESTRAW
CAMELB,WTRFLT,LIFESTRAW CRUX 2L RES
CAMELB,WTRFLT,LIFESTRAW RESERVOIR GRAVITY
CAMELB,WTRFLTACS,LIFESTRAW CARBON CAPSULES
CAMPT,FURCHR,"ROLL-A-COT LONG 79""X32""X15"""
CAMPT,FURCHR,ROLL-A-STOOL
CAMPT,FURCHR,ROLL-A-TABLE ADJUSTABLE
CAMPT,FURTAB,ROLL-A-TABLE
CAMPT,SLPCOT,"ROLL-A-COT WIDE 74""X32""X15"""
CAMPUS,CLIAIDASN,SOLO 2
CAMPUS,CLIAIDASN,TURBOHAND LEFT
CAMPUS,CLIAIDASN,TURBOHAND PRO
CAMPUS,CLIAIDASN,TURBOHAND RIGHT
CAMPUS,CLIAIDDAS,"54"" NYLON DAISY TWIST"
CAMPUS,CLIAIDDAS,DAISY TWIST STANDARD
CAMPUS,CLIAIDDAS,NYLON DAISY TWIST LONG
CAMPUS,CLIAIDHOK,CAPTAIN HOOK-LARGE
CAMPUS,CLIAIDHOK,CAPTAIN HOOK-MEDIUM
CAMPUS,CLIAIDHOK,CAPTAIN HOOK-SMALL
CAMPUS,CLIAIDHW,ALUMINUM FIFI HOOK
CAMPUS,CLIAIDHW,ALUMINUM FIFI HOOK-POLISHED
CAMPUS,CLIAIDHW,BABY ANGLE PITON - MEDIUM
CAMPUS,CLIAIDHW,BABY ANGLE PITON - SMALL
CAMPUS,CLIAIDHW,BABY ANGLE-LARGE
CAMPUS,CLIAIDHW,BABY ANGLE-MEDIUM
CAMPUS,CLIAIDHW,BABY ANGLE-SMALL
CAMPUS,CLIAIDHW,IRON HAWK
CAMPUS,CLIAIDPLY,DRYAD
CAMPUS,CLIAIDPLY,TETHYS SMALL PULLEY
CAMPUS,CLIAIDRG,LIFT
CAMPUS,CLIAIDSWL,GYRO 1
CAMPUS,CLIAIDSWL,GYRO 3
CAMPUS,CLIAIDSWL,GYRO 4
CAMPUS,CLIAIDSWL,SWIVEL
CAMPUS,CLIATCBLT,10MM DELTA QL INOX SS
CAMPUS,CLIATCBLT,10MM DELTA QL PLATED STEEL
CAMPUS,CLIATCBLT,10MM OVAL QUICK LINK STEEL
CAMPUS,CLIATCBLT,18CM CABLE EXPRESS
CAMPUS,CLIATCBLT,23CM CABLE EXPRESS
CAMPUS,CLIATCBLT,8MM DELTA QUICK LINK STEEL
CAMPUS,CLIATCBLT,8MM OVAL QUICK LINK  STEEL
CAMPUS,CLIATCHAM,BRENTA PITON HAMMER
CAMPUS,CLIATCHNG,OVAL QUICK LINK STAINLESS 8 MM
CAMPUS,CLIATCHNG,SET 5 OVAL QUICK LINK STEEL 8
CAMPUS,CLIBAGCHK,ACQUALONG CHALKBAG - ASST
CAMPUS,CLIBAGCHK,PATABANG CHALKBAG
CAMPUS,CLIBELCNY,OTTO LARGE 8
CAMPUS,CLIBELCNY,OTTO STANDARD FIGURE 8
CAMPUS,CLIBELNAS,PIU 2.0
CAMPUS,CLIBELNAS,PIU 2.0 BELAY KIT
CAMPUS,CLICARLK,ATLAS LOCK
CAMPUS,CLICARLK,ATOM LOCK HMS BLACK
CAMPUS,CLICARLK,CORE LOCK CARABINER
CAMPUS,CLICARLK,EKTO
CAMPUS,CLICARLK,EKTO LOCK
CAMPUS,CLICARLK,NIMBUS LOCK
CAMPUS,CLICARLK,NIMBUS LOCK 3 PACK
CAMPUS,CLICARLK,ORBIT 2 LOCK
CAMPUS,CLICARLK,ORBIT 2LOCK-GUN METAL / BLUE
CAMPUS,CLICARLK,ORBIT LOCK
CAMPUS,CLICARLK,ORBIT LOCK 3 PACK
CAMPUS,CLICARLK,OVAL COMPACT LOCK
CAMPUS,CLICARLK,OVAL PRO 2LOCK
CAMPUS,CLICARLK,OVAL STANDARD LOCK
CAMPUS,CLICARLK,OVAL XL 2LOCK-TITANIUM
CAMPUS,CLICARLK,OVAL XL 3LOCK-TITANIUM
CAMPUS,CLICARLK,OVAL XL LOCK-BLUE
CAMPUS,CLICARLK,OVAL XL LOCK-GREEN
CAMPUS,CLICARLK,OVAL XL LOCK-TITANIUM
CAMPUS,CLICARLK,PHOTON LOCK
CAMPUS,CLICARLK,PHOTON LOCK 3 PACK - JANJA
CAMPUS,CLICARLK,PHOTON LOCK JANJA-FUCHSIA
CAMPUS,CLICARLK,PHOTON LOCKER 3 PACK
CAMPUS,CLICARLK,STEEL D 2 LOCK CARABINER
CAMPUS,CLICARLK,STEEL D 3 LOCK CARABINER
CAMPUS,CLICARLK,STEEL D LOCK CARABINER
CAMPUS,CLICARLK,STEEL OVAL LOCK CARABINER
CAMPUS,CLICARLK,STEEL OVAL PRO LOCK
CAMPUS,CLICARNLK,DYON
CAMPUS,CLICARNLK,DYON RACK PACK
CAMPUS,CLICARNLK,NANO 22
CAMPUS,CLICARNLK,NANO 22 RACK PACK
CAMPUS,CLICARNLK,NANO 22-YELLOW
CAMPUS,CLICARNLK,ORBIT BENT GATE
CAMPUS,CLICARNLK,ORBIT STRAIGHT GATE
CAMPUS,CLICARNLK,ORBIT WIRE
CAMPUS,CLICARNLK,OVAL XL-TITANIUM
CAMPUS,CLICARNLK,PHOTON BENT GATE
CAMPUS,CLICARNLK,PHOTON STRAIGHT GATE
CAMPUS,CLICARNLK,PHOTON WIRE
CAMPUS,CLICARNLK,PHOTON WIRE RACKPACK
CAMPUS,CLICARQD,11CM ORBIT WIRE EXPRESS KS QD
CAMPUS,CLICARQD,18CM ORBIT WIRE EXPRESS KS QD
CAMPUS,CLICARQD,ALPINE EXPRESS DYNEEMA QD
CAMPUS,CLICARQD,ALPINE EXPRESS QD 4 PACK
CAMPUS,CLICARQD,DYON EXPRESS KS 12 CM
CAMPUS,CLICARQD,DYON MIXED EXPRESS KS 12 CM
CAMPUS,CLICARQD,DYON MIXED EXPRESS KS 18 CM
CAMPUS,CLICARQD,KARSTOP #2
CAMPUS,CLICARQD,LOCKER DRAW KS 12 CM
CAMPUS,CLICARQD,NANO 22 EXPRESS KS DYNEEMA 18
CAMPUS,CLICARQD,ORBIT MIXED EXPRESS 11 CM
CAMPUS,CLICARQD,ORBIT MIXED EXPRESS KS 18 CM
CAMPUS,CLICARQD,ORBIT WIRE EXPRESS KS 12 CM 6
CAMPUS,CLICARQD,PHOTON EXP KS JANJA 12 CM
CAMPUS,CLICARQD,PHOTON EXPR KS JANJA 12CM 6PK
CAMPUS,CLICARQD,SLING STOP KS DYNEEMA 12CM
CAMPUS,CLICHK,BLOCK CHALK 56 G
CAMPUS,CLICHK,CHUNKY CHALK
CAMPUS,CLICHKBSH,CLIMBING BRUSH
CAMPUS,CLIGLVBEL,AXION GLOVE
CAMPUS,CLIGLVBEL,AXION LIGHT GLOVE
CAMPUS,CLIGLVBEL,START GLOVE- FULL FNGR
CAMPUS,CLIHELUNI,IKON HELMET
CAMPUS,CLIHELUNI,IKON NOVA
CAMPUS,CLIHELUNI,ROCKSTAR HELMET
CAMPUS,CLIHELUNI,STORM HELMET
CAMPUS,CLIHELUNI,TITAN-LARGE
CAMPUS,CLIHELUNI,TITAN-SMALL
CAMPUS,CLIHNSUNI,ENERGY CR 3 HARNESS
CAMPUS,CLIHNSUNI,ENERGY CR4 HARNESS
CAMPUS,CLIHNSUNI,SPARK
CAMPUS,CLIHNSWMN,ENERGY NOVA HARNESS
CAMPUS,CLIHNSWMN,SPARK NOVA
CAMPUS,CLIHNSYTH,BAMBINO FULL BODY HARNESS
CAMPUS,CLIMSC,HAMMER HOLDER
CAMPUS,CLINUTBAL,BALL NUT #1
CAMPUS,CLINUTBAL,BALL NUT #2
CAMPUS,CLINUTBAL,BALL NUT #3
CAMPUS,CLINUTBAL,BALL NUT #4
CAMPUS,CLINUTBAL,BALL NUT #5
CAMPUS,CLINUTTOL,NUT TOOL
CAMPUS,CLINUTTRI,DYNEEMA TRI CAM SET 0.5-2.0
CAMPUS,CLINUTTRI,TRICAM .125
CAMPUS,CLINUTTRI,TRICAM 0.5
CAMPUS,CLINUTTRI,TRICAM 1.0
CAMPUS,CLINUTTRI,TRICAM 1.5
CAMPUS,CLINUTTRI,TRICAM 2.0
CAMPUS,CLINUTTRI,TRICAM 2.5
CAMPUS,CLINUTTRI,TRICAM 3.0
CAMPUS,CLINUTTRI,TRICAM 3.5
CAMPUS,CLINUTTRI,TRICAM 6.0
CAMPUS,CLINUTTRI,TRICAM EVO 0.25
CAMPUS,CLINUTTRI,TRICAM EVO 0.5
CAMPUS,CLINUTTRI,TRICAM EVO 1.5
CAMPUS,CLINUTTRI,TRICAM EVO SET 0.25-1.5
CAMPUS,CLINUTTRI,TRICAM SET 0.125-2.0
CAMPUS,CLIPAD,DOMINO CRASH PAD
CAMPUS,CLIPAD,MINIDO CRASH PAD
CAMPUS,CLISFTPAS,SWING DYNAMIC BELAY LANYARD
CAMPUS,CLISFTROP,ELEKTRA 9.2
CAMPUS,CLISFTSLG,10.5 MM EXPRESS DYNEEMA RUNNER
CAMPUS,CLISFTSLG,8.5 MM EXPRESS DYNEEMA
CAMPUS,CLISFTSLG,8.5 MM EXPRESS DYNEEMA RUNNER
CAMPUS,FW ACSSPK,CHAINSEN KIDS
CAMPUS,FW ACSSPK,CHAINSEN LIGHT
CAMPUS,FW ACSSPK,CHAINSEN PRO
CAMPUS,FW ACSSPK,SNOWLINE SPIKES-LIGHT
CAMPUS,FW ACSSPK,SNOWLINE SPIKES-PRO
CAMPUS,FW ACSSPK,SNOWLINE SPIKES-TRAIL
CAMPUS,FW ACSSPK,Y'S SNOWLINE SPIKES
CAMPUS,FWACS,CHAINSEN TRAIL LIGHT
CAMPUS,HIKPOL,BACKCOUNTRY 3.0
CAMPUS,HIKPOL,BACKCOUNTRY BAMBOO
CAMPUS,HIKPOL,XENON PRO 2.0 POLES
CAMPUS,PAKDAY,M30
CAPT,HATCAP,C12 CTM - BLACK
CAPT,HATCAP,C12 CTM - BLACK INDIAN CREEK
CAPT,HATCAP,C12 CTM - CANYONLANDS NP
CAPT,HATCAP,C12 CTM - CHARCOAL GREY
CAPT,HATCAP,C12 CTM - COLBLUE/BIRCH/DKORG
CAPT,HATCAP,C12 CTM - DK GREEN/BIRCH
CAPT,HATCAP,C12 CTM - HT CHARCOAL GREY
CAPT,HATCAP,C12 CTM - HT GREY/BIRCH/DK ORG
CAPT,HATCAP,C12 CTM - HT GREY/BIRCH/LT NAV
CAPT,HATCAP,C12 CTM - HT GREY/BIRCH/MAROON
CAPT,HATCAP,C12 CTM - HT GREY/BLK/BISCUIT
CAPT,HATCAP,C12 CTM - HT GRY/BIRCH/DK ORG
CAPT,HATCAP,C12 CTM - HTHR GREY/BIRCH/BISC
CAPT,HATCAP,C12 CTM - LEATHER PATCH
CAPT,HATCAP,C12 CTM INDIAN CREEK
CAPT,HATCAP,C19 CTM - BLACK
CAPT,HATCAP,C19 CTM - MOAB EMBROIDERY
CAPT,HATCAP,C19 CTM - SHOPBAG WHITE/HT GRY
CAPT,HATCAP,C19 CTM - SMOKE BLUE/MAROON
CAPT,HATCAP,C20 CTM - APPLIQUE
CAPT,HATCAP,C20 CTM - BLACK INDIAN CREEK
CAPT,HATCAP,C20 CTM - H.GREY/BIRCH.BISCUIT
CAPT,HATCAP,C20 CTM - MOAB EMBROIDERY
CAPT,HATCAP,C20 PERF - APPLIQUE
CAPT,HATCAP,C25 PC - INDIAN CREEK BLACK
CAPT,HATCAP,C25 PC - MOAB EMBROIDERY
CAPT,HATCAP,C45 PERF - EMBROIDERY
CAPT,HATCAP,C45 PERF - MIDNIGHT
CAPT,HATCAP,C51-PERF CANYONLANDS RUBBER PA
CAPT,HATCAP,C52 WM - BLACK
CAPT,HATCAP,C52 WM - DARKCARD/ALUM/NAVY
CAPT,HATCAP,C52 WM - HT.CHAR/ALUM/BISCUIT
CAPT,HATCAP,C52 WM - HT.CHAR/BIRCH/CARDINA
CAPT,HATCAP,C52 WM - LEATHER - BLACK
CAPT,HATCAP,C52 WM - LEATHER - BROWN/KHAKI
CAPT,HATCAP,C52 WM - LEATHER CHARCOAL/WHI
CAPT,HATCAP,C52 WM - OLIVE/BLACK
CAPT,HATCAP,C52 WM - SPRUCE/BIRCH
CAPT,HATCAP,C52 WM - TIGER OLIVE/OLD GOLD/
CAPT,HATCAP,C52 WM - TIGER/OLDGLD/OLIVE
CAPT,HATCAP,C54 WRN - RUST/WHITE RED DIRT
CAPT,HATCAP,C55 // CT CANYONLANDS LEATHER
CAPT,HATCAP,C55 // N LEATHER - BLACK
CAPT,HATCAP,C55 CT - CANYONLANDS NP
CAPT,HATCAP,C55 CT MOAB PATCH - BROWN
CAPT,HATCAP,C55 CT MOAB PATCH - DK LODEN
CAPT,HATCAP,C55 CTM - MOAB EMBROIDERY
CAPT,HATCAP,C55 N - BLK/LOD/BIS/RED
CAPT,HATCAP,C55 N - CHAR/BURG RED DIRT SU
CAPT,HATCAP,C55 N - LEATHER PATCH
CAPT,HATCAP,C55 N - MAROON/BLK/BISCUIT
CAPT,HATCAP,C55 N - SALMON/BLACK/BISCUIT
CAPT,HATCAP,C55 N - SALMON/BLACK/GOLD
CAPT,HATCAP,C55 N - SALMON/BLK/BISCUIT
CAPT,HATCAP,C55 PC - BLACK
CAPT,HATCAP,C55 PC - PALE MAROON
CAPT,HATCAP,C55 PC - SEA BLUE
CAPT,HATCAP,C55 PC - WASHED GREEN
CAPT,HATCAP,C55 PC SEA BLUE
CAPT,HATCAP,C55 RS TIGER CAMO/GOLD YELLOW
CAPT,HATCAP,C57 PERF - LEATHER PATCH
CAPT,HATCAP,C58 CTM - BLACK/CAMO/LODEN
CAPT,HATCAP,C58 CTM - LEATHER PATCH
CAPT,HATCAP,C58 CTM - ORANGE/CHARCOAL/BLK
CAPT,HATCAP,C58-CTM INDIAN CREEK
CAPT,HATCAP,C97- NATURAL STRAW SURF MOAB
CCP,FURCHR,AIRLOUNGER
CCP,FURCHR,CANOE IV
CCP,FURCHR,HEX 2.0 LONG BACK
CCP,FURCHR,HEX 2.0 ORIGINAL
CCP,FURCHR,LONGBACK CHAIR
CCP,FURTAB,ORIGINAL CHAIR
CD,CMPACS,X PUSH-PULL CAP
CD,FURCHR,LUXURYLITE MESH COT XLARGE
CD,FURCHR,ULTRALITE COT™ REFLECT GREEN
CD,FW ACSSPK,LIGHTNING ASCENT
CD,HIKPOL,EVO TAIL SET
CD,HIKPOL,POWDER BASKET KIT
CD,HIKPOL,SNOW BASKET KIT
CD,KCHMSC,MAGNETIC DRINK TUBE CLIP
CD,KITCW,FLEX 3 SYSTEM
CD,KITCW,QUICK SKILLET
CD,RPR,RAINFLY REPAIR KIT
CD,RVRDRY,15L BLOCKERLT DRY SACK
CD,RVRDRY,5L BLOCKERLT DRY SACK
CD,RVRDRY,BAJA 10L BLACK
CD,RVRDRY,BAJA 10L OLIVE
CD,RVRDRY,BAJA 10L RED
CD,RVRDRY,BAJA 10L YELLOW
CD,RVRDRY,BAJA 20L BLACK
CD,RVRDRY,BAJA 20L OLIVE
CD,RVRDRY,BAJA 20L RED
CD,RVRDRY,BAJA 20L YELLOW
CD,RVRDRY,BAJA 30L BLACK
CD,RVRDRY,BAJA 30L OLIVE
CD,RVRDRY,BAJA 30L RED
CD,RVRDRY,BAJA 30L YELLOW
CD,RVRDRY,BAJA 55L BLACK
CD,RVRDRY,BAJA 55L YELLOW
CD,RVRDRY,BAJA 5L BLACK
CD,RVRDRY,BAJA 5L OLIVE
CD,RVRDRY,BAJA 5L RED
CD,RVRDRY,BAJA 5L YELLOW
CD,RVRDRY,BAJA DRY BAG 40L BLACK
CD,RVRDRY,BAJA DRY BAG 40L YELLOW
CD,RVRDRY,BAJA VIEW 10L CLEAR
CD,RVRDRY,BAJA VIEW 20L CLEAR
CD,RVRDRY,BAJA VIEW 5L CLEAR
CD,RVRDRY,BLOCKERLITE DRY 10L GREEN
CD,RVRDRY,BLOCKERLITE DRY 10L PURPLE
CD,RVRDRY,BLOCKERLITE DRY 15L BLUE
CD,RVRDRY,BLOCKERLITE DRY 15L GREEN
CD,RVRDRY,BLOCKERLITE DRY 15L YELLOW
CD,RVRDRY,BLOCKERLITE DRY 20L BLUE
CD,RVRDRY,BLOCKERLITE DRY 5L GREEN
CD,RVRDRY,BOUNDARY PACK 115L NEW YELLOW
CD,RVRDRY,BOUNDARY PACK 35L - YELLOW
CD,RVRDRY,BOUNDARY PACK 65L
CD,RVRDRY,KODIAK DECK BAG
CD,RVRDRY,KODIAK WDO DRY SACK 15L
CD,RVRDRY,KODIAK WDO DRY SACK 20L
CD,RVRDRY,MAP CASE - MEDIUM
CD,RVRDRY,NIMBUS SACK 10L
CD,RVRDRY,SEE POUCH - LRG - BLACK
CD,RVRDRY,SEE POUCH - SMALL - BLACK
CD,RVRDRY,SEE POUCH - SMALL - RED
CD,RVRSS,UNIVERSAL STUFFSACK 11.5L
CD,RVRSS,UNIVERSAL STUFFSACK 15L
CD,RVRSS,UNIVERSAL STUFFSACK 26L
CD,RVRSS,UNIVERSAL STUFFSACK 2L
CD,RVRSS,UNIVERSAL STUFFSACK 36L
CD,RVRSS,UNIVERSAL STUFFSACK 3L
CD,RVRSS,UNIVERSAL STUFFSACK 4L
CD,RVRSS,UNIVERSAL STUFFSACK 5L
CD,RVRSS,UNIVERSAL STUFFSACK 7
CD,SLPACS,SLEEPLINER LONG
CD,SLPACS,SLEEPLINER REGULAR
CD,SLPBAG,DORADO HD
CD,SLPBAG,OBERON 0 LONG
CD,SLPBAG,OBERON 0 REGULAR
CD,SLPBAG,VENTANA
CD,SLPCOT,LUXURYLITE MESH COT XL
CD,SLPPIL,STUFF SACK PILLOW CASE
CD,TNTACS,DRY LINE KIT V2
CD,TNTACS,TENT GEAR LOFT
CD,TRVDFL,PRO ZIP DUFFLE 40L BROWN
CD,TRVDFL,PRO ZIP DUFFLE 40L ORANGE
CD,TRVDFL,PRO ZIP DUFFLE 70L BLACK
CD,TRVDFL,PRO ZIP DUFFLE 70L BROWN
CD,TRVDFL,PRO ZIP DUFFLE 70L ORANGE
CD,TRVDFL,WIDEMOUTH DUFFLE 40L
CD,TRVDFL,WIDEMOUTH DUFFLE 80L
CD,WTRFLT,SWEETWATER HOSE SET
CD,XXX,MSR LOGO HOOK 6
CD_MSR,CMPFIL,MINIWORKS MAINTENANCE KIT
CD_MSR,FULBTL,CHILD-RESISTANT FUEL BOTTLE CA
CD_MSR,FULWG,ISOPRO CANISTER - 100G
CD_MSR,FULWG,ISOPRO CANISTER - 230 G
CD_MSR,FULWG,ISOPRO CANISTER - 450 G
CD_MSR,FULWG,MSR SUPER FUEL - 1QT
CD_MSR,FW ACSSPK,LIGHTNING™ ASCENT SNOWSHOES
CD_MSR,KCHCOF,"COFFEE PRESS KIT, REACTOR 1.7L"
CD_MSR,KCHCOF,"COFFEE PRESS KIT, WINDBURNER 1"
CD_MSR,KCHSTV,DRAGONFLY STOVE
CD_MSR,KCHSTV,LOWDOWN REMOTE STOVE ADAPTER
CD_MSR,KCHSTV,POCKET ROCKET 2 MINI STOVE KIT
CD_MSR,KCHSTV,POCKET ROCKET 2 STOVE
CD_MSR,KCHSTV,POCKET ROCKET DELUXE STOVE
CD_MSR,KCHSTV,POCKET ROCKET DELUXE STOVE KIT
CD_MSR,KCHSTV,POCKET ROCKET STOVE KIT
CD_MSR,KCHSTV,POCKETROCKET 2 MINI STVKIT U24
CD_MSR,KCHSTV,POCKETROCKET DELUX STV KIT U24
CD_MSR,KCHSTV,POCKETROCKET STOVE KIT V2
CD_MSR,KCHSTV,REACTOR STOVE SYSTEM 1.7LTR
CD_MSR,KCHSTV,REACTOR STOVE SYSTEM 1LTR
CD_MSR,KCHSTV,SWITCH SYSTEM STOVE
CD_MSR,KCHSTV,WB ACCESSORY POT 1LTR
CD_MSR,KCHSTV,WHISPERLITE INTNL STOVE
CD_MSR,KCHSTV,WHISPERLITE STOVE
CD_MSR,KCHSTV,WINDBURNER 1.0L SYS BLK U24
CD_MSR,KCHSTV,WINDBURNER 1.0L SYS RED U24
CD_MSR,KCHSTV,WINDBURNER DUO STOVE SYSTEM
CD_MSR,KCHSTV,WINDBURNER GROUP SYSTEM
CD_MSR,KCHSTV,WINDBURNER STOVE 1LTR
CD_MSR,KCHSTV,WINDPRO II STOVE
CD_MSR,KCHSTV,XGK EX STOVE
CD_MSR,KCHSTVACS,EXP FUEL BOTTLE CAP
CD_MSR,KCHSTVACS,EXP SERVICE KIT - DRAGONFLY
CD_MSR,KCHSTVACS,EXP SERVICE KIT - WL/WLI/WLU
CD_MSR,KCHSTVACS,FUEL BOTTLE 11OZ
CD_MSR,KCHSTVACS,FUEL BOTTLE 20OZ
CD_MSR,KCHSTVACS,FUEL BOTTLE 30OZ
CD_MSR,KCHSTVACS,FUEL PUMP - DRAGONFLY
CD_MSR,KCHSTVACS,FUEL PUMP - STANDARD
CD_MSR,KCHSTVACS,HANDHELD PIEZO IGNITOR
CD_MSR,KCHSTVACS,HEAT EXCHANGER
CD_MSR,KCHSTVACS,HEAT REFLECTOR & WINDSCREEN
CD_MSR,KCHSTVACS,REACTOR HANGING KIT
CD_MSR,KCHSTVACS,STRIKE IGNITER
CD_MSR,KCHSTVACS,TRILLIUM STOVE BASE
CD_MSR,KCHSTVACS,UNIVERSAL CANISTER STAND
CD_MSR,KITACS,PANHANDLER
CD_MSR,KITCO,MUGMATE COFFEE/TEA FILTER
CD_MSR,KITCO,WINDBURNER SAUCE POT
CD_MSR,KITCW,ALPINE 2 POT SET
CD_MSR,KITCW,ALPINE 4 POT SET
CD_MSR,KITCW,ALPINE CHEF'S KNIFE
CD_MSR,KITCW,ALPINE DELUXE KITCHEN SET
CD_MSR,KITCW,ALPINE DISH BRUSH / SCRAPER
CD_MSR,KITCW,ALPINE DLX CUTTING BOARD
CD_MSR,KITCW,ALPINE FRY PAN
CD_MSR,KITCW,ALPINE GRATER / STRAINER
CD_MSR,KITCW,ALPINE KITCHEN KNIFE-BLUE
CD_MSR,KITCW,ALPINE NESTING BOWL
CD_MSR,KITCW,ALPINE PLATE
CD_MSR,KITCW,ALPINE SALT/PEPPER SHAKER
CD_MSR,KITCW,ALPINE SPATULA
CD_MSR,KITCW,ALPINIST 2 SYSTEM
CD_MSR,KITCW,CERAMIC 2.5L POT NEW
CD_MSR,KITCW,CERAMIC 2L POT NEW
CD_MSR,KITCW,CERAMIC FLEX SKILLET
CD_MSR,KITCW,CERAMIC SOLO POT NEW
CD_MSR,KITCW,PIKA 1 L TEAPOT
CD_MSR,KITCW,QUICK 2 SYSTEM
CD_MSR,KITCW,REACTOR POT - 1.7LTR
CD_MSR,KITCW,REACTOR POT - 1LTR
CD_MSR,KITCW,REACTOR POT - 2.5LTR
CD_MSR,KITCW,STOWAWAY POT 1.1LTR
CD_MSR,KITCW,STOWAWAY POT 1.6LTR
CD_MSR,KITCW,STOWAWAY POT 475ML
CD_MSR,KITCW,STOWAWAY POT 775ML
CD_MSR,KITCW,TITAN KETTLE 900ML
CD_MSR,KITCW,TITAN KETTLE BIG 1400ML
CD_MSR,KITCW,TRAIL LITE 1.3L POT
CD_MSR,KITCW,TRAIL LITE 2L POT
CD_MSR,KITCW,TRAIL LITE DUO SYSTEM
CD_MSR,KITCW,TRAIL LITE SOLO
CD_MSR,KITCW,TRAIL MINI DUO
CD_MSR,KITCW,TRAIL MINI SOLO
CD_MSR,KITCW,WINDBURNER CERAMIC SKILLET
CD_MSR,KITCW,WINDBURNER CERAMIC SKILLET CV2
CD_MSR,KITTW,ALPINE LONG TOOL SPOON
CD_MSR,KITTW,ALPINE SPOON
CD_MSR,KITTW,ALPINE TOOL FORK
CD_MSR,KITTW,ALPINE TOOL SPOON
CD_MSR,KITTW,ALPINE UTENSIL SET
CD_MSR,KITTW,DEEPDISH PLATE - GRAY
CD_MSR,KITTW,FOLDING FORK
CD_MSR,KITTW,FOLDING SPORK
CD_MSR,KITTW,FOLDING UTENSILS
CD_MSR,KITTW,TITAN CUP
CD_MSR,KITTW,TITAN CUP DOUBLE WALL
CD_MSR,KITTW,TITAN FORK & SPOON
CD_MSR,KITTW,TITAN LONG SPOON
CD_MSR,KITTW,TITAN SPORK
CD_MSR,KITTW,TITAN TOOL SPOON
CD_MSR,KITTW,ULTRALIGHT KITCHEN SET
CD_MSR,KITTW KIT,2 PERSON MESS KIT
CD_MSR,RPR,POLE REPAIR SPLINT LARGE
CD_MSR,RPR,POLE REPAIR SPLINT SMALL
CD_MSR,TNT,STORMKING
CD_MSR,TNTACS,ACCESSORY POLE 5 FT
CD_MSR,TNTACS,ADJUSTABLE POLE  4 FT
CD_MSR,TNTACS,ADJUSTABLE POLE  5 FT
CD_MSR,TNTACS,CAMRING CORD TENSIONER LARGE
CD_MSR,TNTACS,CAMRING CORD TENSIONERS
CD_MSR,TNTACS,HOOK STAKE BULK
CD_MSR,TNTACS,HUBBA GEAR SHED
CD_MSR,TNTACS,MSR STAKE HAMMER
CD_MSR,TNTACS,NIGHT GLOW ZIPPER PULLS
CD_MSR,TNTACS,REFLECTIVE UTILITY CORD KIT
CD_MSR,TNTACS,UL UTILITY CORD KIT
CD_MSR,TNTACS,UNIVERSAL ZIPPER PULLS
CD_MSR,TNTBP,ELIXIR 1 TENT S25
CD_MSR,TNTBP,ELIXIR 2 TENT S25
CD_MSR,TNTBP,ELIXIR 3 TENT
CD_MSR,TNTBP,ELIXIR 4 TENT S25
CD_MSR,TNTBP,HUBBA HUBBA 1P V8 TENT
CD_MSR,TNTBP,HUBBA HUBBA 2P V9 TENT
CD_MSR,TNTBP,HUBBA HUBBA LT 1P TENT
CD_MSR,TNTBP,HUBBA HUBBA LT 2P TENT
CD_MSR,TNTBP,HUBBA HUBBA LT 3P TENT
CD_MSR,TNTFP,PAPA HUBBA NX FOOTPRINT
CD_MSR,TNTFP,UNIVERSAL FOOTPRINT 1P
CD_MSR,TNTFP,UNIVERSAL FOOTPRINT 2P
CD_MSR,TNTFP,UNIVERSAL FOOTPRINT 3P
CD_MSR,TNTFP,UNIVERSAL FOOTPRINT 4P
CD_MSR,TNTFP,UNIVERSAL FOOTPRINT 6P
CD_MSR,TNTFP,WHISPERLITE UNIVERSAL STOVE
CD_MSR,TNTGUY,GUYLINE KIT
CD_MSR,TNTRPR,POLE MAINTENANCE KIT
CD_MSR,TNTRPR,SHOCK CORD REPL KIT
CD_MSR,TNTSTK,BLIZZARD STAKE
CD_MSR,TNTSTK,BLIZZARD STAKE KIT
CD_MSR,TNTSTK,CARBON CORE STAKE
CD_MSR,TNTSTK,CARBON CORE STAKE KIT
CD_MSR,TNTSTK,"CORE STAKE 9"" KIT"
CD_MSR,TNTSTK,CYCLONE STAKE KIT
CD_MSR,TNTSTK,"DART STAKE 9"" BULK"
CD_MSR,TNTSTK,GROUNDHOG STAKE KIT
CD_MSR,TNTSTK,"GROUNDHOG STAKE, BULK"
CD_MSR,TNTSTK,MINI GROUNDHOG STAKE KIT
CD_MSR,TNTSTK,"MINI GROUNDHOG STAKE, BULK"
CD_MSR,WTRCONRES,DROMEDARY 10 LITER V2
CD_MSR,WTRCONRES,DROMEDARY 3-IN-1 CAP
CD_MSR,WTRCONRES,DROMEDARY 4 LITER V2
CD_MSR,WTRCONRES,DROMEDARY 6 LITER V2
CD_MSR,WTRCONRES,DROMLITE 2 LITER V2
CD_MSR,WTRCONRES,DROMLITE 4 LITER V2
CD_MSR,WTRCONRES,DROMLITE 6 LITER V2
CD_MSR,WTRFLT,"ANNUAL MAINTENANCE KIT, STOVES"
CD_MSR,WTRFLT,AUTOFLOW BASECAMP FILTER
CD_MSR,WTRFLT,AUTOFLOW REPL CARTRIDGE
CD_MSR,WTRFLT,BIGZIP EVO FILTER CONNECTOR
CD_MSR,WTRFLT,GUARDIAN PURIFIER PUMP
CD_MSR,WTRFLT,HYPERFLOW MICROFILTER
CD_MSR,WTRFLT,HYPERFLOW PREFILTER REPL
CD_MSR,WTRFLT,HYPERFLOW REPL CARTRIDGE
CD_MSR,WTRFLT,MINIWORKS CERAMIC ELEMENT
CD_MSR,WTRFLT,MINIWORKS EX
CD_MSR,WTRFLT,MINIWORKS EX MICROFILTER
CD_MSR,WTRFLT,MINIWORKS EX PURIFIER SYSTEM
CD_MSR,WTRFLT,THRU-LINK E-PREP FILTER
CD_MSR,WTRFLT,THRU-LINK INLINE FILTER
CD_MSR,WTRFLT,TRAILSHOT MICROFILTER
CD_MSR,WTRFLT,TRAILSHOT REPL CATRIDGE
CD_MSR,WTRFLTACS,GUARDIAN ANNUAL MAINTENANCE KI
CD_MSR,WTRFLTACS,HYPERFLOW CLEANSIDE COVER
CD_MSR,WTRFLTTAB,AQUATABS 30 TABLETS
CD_PLT,DW ACS,RESERVOIR CLEANING KIT
CD_PLT,DW BOTBIK,SOFTBOTTLE CC 1L LOGO
CD_PLT,DW BOTBIK,SOFTBOTTLE PP CAP 1L APEX
CD_PLT,DW BOTBIK,SOFTBOTTLE PP CAP 1L ARROYO
CD_PLT,DW BOTBIK,SOFTBOTTLE PP CAP 1L LOGO
CD_PLT,DW BOTPLA,BIG ZIP EVO SHUTOFF VALVE
CD_PLT,DW BOTPLA,BITE VALVE COVER - BLUE
CD_PLT,DW BOTPLA,DRINK TUBE KIT S19
CD_PLT,DW BOTPLA,EVO RESRVOIR HANGER
CD_PLT,DW BOTPLA,HYFLO™ BITE VALVE
CD_PLT,DW BOTPLA,PLATY BOTTLE 2LTR
CD_PLT,DW BOTPLA,PLATYPRESERVE™ 800ML
CD_PLT,DW BOTPLA,SOFTBOTTLE CC 1L WAVES
CD_PLT,DW BOTPLA,SOFTBOTTLE PP CAP 1L WAVES
CD_PLT,WTRCONRES,BIG ZIP EVO 3L
CD_PLT,WTRCONRES,BIG ZIP EVO DRINK TUBE KIT 3L
CD_PLT,WTRCONRES,BIG ZIP™ EVO 1.5L
CD_PLT,WTRCONRES,BIG ZIP™ EVO 2L
CD_PLT,WTRCONRES,HOSER 1L
CD_PLT,WTRCONRES,HOSER 3L
CD_PLT,WTRCONRES,SOFTBOTTLE CC 1L APEX
CD_PLT,WTRCONSFT,HOSER 2L
CD_PLT,WTRCONSFT,SOFTBOTTLE CC 1L ARROYO
CD_PLT,WTRFLT,1L QUICKDRAW BLUE
CD_PLT,WTRFLT,2L QUICKDRAW BLUE
CD_PLT,WTRFLT,3L QUICKDRAW GRAVITY BLUE
CD_PLT,WTRFLT,DAYCAP FILTER REPLACEMENT
CD_PLT,WTRFLT,DAYCAP IN BOTTLE FILTER
CD_PLT,WTRFLT,GRAVITYWORKS 2.0L FILTER KIT
CD_PLT,WTRFLT,GRAVITYWORKS 2L BOTTLE KIT
CD_PLT,WTRFLT,GRAVITYWORKS 4.0L REPL HOSE KI
CD_PLT,WTRFLT,GRAVITYWORKS SYSTEM 4L U24
CD_PLT,WTRFLT,GRAVITYWORKS SYSTEM 6L U24
CD_PLT,WTRFLT,GRAVITYWORKS UNIV BOTTLE ADAPT
CD_PLT,WTRFLT,GRAVITYWORKS™ 4.0L FILTER
CD_PLT,WTRFLT,GRAVITYWORKS™ 6.0L FILTER
CD_PLT,WTRFLT,QUICKDRAW FILTER ONLY
CD_PLT,WTRFLT,QUICKDRAW™ MICROFILTER SYSTEM
CD_PT,TLTTWL,PT PERSONAL BEACH  BLUEBOTANIC
CD_PT,TLTTWL,PT PERSONAL BEACH  CHARCOAL
CD_PT,TLTTWL,PT PERSONAL BEACH  LAKE
CD_PT,TLTTWL,PT PERSONAL BEACH  PALM
CD_PT,TLTTWL,PT PERSONAL BEACH  PINE GREEN
CD_PT,TLTTWL,PT PERSONAL BEACH  RIPPLEBLUBI
CD_PT,TLTTWL,PT PERSONAL BEACH  SAGE
CD_PT,TLTTWL,PT PERSONAL BEACH  WINDINGPATH
CD_PT,TLTTWL,PT PERSONAL BEACH AGAVE
CD_PT,TLTTWL,PT PERSONAL BEACH CLOVER
CD_PT,TLTTWL,PT PERSONAL BEACH MIDNIGHT
CD_PT,TLTTWL,PT PERSONAL BEACH TIDAL DUSK
CD_PT,TLTTWL,PT PERSONAL BODY  CHARCOAL
CD_PT,TLTTWL,PT PERSONAL BODY  LAKE
CD_PT,TLTTWL,PT PERSONAL BODY  MIST
CD_PT,TLTTWL,PT PERSONAL BODY  PALM
CD_PT,TLTTWL,PT PERSONAL BODY  PINE GREEN
CD_PT,TLTTWL,PT PERSONAL BODY  RIPPLE
CD_PT,TLTTWL,PT PERSONAL BODY  RIPPLEBLU
CD_PT,TLTTWL,PT PERSONAL BODY  SAGE
CD_PT,TLTTWL,PT PERSONAL BODY  SKY BLUE
CD_PT,TLTTWL,PT PERSONAL BODY  WHIRL
CD_PT,TLTTWL,PT PERSONAL BODY BLUEBOTANIC
CD_PT,TLTTWL,PT PERSONAL BODY BOLDSTRIPE
CD_PT,TLTTWL,PT PERSONAL BODY DUSK
CD_PT,TLTTWL,PT PERSONAL BODY MIDNIGHT
CD_PT,TLTTWL,PT PERSONAL BODY VIOLET
CD_PT,TLTTWL,PT PERSONAL BODY WINDINGPATH
CD_PT,TLTTWL,PT PERSONAL FACE CHARCOAL
CD_PT,TLTTWL,PT PERSONAL FACE CLOVER
CD_PT,TLTTWL,PT PERSONAL FACE DUSK
CD_PT,TLTTWL,PT PERSONAL FACE LAKE
CD_PT,TLTTWL,PT PERSONAL FACE MIDNIGHT
CD_PT,TLTTWL,PT PERSONAL FACE PINE GREEN
CD_PT,TLTTWL,PT PERSONAL FACE SAGE
CD_PT,TLTTWL,PT PERSONAL FACE SKY BLUE
CD_PT,TLTTWL,PT PERSONAL FACE VIOLET
CD_PT,TLTTWL,PT PERSONAL HAND  CHARCOAL
CD_PT,TLTTWL,PT PERSONAL HAND  LAKE
CD_PT,TLTTWL,PT PERSONAL HAND  MIST
CD_PT,TLTTWL,PT PERSONAL HAND  PALM
CD_PT,TLTTWL,PT PERSONAL HAND  RIPPLE
CD_PT,TLTTWL,PT PERSONAL HAND  SAGE
CD_PT,TLTTWL,PT PERSONAL HAND BLUEBOTANIC
CD_PT,TLTTWL,PT PERSONAL HAND BOLDSTRIPE
CD_PT,TLTTWL,PT PERSONAL HAND DUSK
CD_PT,TLTTWL,PT PERSONAL HAND MIDNIGHT
CD_PT,TLTTWL,PT PERSONAL HAND NEW LEAF
CD_PT,TLTTWL,PT PERSONAL HAND WINDINGPATH
CD_PT,TRVACS,PT LUXE BEACH FERN
CD_PT,TRVACS,PT LUXE BEACH LAKE BLUE
CD_PT,TRVACS,PT LUXE BEACH NEW LEAF
CD_PT,TRVACS,PT LUXE BEACH RAINFOREST
CD_PT,TRVACS,PT LUXE BEACH SAGE
CD_PT,TRVACS,PT LUXE BEACH TERRACOTTA
CD_PT,TRVACS,PT LUXE BEACH VIOLET
CD_PT,TRVACS,PT LUXE BEACH XXL DEEP SEA
CD_PT,TRVACS,PT LUXE BEACH XXL VIVID CORAL
CD_PT,TRVACS,PT LUXE BEACH ZESTY LICHEN
CD_PT,TRVACS,PT LUXE BODY AQUAMARINE
CD_PT,TRVACS,PT LUXE BODY DEEP SEA
CD_PT,TRVACS,PT LUXE BODY FERN
CD_PT,TRVACS,PT LUXE BODY LAKE BLUE
CD_PT,TRVACS,PT LUXE BODY MIDNIGHT
CD_PT,TRVACS,PT LUXE BODY RIPPLEBLUEBIRD
CD_PT,TRVACS,PT LUXE BODY SAGE
CD_PT,TRVACS,PT LUXE BODY TERRACOTTA
CD_PT,TRVACS,PT LUXE BODY VIOLET
CD_PT,TRVACS,PT LUXE BODY VIVID CORAL
CD_PT,TRVACS,PT LUXE BODY WHIRL LEAF
CD_PT,TRVACS,PT LUXE BODY ZESTY LICHEN
CD_PT,TRVACS,PT LUXE FACE AQUAMARINE
CD_PT,TRVACS,PT LUXE FACE DEEP SEA
CD_PT,TRVACS,PT LUXE FACE FERN
CD_PT,TRVACS,PT LUXE FACE LAKE BLUE
CD_PT,TRVACS,PT LUXE FACE MIDNIGHT
CD_PT,TRVACS,PT LUXE FACE NEW LEAF
CD_PT,TRVACS,PT LUXE FACE SAGE
CD_PT,TRVACS,PT LUXE FACE TERRACOTTA
CD_PT,TRVACS,PT LUXE FACE VIOLET
CD_PT,TRVACS,PT LUXE FACE VIVID CORAL
CD_PT,TRVACS,PT LUXE FACE ZESTY LICHEN
CD_PT,TRVACS,PT LUXE HAND AQUAMARINE
CD_PT,TRVACS,PT LUXE HAND DEEP SEA
CD_PT,TRVACS,PT LUXE HAND FERN
CD_PT,TRVACS,PT LUXE HAND LAKE BLUE
CD_PT,TRVACS,PT LUXE HAND RAINFOREST
CD_PT,TRVACS,PT LUXE HAND RIPPLEBLUEBIRD
CD_PT,TRVACS,PT LUXE HAND TERRACOTTA
CD_PT,TRVACS,PT LUXE HAND VIVID CORAL
CD_PT,TRVACS,PT LUXE HAND WHIRL LEAF
CD_PT,TRVACS,PT LUXE HAND ZESTY LICHEN
CD_SEA,RVRDRY,DISCOVERY DECKBAG 20L BLACK
CD_SEA,RVRDRY,DISCOVERY DRYBAG 10L
CD_SEA,RVRDRY,DISCOVERY DRYBAG 20L
CD_SEA,RVRDRY,DISCOVERY DRYBAG 30L
CD_SEA,RVRDRY,DISCOVERY DRYBAG 50L
CD_SEA,RVRDRY,DISCOVERYVIEW DB 10 L
CD_SEA,RVRDRY,DISCOVERYVIEW DB 20 L
CD_SEA,RVRDRY,DISCOVERYVIEW DB 30 L
CD_SEA,RVRDRY,DISCOVERYVIEW DB 5 L
CD_SEA,RVRDRYPAK,BLACK CANYON DRY PACK
CD_SEA,RVRPCH,E-CASE PROTECTIVE CASE
CD_TRM,FURACS,"TREKKING CHAIR KIT 20"""
CD_TRM,FURCHR,LITE SEAT - BLUE
CD_TRM,FURCHR,THERMAREST CHAIR KIT 20
CD_TRM,FURCHR,TRAIL SEAT GREEN
CD_TRM,FURCHR,Z-SEAT ALUM LIMON
CD_TRM,FURCHR,Z-SEAT BLUE/SILVER
CD_TRM,FURCHR,Z-SEAT COYOTE GRAY
CD_TRM,RPR,CLASSIC VALVE REPAIR KIT
CD_TRM,RPR,INSTANT FIELD REPAIR KIT
CD_TRM,RPR,PERMANENT HOME REPAIR KIT
CD_TRM,RPR,UNIVERSAL COUPLE KIT
CD_TRM,SLPACS,AIRHEAD™ LITE REGULAR
CD_TRM,SLPACS,MATTRESS STRAPS 24 IN
CD_TRM,SLPACS,MATTRESS STRAPS 42 IN
CD_TRM,SLPACS,MATTRESS STRAPS 60 IN
CD_TRM,SLPACS,SYNERGY SHEET - LARGE
CD_TRM,SLPACS,SYNERGY SHEET - REGULAR
CD_TRM,SLPBAG,CENTARI 5F SYNTIC SB LONG
CD_TRM,SLPBAG,CENTARI 5F SYNTIC SB REGULAR
CD_TRM,SLPBAG,CENTARI 5F SYNTIC SB SMALL
CD_TRM,SLPBAG,DORADO DUO COUPLER
CD_TRM,SLPBAG,QUESTAR 20 REGULAR
CD_TRM,SLPBAG,QUESTAR 20F DOWN LONG
CD_TRM,SLPBAG,QUESTAR 20F DOWN REGULAR
CD_TRM,SLPBAG,SAROS 0F SYNTIC SB LONG
CD_TRM,SLPBAG,SAROS 20F SYNTIC SB
CD_TRM,SLPBAG,SPACE COWBOY 45 LONG ETHER
CD_TRM,SLPBAG,SPACE COWBOY 45 REGULAR
CD_TRM,SLPBAG,SPACE COWBOY 45 REGULAR ETHER
CD_TRM,SLPBAG,SPACE COWBOY 45 SMALL
CD_TRM,SLPPAD,BASECAMP
CD_TRM,SLPPAD,CAMPER DUO MATTRESS
CD_TRM,SLPPAD,LUXURYMAP
CD_TRM,SLPPAD,MONDOKING 3D
CD_TRM,SLPPAD,NEOAIR TOPO LUXE
CD_TRM,SLPPAD,NEOAIR TOPO PRINT
CD_TRM,SLPPAD,NEOAIR UBERLITE
CD_TRM,SLPPAD,NEOAIR VENTURE
CD_TRM,SLPPAD,NEOAIR XLITE
CD_TRM,SLPPAD,NEOAIR XLITE NXT
CD_TRM,SLPPAD,NEOAIR XLITE NXT MAX
CD_TRM,SLPPAD,NEOAIR XTHERM
CD_TRM,SLPPAD,NEOAIR XTHERM NXT
CD_TRM,SLPPAD,NEOAIR XTHERM NXT MAX
CD_TRM,SLPPAD,NEOLOFT
CD_TRM,SLPPAD,PROLITE
CD_TRM,SLPPAD,PROLITE APEX
CD_TRM,SLPPAD,PROLITE PLUS
CD_TRM,SLPPAD,RIDGEREST CLASSIC
CD_TRM,SLPPAD,TRAIL KING
CD_TRM,SLPPAD,TRAIL LITE
CD_TRM,SLPPAD,TRAIL PRO
CD_TRM,SLPPAD,TRAIL PROLITE
CD_TRM,SLPPAD,TRAIL SCOUT
CD_TRM,SLPPAD,W'S NEOAIR XLITE
CD_TRM,SLPPAD,W'S PROLITE
CD_TRM,SLPPAD,W'S PROLITE PLUS
CD_TRM,SLPPAD,W'S TRAIL LITE
CD_TRM,SLPPAD,WINGLOCK VALVE REPAIR KIT
CD_TRM,SLPPAD,Z-LITE
CD_TRM,SLPPAD,Z-LITE SOL
CD_TRM,SLPPIL,AIRHEAD™ DOWN LARGE GREEN MNT
CD_TRM,SLPPIL,AIRHEAD™ DOWN LARGE NAVY PRINT
CD_TRM,SLPPIL,AIRHEAD™ DOWN REG GREEN MNT
CD_TRM,SLPPIL,AIRHEAD™ DOWN REG NAVY PRINT
CD_TRM,SLPPIL,AIRHEAD™ LARGE BLUE WOVEN
CD_TRM,SLPPIL,AIRHEAD™ LARGE YELLOW MOUNTA
CD_TRM,SLPPIL,AIRHEAD™ LITE LARGE
CD_TRM,SLPPIL,AIRHEAD™ REGULAR BLUE WOVEN
CD_TRM,SLPPIL,AIRHEAD™ REGULAR YELLOW MOUNTA
CD_TRM,SLPPIL,COMP PILLOW XL
CD_TRM,SLPPIL,COMPRESS PILLOW CINCH-LG
CD_TRM,SLPPIL,COMPRESS PILLOW CINCH-MD
CD_TRM,SLPPIL,COMPRESS PILLOW CINCH-SM
CD_TRM,SLPPIL,X CINCH PILLOW LG FUN GUY
CD_TRM,SLPPMP,BLOCKERLITE PUMP SACK
CD_TRM,SLPPMP,NEOAIR AIRTAP PUMP
CD_TRM,SLPPMP,NEOAIR MICRO PUMP
CD_TRM,TRVACS,ARGO BLANKET NEW GREEN
CD_TRM,TRVACS,ARGO BLANKET OUTERSPACE BLUE
CD_TRM,TRVACS,ARGO BLANKET SAGE TOPO
CD_TRM,TRVACS,ARGO BLANKET SOLID RED
CD_TRM,TRVACS,ARGO BLANKET SWEDISH BLUE
CD_TRM,TRVACS,ARGO BLANKET VALLEY VIEW
CD_TRM,TRVACS,ARGO BLANKET WOLF PRIN
CD_TRM,TRVACS,JUNO BLANKET
CD_TRM,TRVACS,JUNO BLANKET DEEP PACIFIC
CD_TRM,TRVACS,JUNO BLANKET GRID
CD_TRM,TRVACS,JUNO BLANKET WARPSPEED PRINT
CD_TRM,TRVACS,STELLAR BLANKET GREENWAVE
CD_TRM,TRVACS,STELLAR BLANKET PEEKING PINE
CD_TRM,TRVACS,STELLAR BLANKET PINE GREEN
CD_TRM,TRVACS,STELLAR BLANKET SPACECASE
CD_TRM,TRVACS,STELLAR BLANKET WHEAT
CD_TRM,WTRFLT,TRAIL BASE WATER FILTER
CD_TRM,WTRFLT,TRAIL BASE™ WATER FILTER KIT
CHACO,FW SANBOY,B'S Z1 CLASSIC
CHACO,FW SANMEN,M'S MEGA Z CLOUD
CHACO,FW SANMEN,M'S RAPID PRO
CHACO,FW SANMEN,M'S RAPID PRO FLIP
CHACO,FW SANMEN,M'S RAPID PRO TOE-LOOP
CHACO,FW SANMEN,M'S Z1 CLASSIC
CHACO,FW SANMEN,M'S Z2 CLASSIC
CHACO,FW SANMEN,M'S ZCLOUD
CHACO,FW SANMEN,X M'S BODHI
CHACO,FW SANMEN,X M'S Z1 CLASSIC
CHACO,FW SANMEN,X M'S ZCLOUD 2
CHACO,FW SANWMN,W'S MEGA Z CLOUD
CHACO,FW SANWMN,W'S RAPID PRO
CHACO,FW SANWMN,W'S RAPID PRO TOE-LOOP
CHACO,FW SANWMN,W'S Z1 CLASSIC
CHACO,FW SANWMN,W'S Z2 CLASSIC
CHACO,FW SANWMN,W'S ZCLOUD
CHACO,FW SANWMN,W'S ZCLOUD 2
CHACO,FW SANWMN,X W'S MEGA Z CLOUD
CHACO,FW SANWMN,X W'S Z2 CLASSIC
CHACO,FW SANWMN,X W'S ZCLOUD
CHILIS,SUN,ASHER
CHILIS,SUN,BLACK PEARL
CHILIS,SUN,BLUEFIN
CHILIS,SUN,DAKOTA
CHILIS,SUN,FORGE
CHILIS,SUN,GARNET
CHILIS,SUN,HAIKU
CHILIS,SUN,HOOK
CHILIS,SUN,K'S LEAP FROG
CHILIS,SUN,K'S RED ROVER
CHILIS,SUN,KATAMA - SILVER/BROWN/PINK
CHILIS,SUN,LANAI
CHILIS,SUN,NORTHWEST
CHILIS,SUN,OCTOBER
CHILIS,SUN,ODYSSEY
CHILIS,SUN,PACIFIC
CHILIS,SUN,PHANTOM
CHILIS,SUN,RAIL
CHILIS,SUN,RATTLE & ROLL
CHILIS,SUN,SANDBANK
CHILIS,SUN,SHORELINE
CHILIS,SUN,SKYLER
CHILIS,SUN,SUNCHIP
CHILIS,SUN,SUNDANCE
CHILIS,SUN,TAILWIND
CHILIS,SUN,TRAILHEAD
CHILIS,SUN,UPBRIGHT
CHILIS,SUN,ZOOM
CHUMS,CLAHATACS,BOBBER HAT FLOAT
CHUMS,CLAHATACS,CAP RETAINER
CHUMS,CLAWAL,BANDIT LO-PRO BASICS
CHUMS,CLAWAL,BANDIT ZIP LTD NATURE
CHUMS,CLAWAL,CHUMS REVERSI WALLET
CHUMS,CLAWAL,MARSUPIAL WALLET
CHUMS,CLAWAL,SURFSHORTS LTD WALLET
CHUMS,CLAWAL,SURFSHORTS WALLET
CHUMS,DW ACS,CLIP BOTTLE HOLDER
CHUMS,EYERET,BAJA URBAN RETAINER
CHUMS,EYERET,BEADED CORD RETAINER
CHUMS,EYERET,CLASSIC RETAINER
CHUMS,EYERET,ELASTIC RETAINER
CHUMS,EYERET,FLOATING HALFPIPE RETAINER
CHUMS,EYERET,FLOATING NEO RETAINER
CHUMS,EYERET,GLASSFLOAT CLASSIC RETAINER
CHUMS,EYERET,HALFPIPE RETAINER
CHUMS,EYERET,HANDWOUND RETAINER
CHUMS,EYERET,HURRICANE ORIGINAL RETAINER
CHUMS,EYERET,MONO ORBITER STREAM
CHUMS,EYERET,NEO MEGAFLOAT RETAINER
CHUMS,EYERET,NEO PRINTS RETAINER
CHUMS,EYERET,NOTAIL HURRICANE 6 RETAINER
CHUMS,EYERET,ORBITER ADJUSTABLE RETAINER
CHUMS,EYERET,ORBITER FLOAT RETAINER
CHUMS,EYERET,ORBITER LONG RETAINER
CHUMS,EYERET,ORIGINAL COTTON RETAINER
CHUMS,EYERET,ORIGINAL LTD RETAINER
CHUMS,EYERET,ORIGINAL RETAINER
CHUMS,EYERET,ROPE UNIVERSAL 3MM
CHUMS,EYERET,ROPE UNIVERSAL 5MM
CHUMS,EYERET,SILICONE - SB RETAINER
CHUMS,EYERET,SLIM FIT BASICS / FADES
CHUMS,EYERET,SLIP FIT RETAINER
CHUMS,EYERET,SPORTFLOAT RETAINER
CHUMS,EYERET,THE SLIM RETAINER
CHUMS,EYERET,TIDELINE ADJUSTABLE RETAINER
CHUMS,EYERET,TIDELINE RETAINER
CHUMS,EYERET,X TIDELINE RETAINER ADJ
CHUMS,EYERET,Y'S ORIGINAL COTTON RETAINER
CHUMS,EYERET,Y'S UNIVERSAL 3MM RETAINER
CHUMS,MCHKEY,FLOATING MARSUPIAL
CHUMS,MCHKEY,FLOATING NEO KEYCHAIN
CHUMS,RPR,EYEWEAR REPAIR KIT+
CHUMS,TRVACS,POUCH MICROFIBER LENS CLOTH
CHUMS,TRVACS,TECH CASE PED
CHUMS,TRVACS,TRIFOLD -  HURRICANE
CHUMS,TRVACS,TRIFOLD - BALLISTICS
CHUMS,TRVACS,WATER TECH
CLIADD,CLICHK,WALL STREET GOLD CHALK 200G
CLIF,FODBAR,ENERGYBAR - BLUEBERRY ALMOND
CLIF,FODBAR,ENERGYBAR - CHOCOLATE BROWNIE
CLIF,FODBAR,ENERGYBAR - CHOCOLATE CHIP
CLIF,FODBAR,ENERGYBAR - CRUNCHY PB
CLIF,FODBAR,ENERGYBAR - PB BANANA
CLIF,FODBAR,ENERGYBAR - WHITE CHOC MAC NUT
CLIF,FODCHW,BLOKS - SALTED WATERMELON
CLIF,FODCHW,BLOKS - SOUR GREEN APPLE
CLIF,FODCHW,BLOKS - SOUR STRAWBERRY LEMON
CLIF,FODCHW,BLOKS - STRAWBERRY
CLIF,FODCHW,BLOKS - TROPICAL PUNCH
CLIMBT,CLIAIDASN,LEFT HANDED ASCENDER-GREEN
CLIMBT,CLIAIDHW,ALUMINUM SWIVEL HOOK 30KN
CLIMBT,CLIAIDPLY,DOUBLE PULLEY
CLIMBT,CLIAIDRPT,3 PORT MULTI-ANCHOR PLATE 35KN
CLIMBT,CLIAIDRPT,7 PORT MULTI-ANCHOR PLATE 45KN
CLIMBT,CLIATC,"1/2"" BRUSH NYLON TUBE"
CLIMBT,CLIATCBIT,POWERS SDS BIT 1/2 X 6
CLIMBT,CLIATCBIT,POWERS SDS BIT 3/8 X 6
CLIMBT,CLIATCBLT,"WAVE BOLT-GLUE IN ANCHOR 1/2"""
CLIMBT,CLIATCGLU,POWERS AC100 GOLD GLUE
CLIMBT,CLIATCGLU,POWERS ALL METAL CAULK GUN
CLIMBT,CLIATCGLU,POWERS MIXING NOZZLES/GLUE
CLIMBT,CLIATCGLU,WAVE BOLT INSTALLATION TOOL
CLIMBT,CLIATCHNG,"1/2"" HANGER STAINLESS STEEL"
CLIMBT,CLIATCHNG,"3/8"" HANGER STAINLESS STEEL"
CLIMBT,CLIATCHNG,"3/8"" HANGER ZINC PLATED"
CLIMBT,CLIATCHNG,"3/8"" RAP RING STAINLESS STEEL"
CLIMBT,CLIATCHNG,LEGACY BOLT WITH HANGER
CLIMBT,CLIATCHNG,MODULAR RING ANCHOR W/PLATED H
CLIMBT,CLIATCHNG,"PLATED 5/16"" QUICK-LINK"
CLIMBT,CLIATCHNG,"POWERS SS SA 3/8""X3.5"""
CLIMBT,CLIATCHNG,POWERS SS SLEEVE ANCHOR
CLIMBT,CLIATCHNG,TOP ANCHOR HOOK
CLIMBT,CLIBELCNY,STEEL FIGURE 8
CLIMBT,CLICARNLK,REPOSADO WIREGATE GOLD
CLIMBT,CLICARNLK,REPOSADO WIREGATE GREEN
CLIMBT,CLICARNLK,STEEL BENT C-BAR ALI GATE
CLIMBT,CLICARQD,ANEJO QUICK DRAW
CLIMBT,CLIHW,"POWERS SS STUD ANCHOR 1/2""X3.7"
COGHL,AUTTAR,MINI POP-UP TRASH CAN
COGHL,CLARN PON,EMERGENCY PONCHO
COGHL,CLARN PON,PONCHO - KIDS
COGHL,CLISFTCRD,50' NYLON PARACORD-BLACK
COGHL,CLISFTCRD,50' NYLON PARACORD-NEON ORANGE
COGHL,CLISFTCRD,50' NYLON PARACORD-OLIVE DRAB
COGHL,CLISFTCRD,50' NYLON PARACORD-TAN
COGHL,CLISFTCRD,STRETCH CORD
COGHL,CLISFTCRD,UTILITY CORD 3MM
COGHL,CLISFTCRD,UTILITY CORD 5MM
COGHL,CLISFTCRD,UTILITY CORD 6MM
COGHL,DW ACS,GI CAN OPENER
COGHL,ELTFAN,CAMPING FAN WITH LIGHT
COGHL,FIRCND,CANDLES-5 PACK
COGHL,FIRKIT,FUEL TABLETS
COGHL,FIRKIT,STORM MATCHES-10 CM-15 PIECES
COGHL,FIRKIT,STORM MATCHES-5 CM-20 PIECES
COGHL,FIRKIT,WATERPROOF MATCHES
COGHL,FIRLGH,DISPOSABLE  LIGHTER 2PK
COGHL,FIRLGH,DISPOSABLE GAS LIGHTER
COGHL,FIRLGH,FIRE LIGHTERS
COGHL,FIRLGH,PLASMA FLEX LIGHTER
COGHL,FIRLGH,PLASMA LIGHTER
COGHL,FIRLGH,WINDPROOF LIGHTER
COGHL,FIRMSC,EXTENDIBLE FIRE POKER
COGHL,FIRMSC,MATCH CASE
COGHL,FIRSTR,FLINT STRIKER
COGHL,FIRSTR,MAGNESIUM FIRE STARTER
COGHL,FIRTND,FIRE DISC
COGHL,FIRTND,FIRE STICK 12 PCS
COGHL,FURTAB,SOLO TABLEWARE
COGHL,GAMBRD,FIRESIDE STORY DICE
COGHL,KCHCLN,CAST IRON SCRUBBER
COGHL,KCHCOF,SS COFFEE POT 9CUP
COGHL,KCHCW,BROILER
COGHL,KCHCW,CAMP GRIDDLE
COGHL,KCHCW,CAMPER'S S'MORES GRILL
COGHL,KCHCW,DELUXE BROILER
COGHL,KCHCW CI,CAST IRON BROILER
COGHL,KCHCW CI,CAST IRON DOUBLE CAMP COOKER
COGHL,KCHCW CI,CAST IRON GRIDDLE
COGHL,KCHCW CI,DOUBLE CAST IRON BROILER
COGHL,KCHCW CI,DOUBLE CAST IRON CAMP COOKER
COGHL,KCHCW GRL,CAMP GRILL
COGHL,KCHCW GRL,HEAVY DUTY CAMP GRILL
COGHL,KCHCW GRL,PACK GRILL
COGHL,KCHCW RST,ALUMINUM CAMP COOKER
COGHL,KCHCW RST,BAMBOO ROASTING STICKS
COGHL,KCHCW RST,EXTENSION TOASTER FORK
COGHL,KCHCW RST,TOASTER FORKS
COGHL,KCHFS,CAMPER EGG CARRIER
COGHL,KCHFS,EGG HOLDER
COGHL,KCHFS,FOLD AWAY FOOD COVER
COGHL,KCHFS,HIKER EGG CARRIER
COGHL,KCHFS,SNAPFOLD SOLO PACK
COGHL,KCHMSC,ALUM WATERTIGHT CAPSULE - M
COGHL,KCHMSC,ALUM WATERTIGHT CAPSULE - S
COGHL,KCHMSC,BP SALT & PEPPER SHAKER
COGHL,KCHMSC,CAN OPENER
COGHL,KCHMSC,COLLAPSIBLE BUCKET 10LITER
COGHL,KCHMSC,DUNK BAG
COGHL,KCHMSC,FUNNEL
COGHL,KCHMSC,POP-UP TRASH CAN
COGHL,KCHMSC,SQUEEZE TUBE
COGHL,KCHMSC,TABLE CLOTH
COGHL,KCHMSC,TABLE CLOTH CLAMPS
COGHL,KCHMSC,TABLECLOTH COMBO PACK
COGHL,KCHMSC,TENT WHISK & DUST PAN
COGHL,KCHSTVACS,CAMP STOVE TOASTER
COGHL,KCHTW ACS,MULTI GRILL SHAKER
COGHL,KCHTW ACS,MULTI SPICE
COGHL,KCHTW BWL,SNAPFOLD BOWLS-2 PACK
COGHL,KCHTW CUT,CAMP FORK
COGHL,KCHTW CUT,CUTLERY SET
COGHL,KCHTW CUT,TELESCOPING FORK
COGHL,MEDSUR,EMERGENCY CANDLES-2 PACK
COGHL,RPR,FIBREGLASS TENT POLE RPR KIT
COGHL,RPR,TENT POLE REPAIR KIT
COGHL,RPRMSC,GROMMET KIT
COGHL,RPRMSC,REPLACEMENT SHOCK CORD
COGHL,RPRPAT,NYLON TENT REPAIR KIT
COGHL,RPRPAT,PLASTIC OR RUBBER REPAIR KIT
COGHL,RPRSEW,SEWING KIT
COGHL,RPRSMS,AIRSTOP
COGHL,RVRCAS,ALUM WATERTIGHT CAPSULE - L
COGHL,SACLND,LAUNDRY BAG
COGHL,SACLND,MESH DITTY BAG SET
COGHL,SLPACS,SLEEPING BAG STRAP
COGHL,SLPPMP,AIR PUMP 12V DC ELECTRIC
COGHL,SLPPMP,AIR PUMP ELECTRIC 110/120V
COGHL,SLPPMP,AIR PUMP RECHARGEABLE
COGHL,SURDEF,BEAR BELL W/MGNT SILENCER
COGHL,SURDEF,BEAR BELL WITH CARABINER
COGHL,SUREQP,FEATHERWEIGHT MIRROR
COGHL,SUREQP,SURVIVAL SIGNAL MIRROR
COGHL,SUREQPBLK,EMERGENCY BAG
COGHL,SUREQPBLK,EMERGENCY BLANKET COMPACT
COGHL,SUREQPMSC,FOUR FUNCTION WHISTLE
COGHL,SUREQPMSC,FOUR FUNCTION WHISTLE KIDS
COGHL,SUREQPMSC,SAFETY WHISTLE
COGHL,SUREQPMSC,SIGHT-GRID SIGNAL MIRROR
COGHL,SUREQPMSC,TRAIL TAPE
COGHL,TLTBUGNET,BACKWOODS MOSQUITO NET
COGHL,TLTBUGNET,COMPACT MOSQUITO HEAD NET
COGHL,TLTBUGNET,DELUXE HEAD NET
COGHL,TLTBUGNET,MOSQUITO NET - DBL WHITE
COGHL,TLTBUGNET,MOSQUITO NET - RECTANGLE
COGHL,TLTBUGNET,MOSQUITO NET GREEN DOUBLE WIDE
COGHL,TLTBUGNET,NO-SEE-UM HEAD NET
COGHL,TLTBUGNET,TRAVELLERS MOSQUITO NET
COGHL,TLTBUGREP,CITRONELLA CANDLE
COGHL,TLTCON,CONTAIN-ALLS
COGHL,TLTCON,TRAVEL BOTTLES-3 PACK
COGHL,TLTCRPLOO,DLX POP-UP TRASH CAN
COGHL,TLTCRPSUP,PERSONAL TOILET TISSUE
COGHL,TLTCRPSUP,TISSUE ON THE GO
COGHL,TLTSOP,SOAP HOLDER
COGHL,TLTSWR,SOLAR HEAT CAMP SHOWER
COGHL,TLTTTH,SILICONE TOOTHBRUSH COVER
COGHL,TLTTWLCOL,COOLING TOWEL
COGHL,TNTACS,BUNGEE CLOTHESLINE
COGHL,TNTACS,TELESCOPIC FLY SWATTER
COGHL,TNTGUY,REFLECTIVE GUY LINE
COGHL,TNTGUY,REFLECTIVE GUY LINE KIT
COGHL,TNTNET,MOSQUITO NETTING
COGHL,TNTSTK,ALUMINUM TENT PEGS 4PK
COGHL,TNTSTK,BULK NAIL PEGS 10IN
COGHL,TNTSTK,"HEAVY DUTY TENT STAKES-18""-2 P"
COGHL,TNTSTK,SKEWER TENT PEGS 9IN
COGHL,TNTSTK,SKEWER TENT PEGS 9IN 4PK
COGHL,TNTSTK,"STEEL TENT PEGS 7"""
COGHL,TNTSTK,"TENT PEGS ALUMINUM 7"""
COGHL,TNTSTK,"TENT PEGS YELLOW 9"" BULK"
COGHL,TNTSTK,"TENT STAKE 12"" STEEL"
COGHL,TNTSTK,"TENT STAKE 9"" STEEL"
COGHL,TNTSTK,ULTRA LIGHT TENT STAKES
COGHL,TOLACS,CORD-LOK
COGHL,TOLACS,SHARPENING STONE
COGHL,TOLAXE,CAMP AXE
COGHL,TOLAXE,"HATCHET 14"" RED BLACK"
COGHL,TOLAXE,PACK AXE
COGHL,TOLBIN,5MM BOWL O BINER
COGHL,TOLBIN,6MM BOWL O BINER
COGHL,TOLBIN,8MM BOWL O BINERS
COGHL,TOLCPS,DELUXE MAP COMPASS
COGHL,TOLHAM,TENT PEG MALLET
COGHL,TOLMSC,CLOTHES LINE
COGHL,TOLMSC,FOLDING SCISSORS
COGHL,TOLMSC,STRETCH CORD
COGHL,TOLMSC,TARP CLIPS
COGHL,TOLSAW,POCKET CHAINSAW
COGHL,TOLSAW,POCKET SIERRA SAW
COGHL,TOLSAW,SIERRA SAW
COGHL,TOLSHV,BACKPACKERS TROWEL
COGHL,TOLSHV,FOLDING SHOVEL
COGHL,TOLSHV,FOLDING SHOVEL WITH SAW
COGHL,TOLSTR,10' UTILITY STRAP
COGHL,TOLSTR,4' UTILITY STRAP
COGHL,TOLSTR,6' UTILITY STRAP
COGHL,TOLSTR,8' UTILITY STRAP
COGHL,TOLSTR,ASSTD BUNGEE CORDS-12 PACK
COGHL,TOLSTR,"MINI BUNGEE CORDS-10""-4 PACK"
COGHL,WTRCONACS,WATER PUMP
COGHL,WW ELA,"BUNGEE CORD-20""-2 PACK"
COGHL,WW ELA,"BUNGEE CORD-33"""
COGHL,WW ELA,"BUNGEE CORD-40"""
COLMAN,FULACS,X PROPANE TEE C002
COLMAN,KCHSTV,STOVE GUIDE SERIES
COLMAN,LITACS,LANTERN SPARK IGNITER C004
COLMAN,LITACS,X MANTLE SOCK TIE 2PK C050
COP,TLTCRM,CO CREME 4.5OZ
COP,TLTCRM,CO CREME LITE 1.5OZ
COP,TLTCRM,CO SAMPLE
COSTA,SUN,ANTILLE 04G NET BLACK
COSTA,SUN,BALLAST 10 TORTOISE
COSTA,SUN,BALLAST 11 SHINY BLACK
COSTA,SUN,BLACKFIN PRO 11 MATTE BLACK
COSTA,SUN,BLACKFIN PRO 98 MATTE GRAY
COSTA,SUN,BRINE 10 TORTOISE
COSTA,SUN,BRINE 11 MATTE BLACK
COSTA,SUN,FANTAIL 10 TORTOISE
COSTA,SUN,FANTAIL 11 MATTE BLACK
COSTA,SUN,FANTAIL PRO 11 MATTE BLACK
COSTA,SUN,FANTAIL PRO 254 MATTE WETLANDS
COSTA,SUN,FANTAIL PRO 98 MATTE GRAY
COSTA,SUN,FERNANDINA 226 BRUSHED GOLD
COSTA,SUN,GULF SHORE 10 SHINY TORTOISE
COSTA,SUN,GULF SHORE SHINY BLACK
COSTA,SUN,HARPOON 10 TORTOISE
COSTA,SUN,HARPOON 11 SHINY BLACK
COSTA,SUN,INLET 10 TORTOISE
COSTA,SUN,ISLA 10 SHINY TORTOISE
COSTA,SUN,ISLA 261 SHINY SEASHELL
COSTA,SUN,LIDO BLACK
COSTA,SUN,LIDO MATTE BLACK
COSTA,SUN,LIDO WETLANDS
COSTA,SUN,LORETO 21 PALLADIUM
COSTA,SUN,LORETO 64 ROSE GOLD
COSTA,SUN,PANGA 255 SHINY TORT/WHITE/SEA
COSTA,SUN,PANGA 258 SHINY TAUPE CRYSTAL
COSTA,SUN,PAUNCH XL MATTE BLACK
COSTA,SUN,PAUNCH XL TORTOISE
COSTA,SUN,PESCADOR 00B NET GRAY
COSTA,SUN,PESCADOR 00G NET GRAY
COSTA,SUN,REEFTON 01 BLACKOUT
COSTA,SUN,REEFTON 66 MATTE RETRO TORT
COSTA,SUN,REEFTON PRO BLACK
COSTA,SUN,REEFTON PRO GRAY
COSTA,SUN,REEFTON PRO TIGER SHARK
COSTA,SUN,RINCON 11 SHINY BLACK
COSTA,SUN,RINCON 156 MATTE SMOKE CRY
COSTA,SUN,RINCON 181 MATTE BLACK SHINY
COSTA,SUN,RINCON BLACK
COSTA,SUN,RINCON MATTE BLACK
COSTA,SUN,RINCONCITO 11 MATTE BLACK
COSTA,SUN,RINCONCITO 191 MATTE TORT
COSTA,SUN,SALINA BLACK
COSTA,SUN,SALINA CORAL TORTOISE
COSTA,SUN,SANTIAGO 04G NET BLACK
COSTA,SUN,SPEARO XL 11 MATTE BLACK
COSTA,SUN,SPEARO XL 253 MATTE REEF
COSTA,SUN,SULLIVAN 191 MATTE TORTOISE
COSTA,SUN,TUNA ALLEY 10 TORTOISE
COSTA,SUN,TUNA ALLEY 11 MATTE BLACK
COSTA,SUN,TYBEE 10 SHINY TORTOISE
COSTA,SUN,WHITETIP 01 BLACKOUT
COSTA,SUN,WHITETIP 66 MATTE RETRO TORT
COTOPX,PAKDAY,ALLPA 35L TRAVEL PACK
COTOPX,PAKDAY,ALLPA 60L GEAR HAULER TOTE
COTOPX,PAKDAY,BATAAN 3L FANNY PACK
COTOPX,PAKDAY,BATAC 16L PACK
COTOPX,PAKDAY,CHASQUI 13L SLING PACK
COTOPX,PAKDAY,HALCON
COTOPX,PAKDAY,INCA 26L BACKPACK
COTOPX,PAKDAY,KAPAI 1.5L HIP PACK
COTOPX,PAKDAY,KAPAI 3L HIP PACK
COTOPX,PAKDAY,LUZON 18L DAYPACK
COTOPX,PAKDAY,TARAK 20L CLIMBING PACK
COTOPX,PAKDAY,TODO CONVERTIBLE 16L TOTE
CRKIES,ACSRET,ARC - ENDLESS SILVER 16INC
CRKIES,ACSRET,ARC CORD - MONO MIX 16INC HT
CRKIES,ACSRET,"ARC ENDLESS 16"""
CRKIES,ACSRET,"ARC REG/XL 16"" - BLACK"
CRKIES,ACSRET,"ARC XL/XXL 16"" - BLACK"
CRKIES,ACSRET,K'S SUITER PRINT
CRKIES,ACSRET,K'S SUITER SOLID - MIX
CRKIES,ACSRET,MAYAN WOVEN CORDS
CRKIES,ACSRET,PRINT SUITERS - JAMMIN ON
CRKIES,ACSRET,SOLID MIX - XL
CRKIES,ACSRET,SUITER - COTTON SOLID
CRKIES,ACSRET,SUITER - MIX
CRKIES,ACSRET,SUITER MICRO MIX
CRKIES,ACSRET,SUITER POLY - MOSSY OAK
CRKIES,ACSRET,SUITER XL - POLY TD - SUNRISE
CRKIES,ACSRET,TERRA - MIDDLE SOLID MIX
CRKIES,ACSRET,TERRA SPEC - ADJ PRINT
CRKIES,ACSRET,TS ADJ BASIC - XL
CRKIES,ACSRET,TS COMBO BASIC - XXL/XL
CRKIES,ACSRET,TS COMBO PRINT - XXL/XL
CRKIES,ACSRET,TS ENDLESS BASIC - REGULAR
CRKT,KCHTW,EAT N TOOL
CRKT,TOLACS,SQUID™ SILVER STONEWASH
CRKT,TOLAXE,WOOD CHOGAN™ T-HAWK
CRKT,TOLKNF,..
CRKT,TOLKNF,..........
CRKT,TOLKNF,AMICUS® COMPACT
CRKT,TOLKNF,AUX™ FIXED
CRKT,TOLKNF,AUX™ FOLDER
CRKT,TOLKNF,AUX™ FOLDER BLACK
CRKT,TOLKNF,BAMBOOZLED™
CRKT,TOLKNF,BEAR CLAW™ BLUNT TIP SERRATED
CRKT,TOLKNF,BONA FIDE™ OD GREEN
CRKT,TOLKNF,CALIGO™BLACK OXIDE
CRKT,TOLKNF,CEO COMPACT BLUE
CRKT,TOLKNF,CEO FLIPPER
CRKT,TOLKNF,CHEHALEM™ STAINLESS STEEL
CRKT,TOLKNF,COPACETIC
CRKT,TOLKNF,COUNTERPART
CRKT,TOLKNF,DRIFTER BLACK W/SILVER BLADE
CRKT,TOLKNF,DRIFTER RAZOR EDGE
CRKT,TOLKNF,DRIFTER SS TRIPLE POINT™
CRKT,TOLKNF,DRIFTER STAINLESS HANDLE
CRKT,TOLKNF,DRIFTER TRIPLE POINT™ SER
CRKT,TOLKNF,ENDORSER™
CRKT,TOLKNF,ENDORSER™ 1105K
CRKT,TOLKNF,EROS - ONION LARGE
CRKT,TOLKNF,FISCHER - HUNT N FISH
CRKT,TOLKNF,FULCRUM™ 2 STAINLESS STEEL
CRKT,TOLKNF,HYPHENATE™
CRKT,TOLKNF,IBIS
CRKT,TOLKNF,IGNITOR ASSISTED
CRKT,TOLKNF,IGNITOR ASSISTED BLACK W/VEFF
CRKT,TOLKNF,IGNITOR™ COMBO
CRKT,TOLKNF,IGNITOR™ RAZOR
CRKT,TOLKNF,JAKE OD
CRKT,TOLKNF,K.I.S.S.
CRKT,TOLKNF,K.I.S.S. W/TRI-POINT SERRATION
CRKT,TOLKNF,K.I.S.S.®TRIPLE POINT™ SER
CRKT,TOLKNF,K.I.S.S.™ RAZOR SHARP EDGE
CRKT,TOLKNF,KATANAX
CRKT,TOLKNF,KLECKER WOOD KNIFE KIT
CRKT,TOLKNF,LCK
CRKT,TOLKNF,M-16®-03S CLASSIC
CRKT,TOLKNF,M-16®14DSFG DESERT TANTO LARGE
CRKT,TOLKNF,M16-01KS SPEAR POINT
CRKT,TOLKNF,M16-01KZ SPEAR POINT
CRKT,TOLKNF,M16-01S SPEAR POINT
CRKT,TOLKNF,M16-02KS BLACK TANTO
CRKT,TOLKNF,M16-03DB SPEAR POINT W/DBLT AS
CRKT,TOLKNF,M16-03XK
CRKT,TOLKNF,M16® - 02S CLASSIC
CRKT,TOLKNF,M16® - 10S
CRKT,TOLKNF,M16®-02KS - SS BLACK
CRKT,TOLKNF,M16®-02XD
CRKT,TOLKNF,M16®-03KS - SS BLACK
CRKT,TOLKNF,M16®-03XD
CRKT,TOLKNF,M16®-04KS - SS BLACK
CRKT,TOLKNF,M16®-04KS - TANTO BLACK
CRKT,TOLKNF,M16®-10KS TANTO TP SERRATIONS
CRKT,TOLKNF,M16®-12Z  CARSON
CRKT,TOLKNF,M21™ - 02G G10
CRKT,TOLKNF,M21™-10KSF
CRKT,TOLKNF,M40-02 TANTO
CRKT,TOLKNF,MINIMALIST CLEAVER
CRKT,TOLKNF,MINIMALIST KATANA
CRKT,TOLKNF,MINIMALIST NESSMUK
CRKT,TOLKNF,MINIMALIST® BLACK DROP POINT
CRKT,TOLKNF,MINIMALIST® BOWIE
CRKT,TOLKNF,MINIMALIST® BOWIE CTHULHU
CRKT,TOLKNF,MINIMALIST® BOWIE GEARS
CRKT,TOLKNF,MINIMALIST® GREEN CLEAVER
CRKT,TOLKNF,MINIMALIST® TANTO
CRKT,TOLKNF,MINIMALIST® WHARNCLIFFE
CRKT,TOLKNF,MOSSBACK™ HUNTER
CRKT,TOLKNF,NIAD™
CRKT,TOLKNF,NO TIME OFF
CRKT,TOLKNF,ONION SHENANIGAN PPS COMBO
CRKT,TOLKNF,ONION SHENANIGAN TANTO
CRKT,TOLKNF,OUTBURST CARSON M4-02
CRKT,TOLKNF,OUTBURST CARSON M4-02S
CRKT,TOLKNF,OUTBURST CARSON M4-02W
CRKT,TOLKNF,OVERLAND OD
CRKT,TOLKNF,OVERLAND™
CRKT,TOLKNF,P.D.K. PRECISION DISPOSABLE KI
CRKT,TOLKNF,P.E.C.K. DARK RAZOR
CRKT,TOLKNF,PAZODA
CRKT,TOLKNF,PAZODA - RAZOR EDGE
CRKT,TOLKNF,PAZODA 2
CRKT,TOLKNF,PIET™
CRKT,TOLKNF,PILAR 5311
CRKT,TOLKNF,PROVOKE
CRKT,TOLKNF,PROVOKE®
CRKT,TOLKNF,PROVOKE® EDC
CRKT,TOLKNF,RIPPLE ALUMINUM
CRKT,TOLKNF,SHENANIGAN™ Z
CRKT,TOLKNF,SKETCH™FOLDING KNIFE SATIN
CRKT,TOLKNF,SMALL LAKE 1112 COMBO
CRKT,TOLKNF,SNAP LOCK
CRKT,TOLKNF,SQUID BUTTON LOCK
CRKT,TOLKNF,SQUID BUTTON LOCK RQ
CRKT,TOLKNF,SQUID COMPACT
CRKT,TOLKNF,SQUID XM BLACK
CRKT,TOLKNF,SQUID XM BROWN
CRKT,TOLKNF,SQUID XM BUTTON LOCK
CRKT,TOLKNF,SQUID™ ASSISTED
CRKT,TOLKNF,SQUID™ BLACK
CRKT,TOLKNF,SQUID™ BLACK WITH D2 BLADE STE
CRKT,TOLKNF,STEIGERWALT QUILL
CRKT,TOLKNF,SWINDLE
CRKT,TOLKNF,TUNA COMPACT
CRKT,TOLKNF,TUNA™ OD
CRKT,TOLKNF,TUNA™ STONEWASH
CRKT,TOLKNF,ZEPHYR
CTP,AUTTAR,TRASHAROO
CZEISS,NOXBIN,BINO TERRA ED 10X42
CZEISS,NOXBIN,BINO TERRA ED 8X42
DANGER,CLABELUNI,LONGHORN - M/L - 1 IN
DANGER,CLABELUNI,LONGHORN - M/L - 1.5 IN
DANGER,CLABELUNI,LONGHORN - S/M - 1 IN
DANGER,CLABELUNI,LONGHORN - S/M - 1.5 IN
DANGER,CLABELUNI,SCORPION - M/L - 1 IN
DANGER,CLABELUNI,SCORPION - M/L - 1.5 IN
DANGER,CLABELUNI,SCORPION - S/M - 1 IN
DANGER,CLABELUNI,SCORPION - S/M - 1.5 IN
DANGER,CLABELUNI,SNAKE - M/L - 1 IN
DANGER,CLABELUNI,SNAKE - M/L - 1.5 IN
DANGER,CLABELUNI,SNAKE - S/M - 1 IN
DANGER,CLABELUNI,SNAKE - S/M - 1.5 IN
DANGER,CLABELUNI,ZIG ZAG - M/L - 1 IN
DANGER,CLABELUNI,ZIG ZAG - M/L - 1.5 IN
DANGER,CLABELUNI,ZIG ZAG - S/M - 1 IN
DANGER,CLABELUNI,ZIG ZAG - S/M - 1.5 IN
DDISC,GAMDSCGLF,AGENT DD CLASSIC  PROTOTYPE
DDISC,GAMDSCGLF,ALVA K1 ASSORTED
DDISC,GAMDSCGLF,ANCHOR - LATITUDE 64
DDISC,GAMDSCGLF,BALLISTA - LATITUDE 64
DDISC,GAMDSCGLF,BALLISTA - PRO 170-172G
DDISC,GAMDSCGLF,BALLISTA - RETRO BURST
DDISC,GAMDSCGLF,BALLISTA - RETRO PRO
DDISC,GAMDSCGLF,BERG K1-K3
DDISC,GAMDSCGLF,BIOFUZION DEFENDER 170-172G
DDISC,GAMDSCGLF,BOUNTY LUCID
DDISC,GAMDSCGLF,BREAKOUT - PRIME BURST
DDISC,GAMDSCGLF,BURST SHIELD HARD
DDISC,GAMDSCGLF,CAPTAIN - LUCID AIR
DDISC,GAMDSCGLF,CAPTAIN - PRIME BURST
DDISC,GAMDSCGLF,CLASSIC BLEND JUDGE
DDISC,GAMDSCGLF,CLASSIC BLEND SUSPECT
DDISC,GAMDSCGLF,CLASSIC BLEND WARDEN
DDISC,GAMDSCGLF,CLASSIC JUDGE
DDISC,GAMDSCGLF,CLAYMORE - LATITUDE 64
DDISC,GAMDSCGLF,COMPASS OPTO - LATITUDE 64
DDISC,GAMDSCGLF,COMPASS- OPTO
DDISC,GAMDSCGLF,CULPRIT - PROTOTYPE
DDISC,GAMDSCGLF,CULVERIN - LATITUDE 64
DDISC,GAMDSCGLF,DAGGER LAT 64 ZERO  MEDIUM
DDISC,GAMDSCGLF,DD BIOFIZION DEFENDER
DDISC,GAMDSCGLF,DD BIOFIZION JUSTICE
DDISC,GAMDSCGLF,DD BIOFUZION RAIDER
DDISC,GAMDSCGLF,DD CLASSIC BLEND BURST JUDGE
DDISC,GAMDSCGLF,DD CLASSIC BLEND BURST WARDEN
DDISC,GAMDSCGLF,DD FUZION EMAC TRUTH
DDISC,GAMDSCGLF,DD FUZION FELON
DDISC,GAMDSCGLF,DD LUCID BREAKOUT
DDISC,GAMDSCGLF,DD LUCID CAPTIAN
DDISC,GAMDSCGLF,DD LUCID EMAC TRUTH
DDISC,GAMDSCGLF,DD LUCID ESCAPE
DDISC,GAMDSCGLF,DD LUCID FELON
DDISC,GAMDSCGLF,DD LUCID ICE RAIDER
DDISC,GAMDSCGLF,DD LUCID MOONSHINE ESCAPE
DDISC,GAMDSCGLF,DD LUCID VERDICT
DDISC,GAMDSCGLF,DD LUCID X-CULPRIT
DDISC,GAMDSCGLF,DD PRIME BURST BOUNTY
DDISC,GAMDSCGLF,DD PRIME BURST ESCAPE
DDISC,GAMDSCGLF,DD PRIME EMAC JUDGE
DDISC,GAMDSCGLF,DD SUPREME FUGITIVE PROTOTYPE
DDISC,GAMDSCGLF,DEPUTY - CLASSIC BLEND BURST
DDISC,GAMDSCGLF,DEPUTY - CLASSIC BURST
DDISC,GAMDSCGLF,DEPUTY - PRIME
DDISC,GAMDSCGLF,DEPUTY - PRIME BURST
DDISC,GAMDSCGLF,DEPUTY CLASSIC
DDISC,GAMDSCGLF,DIAMOND OPTO - LATITUDE 64
DDISC,GAMDSCGLF,DISCMANIA
DDISC,GAMDSCGLF,DYEMAX
DDISC,GAMDSCGLF,ENFORCER LUCID
DDISC,GAMDSCGLF,ESCAPE
DDISC,GAMDSCGLF,ESCAPE - LUCID
DDISC,GAMDSCGLF,EVADER - LUCID
DDISC,GAMDSCGLF,EVIDENCE - PRIME BURST
DDISC,GAMDSCGLF,EXPLORE - OPTO
DDISC,GAMDSCGLF,EXPLORER OPTO - LATITUDE 64
DDISC,GAMDSCGLF,FELON - LUCID
DDISC,GAMDSCGLF,FLOW L64 OPTO
DDISC,GAMDSCGLF,FUSE - OPTO
DDISC,GAMDSCGLF,FUSE - RETRO BURST
DDISC,GAMDSCGLF,FUSE GOLD- LATITUDE 64
DDISC,GAMDSCGLF,FUSE RETRO - LATITUDE 64
DDISC,GAMDSCGLF,FUZION BURST MAVERICK 170-172G
DDISC,GAMDSCGLF,FUZION ESCAPE 170-172G
DDISC,GAMDSCGLF,FUZION GETAWAY 173-176G
DDISC,GAMDSCGLF,FUZION RAIDER 173-176G
DDISC,GAMDSCGLF,GETAWAY LUCID
DDISC,GAMDSCGLF,GUARD - CLASSIC BLEND BURST
DDISC,GAMDSCGLF,GUARD - PRIME BURST
DDISC,GAMDSCGLF,HARP - BT HARD
DDISC,GAMDSCGLF,HARP - BT MEDIUM BURST
DDISC,GAMDSCGLF,HARP - BT SOFT
DDISC,GAMDSCGLF,HARP - ORIGIO BURST
DDISC,GAMDSCGLF,HAVOC OPTO ICE - LATITUDE 64
DDISC,GAMDSCGLF,HYBRID-X FELON
DDISC,GAMDSCGLF,JADE OPTO - LATITUDE 64
DDISC,GAMDSCGLF,JUDGE - CLASSIC BLEND EMAC
DDISC,GAMDSCGLF,JUDGE - CLASSIC EMAC
DDISC,GAMDSCGLF,JUDGE - CLASSIC SOFT EMAC
DDISC,GAMDSCGLF,JUDGE - LUCID MYDYE AMERICAN
DDISC,GAMDSCGLF,JUDGE - PRIME BURST EMAC
DDISC,GAMDSCGLF,JUDGE- CLASSIC EMAC
DDISC,GAMDSCGLF,JURY - CLASSIC
DDISC,GAMDSCGLF,JUSTICE LUCID
DDISC,GAMDSCGLF,KAXE K1 LINE
DDISC,GAMDSCGLF,KEYSTONE - RETRO BURST
DDISC,GAMDSCGLF,KEYSTONE - ZERO HARD
DDISC,GAMDSCGLF,KEYSTONE - ZERO MEDIUM
DDISC,GAMDSCGLF,KING - ORIGIO BURST
DDISC,GAMDSCGLF,L64 OPTO BOLT
DDISC,GAMDSCGLF,L64 OPTO COMPASS
DDISC,GAMDSCGLF,L64 OPTO DIAMOND
DDISC,GAMDSCGLF,L64 OPTO JADE
DDISC,GAMDSCGLF,L64 OPTO RIVE
DDISC,GAMDSCGLF,L64 OPTO SAINT
DDISC,GAMDSCGLF,L64 OPTO SAPPHIRE
DDISC,GAMDSCGLF,L64 RETRO BURST BALLISTA
DDISC,GAMDSCGLF,L64 RETRO BURST DIAMOND
DDISC,GAMDSCGLF,L64 RETRO BURST RUBY
DDISC,GAMDSCGLF,L64 ZERO MEDIUM BURST DAGGER
DDISC,GAMDSCGLF,L64 ZERO MEDIUM BURST PURE
DDISC,GAMDSCGLF,LATITUDE 64 FROST
DDISC,GAMDSCGLF,LATITUDE 64 GRAND RIVER
DDISC,GAMDSCGLF,LATITUDE 64 OPTO DIAMOND
DDISC,GAMDSCGLF,LATITUDE 64 OPTO RIVER
DDISC,GAMDSCGLF,LUCID - TRUTH EMAC
DDISC,GAMDSCGLF,LUCID AIR ESCAPE
DDISC,GAMDSCGLF,LUCID CAPTAIN 173-176G
DDISC,GAMDSCGLF,LUCID ENFORCER RICKY WYSOCKI
DDISC,GAMDSCGLF,LUCID EVADER 170-172G
DDISC,GAMDSCGLF,LUCID EVADER RICKY WYSOCKI
DDISC,GAMDSCGLF,LUCID GETAWAY 170-172G
DDISC,GAMDSCGLF,LUCID GETAWAY 173-176G
DDISC,GAMDSCGLF,LUCID ICE GLIMMER
DDISC,GAMDSCGLF,LUCID RAIDER RICKY WYSOCKI
DDISC,GAMDSCGLF,LUCID SERGEANT 170-172G
DDISC,GAMDSCGLF,LUCID SERGEANT 173-176G
DDISC,GAMDSCGLF,LUCID SHERIFF 170-172G
DDISC,GAMDSCGLF,LUCID TRUTH 160-169G
DDISC,GAMDSCGLF,LUCID TRUTH 173-176G
DDISC,GAMDSCGLF,MAVERICK BURST 173-176G
DDISC,GAMDSCGLF,MAVERICK LUCID
DDISC,GAMDSCGLF,P2 S-LINE
DDISC,GAMDSCGLF,PATROL - LUCID ICE
DDISC,GAMDSCGLF,PRIME BURST MAVERICK 173-176G
DDISC,GAMDSCGLF,PRIME BURST TRESPASS 173-176G
DDISC,GAMDSCGLF,PRIME JUDGE 173-176G
DDISC,GAMDSCGLF,PURE - MEDIUM BURST
DDISC,GAMDSCGLF,RAIDER - LUCID
DDISC,GAMDSCGLF,REKO K1 LINE
DDISC,GAMDSCGLF,RIVER - OPTO AIR
DDISC,GAMDSCGLF,RIVER OPTO - LATITUDE 64
DDISC,GAMDSCGLF,RIVER RETRO - LATITUDE 64
DDISC,GAMDSCGLF,RUBY - RETRO BURST
DDISC,GAMDSCGLF,SAINT - LATITUDE 64
DDISC,GAMDSCGLF,SAINT - RETRO BURST
DDISC,GAMDSCGLF,SAPPHIRE - LATITUDE 64
DDISC,GAMDSCGLF,SENSEI - DISCMANIA
DDISC,GAMDSCGLF,STAG - VIP
DDISC,GAMDSCGLF,STIG K1 LINE
DDISC,GAMDSCGLF,SWAN - BT MED BURST REBORN 1
DDISC,GAMDSCGLF,SWAN - BT SOFT BURST REBORN 1
DDISC,GAMDSCGLF,SWAN - ORIGIO 2
DDISC,GAMDSCGLF,SWORD - ORIGIO BURST
DDISC,GAMDSCGLF,THIEF - LUCID ICE
DDISC,GAMDSCGLF,TRESPASS - LUCID
DDISC,GAMDSCGLF,TRESPASS - PRIME BURST
DDISC,GAMDSCGLF,TRESPASS DD PRIME BURST
DDISC,GAMDSCGLF,TRUTH - PRIME BURST
DDISC,GAMDSCGLF,TRUTH - PRIME BURST EMAC
DDISC,GAMDSCGLF,TRUTH LUCID
DDISC,GAMDSCGLF,TURSAS - ORIGIO BURST
DDISC,GAMDSCGLF,TURSAS - VIP
DDISC,GAMDSCGLF,VANDAL - LUCID
DDISC,GAMDSCGLF,VANDAL - PRIME
DDISC,GAMDSCGLF,WARDEN - CLASSIC BURST
DDISC,GAMDSCGLF,WARDEN - PRIME BURST
DDISC,GAMDSCGLF,WARDEN PUTTER
DDISC,GAMDSCGLF,WARRANT - PRIME
DDISC,GAMDSCGLF,WESTSIDE BT
DDISC,GAMDSCGLF,WHITE LUCID SHERIFF
DDISC,GAMDSCGLF,WSD BT MEDIUM BURST HARP
DDISC,GAMDSCGLF,WSD BT MEDIUM BURST SWAN
DDISC,GAMDSCGLF,WSD ORIGIO BURST KING
DDISC,GAMDSCGLF,WSD ORIGIO BURST UNDERWORLD
DDISC,GAMDSCGLF,WSD ORIGIO BURST WARSHIP
DDISC,GAMDSCGLF,WSD VIP ADDER
DDISC,GAMDSCGLF,WSD VIP BOATMAN
DDISC,GAMDSCGLF,WSD VIP DESTINY
DDISC,GAMDSCGLF,WSD VIP HATCHET
DDISC,GAMDSCGLF,WSD VIP QUEEN
DDISC,GAMDSCGLF,WSD VIP STAG
DDISC,GAMDSCGLF,WSD VIP SWORD
DDISC,GAMDSCGLF,WSD VIP TURSAS
DDISC,GAMDSCGLF,ZERO GRAVITY
DENOVO,OLD,LINT BRUSH W/ WOODEN HANDLE
DENOVO,OLD,LINT ROLLER - ON THE GO - BLUE
DMM,BOOKS,GUIDE BOOK - LARGE
DMM,BOOKS,GUIDE BOOK - SMALL
DMM,CLIAIDPLY,IMPEL PULLEY
DMM,CLIAIDPLY,IMPEL PULLEY MATT GREY
DMM,CLIAIDRPT,BAT PLATE MED
DMM,CLIAIDRPT,BAT PLATE SM
DMM,CLIAIDRPT,BAT PLATE XS
DMM,CLIAIDSWL,AXIS SWIVEL SMALL
DMM,CLIAIDSWL,FOCUS SWIVEL SMALL
DMM,CLIATCBLT,10MM OVAL STEEL QUICKLOCK
DMM,CLIBAG,CLASSIC ROPE BAG 32 L
DMM,CLIBAG,PITCHER ROPE BAG
DMM,CLIBAG,PITCHER ROPE BAG BLUE
DMM,CLIBAGCHK,TRAD CHALK BAG BLACK
DMM,CLIBAGCHK,TRAD CHALK BAG BLUE
DMM,CLIBAGCHK,TRAD CHALK BAG RED
DMM,CLIBAGCHK,TUBE CHALK BAG BLUE
DMM,CLIBAGCHK,TUBE CHALK BAG RED
DMM,CLIBAGCHK,TUBE CHALK BAG YELLOW
DMM,CLIBEL,BELAY MASTER LIME
DMM,CLIBEL,BELAY MASTER ORANGE
DMM,CLIBELCNY,FIGURE 8 MATT GREY
DMM,CLIBELCNY,FIGURE EIGHT
DMM,CLIBELNAS,MANTIS
DMM,CLIBELNAS,PIVOT
DMM,CLICAMOFS,DRAGONFLY 2/3 OFFSET
DMM,CLICAMOFS,DRAGONFLY 3/4 OFFSET
DMM,CLICAMOFS,DRAGONFLY 4/5 OFFSET
DMM,CLICAMOFS,DRAGONFLY 5/6 OFFSET
DMM,CLICAMSTD,DRAGON2 #0
DMM,CLICAMSTD,DRAGON2 #00
DMM,CLICAMSTD,DRAGON2 #1
DMM,CLICAMSTD,DRAGON2 #2
DMM,CLICAMSTD,DRAGON2 #3
DMM,CLICAMSTD,DRAGON2 #4
DMM,CLICAMSTD,DRAGON2 #5
DMM,CLICAMSTD,DRAGON2 #6
DMM,CLICAMSTD,DRAGON2 #7
DMM,CLICAMSTD,DRAGON2 #8
DMM,CLICAMSTD,DRAGONFLY #1
DMM,CLICAMSTD,DRAGONFLY #2
DMM,CLICAMSTD,DRAGONFLY #3
DMM,CLICAMSTD,DRAGONFLY #4
DMM,CLICAMSTD,DRAGONFLY #5
DMM,CLICAMSTD,DRAGONFLY #6
DMM,CLICARLK,10MM EQUAL D QL
DMM,CLICARLK,10MM OVAL STEEL SG
DMM,CLICARLK,12MM OFFSET D QUICKLOCK
DMM,CLICARLK,12MM OFFSET D SCREW GATE
DMM,CLICARLK,12MM OFFSET STEEL SG
DMM,CLICARLK,AERO SCREW GATE
DMM,CLICARLK,BELAY MASTER 2 SCREW GATE
DMM,CLICARLK,BIG BOA QL 30KN
DMM,CLICARLK,BIG BOA SG (ANTIE-VIBE)
DMM,CLICARLK,BIG BOA SG 30KN
DMM,CLICARLK,CEROS CLIP SCREWGATE
DMM,CLICARLK,I-BEAM SHADOW 12MM STEEL SG
DMM,CLICARLK,PHANTOM HMS SCREWGATE
DMM,CLICARLK,PHANTOM SCREW GATE
DMM,CLICARLK,REVOLVER SCREW GATE
DMM,CLICARLK,REVOLVER SCREWGATE LIME
DMM,CLICARLK,SHADOW HMS KWIKLOCK
DMM,CLICARLK,SHADOW HMS SG
DMM,CLICARLK,SHADOW KWIKLOCK
DMM,CLICARLK,SHADOW LOCKSAFE
DMM,CLICARLK,SHADOW SCREWGATE LIME
DMM,CLICARLK,SHADOW SCREWGATE MATT GREY
DMM,CLICARLK,SHADOW SCREWGATE ORANGE
DMM,CLICARLK,SHADOW SG-3 COLOR PACK
DMM,CLICARLK,ULTRA O SG 3PK
DMM,CLICARLK,ULTRA OVAL LOCKSAFE
DMM,CLICARLK,ULTRA OVAL SG 3PK
DMM,CLICARLK,XSRE
DMM,CLICARLK,XSRE LOCK
DMM,CLICARLK,XSRE LOCK CAPTIVE BAR
DMM,CLICARLK,XSRE MINI CARABINER LIME
DMM,CLICARNLK,ALPHA STEEL BENT GATE
DMM,CLICARNLK,ALPHA TRAD
DMM,CLICARNLK,CHIMERA
DMM,CLICARNLK,CHIMERA- 6 COLOR PACK
DMM,CLICARNLK,PERFECTO 4 COLOR PACK
DMM,CLICARNLK,PERFECTO SG MATT GREY
DMM,CLICARNLK,PERFECTO STRAIGHT GUNMETAL
DMM,CLICARNLK,PHANTOM
DMM,CLICARNLK,PHANTOM WIRE BLUE
DMM,CLICARNLK,PHANTOM WIRE COLOUR 6 PACK ASS
DMM,CLICARNLK,PHANTOM WIRE GOLD
DMM,CLICARNLK,PHANTOM WIRE MATT GREY
DMM,CLICARNLK,PHANTOM WIRE PURPLE
DMM,CLICARNLK,PHANTOM WIRE RED
DMM,CLICARNLK,PHANTOM WIRE SILVER
DMM,CLICARNLK,REVOLVER WIRE
DMM,CLICARNLK,REVOLVER WIREGATE LIME
DMM,CLICARNLK,SPECTRE2
DMM,CLICARNLK,SPECTRE2 6-PK (ASST)
DMM,CLICARNLK,WALLDO
DMM,CLICARNLK,WALLDO - 4 PACK
DMM,CLICARNLK,XSRE WIRE
DMM,CLICARQD,11MM DYNATEC QUICKDRAW SLING G
DMM,CLICARQD,PHANTOM 12CM QD DYNEEMA
DMM,CLICARQD,PHANTOM 18CM QD DYNEEMA
DMM,CLICARQD,SPECTRE QD - 12 CM 6PK
DMM,CLICARQD,SPECTRE2 QD - 12 CM
DMM,CLICARQD,SPECTRE2 QD - 18 CM
DMM,CLIHW,REVOLVER QUICKLOCK
DMM,CLIHW,WALLNUTS #1 ANODIZED
DMM,CLIHW,WALLNUTS #3/4
DMM,CLINUT,ALLOY OFFSET #10
DMM,CLINUT,ALLOY OFFSET #11
DMM,CLINUT,ALLOY OFFSET #7
DMM,CLINUT,ALLOY OFFSET #8
DMM,CLINUT,ALLOY OFFSET #9
DMM,CLINUT,ALLOY OFFSET SET #7-11
DMM,CLINUT,HB BRASS OFFSET NUTS
DMM,CLINUT,HB BRASS OFFSET SET 0-6
DMM,CLINUT,IMP BRASS NUT SET 1-5
DMM,CLINUT,PEENUT #1 ANODIZED
DMM,CLINUT,PEENUT #2 ANODIZED
DMM,CLINUT,PEENUT #3 ANODIZED
DMM,CLINUT,PEENUT #4 ANODIZED
DMM,CLINUT,PEENUT #5 ANODIZED
DMM,CLINUT,PEENUT 3 PURPLE
DMM,CLINUT,PEENUT 4 GREEN
DMM,CLINUT,PEENUT 5 SILVER
DMM,CLINUT,PEENUT SET 1-5 ASSTD
DMM,CLINUT,PEENUTS SET #1 - 5
DMM,CLINUT,TORQUE NUT #1
DMM,CLINUT,TORQUE NUT #2
DMM,CLINUT,TORQUE NUT #3
DMM,CLINUT,TORQUE NUT #4
DMM,CLINUT,TORQUE NUTS #1 - 4
DMM,CLINUT,WALLNUT SET 1-11 ASSORTED
DMM,CLINUT,WALLNUT SET 1-6 ASSORTED
DMM,CLINUT,WALLNUTS #11 ANODIZED
DMM,CLINUT,WALLNUTS #6 ANODIZED
DMM,CLINUT,WALLNUTS #8 ANODIZED
DMM,CLINUT,WALLNUTS #9 ANODIZED
DMM,CLINUT,WALLNUTS SET #1-11
DMM,CLINUT,WALLNUTS SET 1-6
DMM,CLINUT,WALLNUTS SET 3-8
DMM,CLINUT,WALLNUTS SET 7 - 11
DMM,CLINUTTOL,NUTBUSTER
DMM,CLINUTTOL,NUTBUSTER NUT TOOL
DMM,CLISFTCRD,11MM X 120CM OPEN SLING MIX
DMM,CLISFTCRD,16MM X 120 CM SLING
DMM,CLISFTCRD,16MM X 240 CM SLING MIX
DMM,CLISFTCRD,16MM X 60 CM SLING
DMM,CLISFTCRD,VW X 12CM EXPRESS DMM LOGO
DMM,CLISFTCRD,VWX25CM EXPRESS DMM LOGO
DMM,CLISFTSLG,11MM X 30CM DYNEEMA
DMM,CLISFTSLG,8MM DYNATEC SLING BLUE 240CM
DMM,CLISFTSLG,8MM DYNATEC SLING GOLD 60CM
DMM,CLISFTSLG,8MM DYNATEC SLING GREEN 240CM
DMM,CLISFTSLG,8MM DYNATEC SLING GREEN 30CM
DMM,CLISFTSLG,8MM DYNATEC SLING GREY 120CM
DMM,CLISFTSLG,8MM DYNATEC SLING PURPLE 60CM
DMM,CLISFTSLG,8MM DYNATEC SLING RED 120CM
DMM,CLISFTSLG,8MM X 120 CM DYNEEMA
DONKEY,CLIGLVCRK,DONKEY GLOVES
DTV,CLOLSWMEN,M'S HIKER MICRO CREW MW CUSH
DTV,CLOLSWMEN,M'S M-CREW LW CUSH HIKE
DTV,CLOLSWMEN,M'S MCRO CREW LW CUSH HIKING
DTV,CLOLSWWMN,W'S M-CREW LW CUSH HIKE
DTV,CLOLSWWMN,W'S M-CREW ULW NO-CUSH RUN
DTV,SOK1/4MEN,ATC MICRO CREW MIDWEIGHT WITH
DTV,SOK1/4MEN,M'S 1/4 LW
DTV,SOK1/4MEN,M'S ATHLETIC 1/4 SOCK ULW
DTV,SOK1/4MEN,M'S HIKER 1/4 CUSHION
DTV,SOK1/4MEN,M'S HIKER 1/4 MW
DTV,SOK1/4MEN,M'S LIGHT HIKER 1/4 LW CUSH
DTV,SOK1/4MEN,M'S RUN 1/4 ULW
DTV,SOK1/4MEN,M'S RUN 1/4 ULW CUSHION
DTV,SOK1/4WMN,W'S ELEMENT 1/4 LW
DTV,SOKCRWMEN,M'S MCFLY CREW LW
DTV,SOKCRWMEN,M'S NUMBER 2 M-CREW MW W/CUSH
DTV,SOKCRWWMN,W'S BEAR TOWN M-CREW LW W/CUSH
DTV,SOKCRWWMN,W'S ELEMENT QUARTER LW W/CUSH
DTV,SOKCRWWMN,W'S HIKER MICRO CREW MW CUSH
DTV,SOKCRWWMN,W'S TREELINE M-CREW MW W/CUSH
DTV,SOKKID,K'S HIKER 1/4 CUSHION
DTV,SOKKID,K'S HIKER BOY JR M-CREW LW
DTV,SOKKID,K'S HIKER BUBBLE BUNNY JR. LW
DTV,SOKKID,K'S HIKER JR. CREW LW
DTV,SOKKID,K'S HIKER JR. M-CREW LW
DTV,SOKKID,K'S HIKER M-CREW LW
DTV,SOKKID,K'S HIKER QUEST 1/4 LW
DTV,SOKKID,K'S HIKER SAL CREW LW
DTV,SOKKID,K'S HIKER SUNSET RIDGE JR. LW
DTV,SOKKID,K'S HIKER VAN WILD M-CREW LW
DTV,SOKKID,K'S HIKER ZEBRA CANYON CREW LW
DTV,SOKLOWMEN,M'S ELEMENT NS TAB LW
DTV,SOKLOWMEN,M'S HIKER FASTPACK M-CREW LW
DTV,SOKLOWMEN,M'S HIKER MICRO CREW MW CUSH
DTV,SOKLOWMEN,M'S HIKER NO-SHOW LW
DTV,SOKLOWMEN,M'S LIGHT HIKER NO SHOW LW
DTV,SOKLOWMEN,M'S LT HIKER MCRO CREW LW CUSH
DTV,SOKLOWMEN,M'S LT HIKER NO SHW LW W/ CUSH
DTV,SOKLOWMEN,M'S NO SHOW LW
DTV,SOKLOWMEN,M'S NO SHOW ULW CUSHION
DTV,SOKLOWMEN,M'S PCT CREW LW
DTV,SOKLOWMEN,M'S RUN NO SHOW TAB ULW CUSH
DTV,SOKLOWMEN,M'S RUN NO SHOW ULW CUSHION
DTV,SOKLOWMN,M'S RUN NO SHOW TAB ULTRA-LW
DTV,SOKLOWMN,W'S RUN NO SHOW TAB ULTRA-LW
DTV,SOKLOWWMN,M'S HIKER MCR CRW MW W/ CUSH
DTV,SOKLOWWMN,W'S CRITTER MCRO CREW LW CUSH
DTV,SOKLOWWMN,W'S ELEMENT MICRO CREW LW CUSH
DTV,SOKLOWWMN,W'S NO SHOW TAB ULW CUSH RUN
DTV,SOKMEN,M'S ATC CREW MW
DTV,SOKMEN,M'S BOOT FULL CUSHION
DTV,SOKMEN,M'S BOOT SOCK MW
DTV,SOKMEN,M'S CAPT STRIPE M-CREW LW
DTV,SOKMEN,M'S CDT CREW LW
DTV,SOKMEN,M'S CHASING WTRFALLS MICR CREW
DTV,SOKMEN,M'S COOLMAX M-CREW
DTV,SOKMEN,M'S DRUID CREW LW
DTV,SOKMEN,M'S ELEMENT NOSHO TAB LW CUSH
DTV,SOKMEN,M'S FREQUENCY CREW LW
DTV,SOKMEN,M'S GRIT 1/4 LIGHT CUSHION
DTV,SOKMEN,M'S GRIT M-CREW ULW
DTV,SOKMEN,M'S HEADY STRP MCR CREW LW CSH
DTV,SOKMEN,M'S HIKE HIKE HUT M-CREW MW W/
DTV,SOKMEN,M'S HIKER BOOT MW
DTV,SOKMEN,M'S HIKER BOOT MW FC
DTV,SOKMEN,M'S HIKER CLOSE ENCOUNTERS MW
DTV,SOKMEN,M'S HIKER COOLMAX BOOT MW
DTV,SOKMEN,M'S HUNTING BOOT LW
DTV,SOKMEN,M'S HUNTING BOOT MW
DTV,SOKMEN,M'S HUNTING BOOT MW FC
DTV,SOKMEN,M'S PRISM CREW LW
DTV,SOKMEN,M'S RETRO CREW LW
DTV,SOKMEN,M'S RIDGE RUNR MICRO CREW ULW
DTV,SOKMEN,M'S RUN BOLT M-CREW ULW
DTV,SOKMEN,M'S RUN COOLMAX 1/4 ULW
DTV,SOKMEN,M'S RUN COOLMAX NO SHOW LW
DTV,SOKMEN,M'S RUN ELEMENT 1/4 LW
DTV,SOKMEN,M'S RUN ELEMENT CREW LW
DTV,SOKMEN,M'S RUN FRONTRUNNER M-CREW LW
DTV,SOKMEN,M'S RUN M-CREW ULW
DTV,SOKMEN,M'S RUN NO SHOW TAB ULW
DTV,SOKMEN,M'S RUN PACER M-CREW ULW
DTV,SOKMEN,M'S RUN PATRIOT M-CREW ULW
DTV,SOKMEN,M'S RUN PATRIOT ULW
DTV,SOKMEN,M'S SOLID CREW LW
DTV,SOKMEN,M'S SPEY FLY CREW LW
DTV,SOKMEN,M'S SPUR BOOT LW
DTV,SOKMEN,M'S SPUR BOOT LW W/CUSHION
DTV,SOKMEN,M'S STRIDE M-CREW
DTV,SOKMEN,M'S STRIPE CREW LW
DTV,SOKMEN,M'S SUNSET RIDGE M-CREW LW
DTV,SOKMEN,M'S VANGRIZZLE BOOT MW CUSH
DTV,SOKMEN,M'S VERT MCR CREW ULW W/ CUSH
DTV,SOKMEN,M'S VERTEX 1/4 UL CUSHION
DTV,SOKMEN,M'S WESTERNER OTC LW
DTV,SOKMEN,M'S WILOUGHBY MCR CREW LW CUSH
DTV,SOKMEN,M'S YARN GOBLIN CREW LW
DTV,SOKMEN,M'S YARN GOBLIN MICRO CREW LT
DTV,SOKMEN,W'S ELEMENT NO SHO TAB LW CUSH
DTV,SOKWMN,K'S HIKER GIRLS JR LW
DTV,SOKWMN,M'S HIKER M-CREW MW
DTV,SOKWMN,M'S RUN NO SHOW TAB ULW
DTV,SOKWMN,W'S ALPINE OTC LW
DTV,SOKWMN,W'S ANIMAL HAUS CREW LW
DTV,SOKWMN,W'S BEAR TOWN CREW LW
DTV,SOKWMN,W'S BEAR TOWN M-CREW LW
DTV,SOKWMN,W'S BRONWYN CREW
DTV,SOKWMN,W'S BRONWYN CREW LW
DTV,SOKWMN,W'S CELESTE MICRO CREW MW
DTV,SOKWMN,W'S COOLMAX M-CREW MW CUSH
DTV,SOKWMN,W'S DECADE STRIPE M-CREW MW
DTV,SOKWMN,W'S ELEMENT 1/4 CUSH LW
DTV,SOKWMN,W'S ELEMENT CREW LW
DTV,SOKWMN,W'S ELEMENT NO SHO TAB LW CUSH
DTV,SOKWMN,W'S FLORAL SHORTY
DTV,SOKWMN,W'S GARDEN CREW LW
DTV,SOKWMN,W'S GATEWOOD BOOT MW
DTV,SOKWMN,W'S GATEWOOD BOOT MW FC
DTV,SOKWMN,W'S HEADY STRIPE M-CREW LW
DTV,SOKWMN,W'S HEDY BETY MCR CREW LW CUSH
DTV,SOKWMN,W'S HER SPUR BOOT LW
DTV,SOKWMN,W'S HIKER 1/4 MW CUSH
DTV,SOKWMN,W'S HIKER BOOT MW
DTV,SOKWMN,W'S HIKER COOLMAX M-CREW MW
DTV,SOKWMN,W'S HIKER NO SHOW LW
DTV,SOKWMN,W'S HORIZON CREW ULW
DTV,SOKWMN,W'S HORIZON M-CREW
DTV,SOKWMN,W'S HUNTER BOOT HW
DTV,SOKWMN,W'S HUNTING BOOT LW
DTV,SOKWMN,W'S HUNTING BOOT MW
DTV,SOKWMN,W'S KELSO M-CREW LW
DTV,SOKWMN,W'S LIGHT HIKER CREW LW
DTV,SOKWMN,W'S LIGHT HIKER M-CREW
DTV,SOKWMN,W'S LIGHT HIKER M-CREW LW
DTV,SOKWMN,W'S LILIES CREW LW
DTV,SOKWMN,W'S LT HIKER 1/4 LW CUSH
DTV,SOKWMN,W'S LT HIKER NO SHOW LW CUSH
DTV,SOKWMN,W'S LUNA M-CREW MW
DTV,SOKWMN,W'S M-CREW
DTV,SOKWMN,W'S M-CREW STRIPE MW
DTV,SOKWMN,W'S MANTRA SHORTY LW
DTV,SOKWMN,W'S MIRNAVATED MCR CREW ULW
DTV,SOKWMN,W'S MORGAN CREW LW
DTV,SOKWMN,W'S NORTHWOODS CREW MW
DTV,SOKWMN,W'S OUTER LIMITS OTC LW
DTV,SOKWMN,W'S PACER ULW
DTV,SOKWMN,W'S PEAKS RFL OTC ULW
DTV,SOKWMN,W'S PICNIC SHORTY LW
DTV,SOKWMN,W'S PIXIE CREW
DTV,SOKWMN,W'S PIXIE CREW LW
DTV,SOKWMN,W'S PRISM CREW LW
DTV,SOKWMN,W'S PRISM CREW LW W/ CUSH
DTV,SOKWMN,W'S RANGER M-CREW MW
DTV,SOKWMN,W'S RAY DAY CREW LW
DTV,SOKWMN,W'S RELAY CREW ULW
DTV,SOKWMN,W'S RFL OTC ULW
DTV,SOKWMN,W'S RTR BOOT MW
DTV,SOKWMN,W'S RUBIC SHORTY LW
DTV,SOKWMN,W'S RUN 1/4 ULW
DTV,SOKWMN,W'S RUN 1/4 ULW CUSH
DTV,SOKWMN,W'S RUN COOLMAX NO SHOW LW
DTV,SOKWMN,W'S RUN NO SHOW LW
DTV,SOKWMN,W'S RUN NO SHOW TAB
DTV,SOKWMN,W'S RUN NO SHOW ULW
DTV,SOKWMN,W'S RUN NO SHOW ULW CUSHION
DTV,SOKWMN,W'S SCOUT BOOT MW
DTV,SOKWMN,W'S SOBO CREW LW
DTV,SOKWMN,W'S SOBO M-CREW
DTV,SOKWMN,W'S SOBO M-CREW LW
DTV,SOKWMN,W'S STEELY 1/4 MW
DTV,SOKWMN,W'S STEELY BOOT MW
DTV,SOKWMN,W'S STRIDE MICRO CREW ULW
DTV,SOKWMN,W'S SUN PEDAL CREW LW
DTV,SOKWMN,W'S SUNSET LEDGE M-CREW LW
DTV,SOKWMN,W'S TOCO LOCO M-CREW ULW
DTV,SOKWMN,W'S TRAILBLAZER CREW LW
DTV,SOKWMN,W'S TRAILBLAZER LW
DTV,SOKWMN,W'S TRAILBLAZER M-CREW LW
DTV,SOKWMN,W'S TRAVERSE OTC LW
DTV,SOKWMN,W'S TREELINE CREW MW
DTV,SOKWMN,W'S TREELINE M-CREW MW
DTV,SOKWMN,W'S VANNA GRIZZLE BOOT MW CUSH
DTV,SOKWMN,W'S VERTEX COOLMAX 1/4 ULW
DTV,SOKWMN,W'S YETI OTC LW
EDELRD,CLIAIDASN,GIGAJUL
EDELRD,CLIAIDASN,HAND CRUISER
EDELRD,CLIAIDHW,"OHM II, BLUE"
EDELRD,CLIAIDHW,OHMEGA
EDELRD,CLIAIDPLY,AXIOM SLIDER
EDELRD,CLIAIDRG,SPOC- OASIS
EDELRD,CLIBAG,CADDY II HAULBAG
EDELRD,CLIBAG,DRONE II HAULBAG
EDELRD,CLIBAG,KURT HAULBAG II
EDELRD,CLIBAGCHK,MUFFIN CHALK BAG
EDELRD,CLIBEL,"OHM II, VIOLET"
EDELRD,CLIBELAS,EDDY
EDELRD,CLIBELAS,GIGAJUL
EDELRD,CLIBELAS,JUL 2
EDELRD,CLIBELAS,MEGA JUL II
EDELRD,CLIBELAS,PINCH
EDELRD,CLIBELCNY,HANNIBAL FIG 8 DESCENDER
EDELRD,CLIBELCNY,MAGO 8 DESCENDER
EDELRD,CLIBELNAS,NANO JUL
EDELRD,CLICARLK,BULLETPROOF SCREW
EDELRD,CLICARLK,BULLETPROOF SET
EDELRD,CLICARLK,HMS BULLETPROOF BELAY FG
EDELRD,CLICARLK,HMS BULLETPROOF SCREW FG
EDELRD,CLICARLK,HMS BULLETPROOF SG
EDELRD,CLICARLK,HMS BULLETPROOF SG FG
EDELRD,CLICARLK,HMS BULLETPROOF TRIPLE
EDELRD,CLICARLK,HMS BULLETPROOF TRIPLE FG
EDELRD,CLICARLK,HMS STRIKE SCREW FG II
EDELRD,CLICARLK,HMS STRIKE SLIDER II
EDELRD,CLICARLK,HMS STRIKE TRIPLE FG II
EDELRD,CLICARLK,HMS STRIKE TRIPLE II
EDELRD,CLICARLK,PURE SCREW
EDELRD,CLICARLK,PURE SCREW III
EDELRD,CLICARLK,PURE SLIDER
EDELRD,CLICARLK,PURE SLIDER III
EDELRD,CLICARNLK,BULLETPROOF BENT
EDELRD,CLICARNLK,BULLETPROOF STRAIGHT
EDELRD,CLICARNLK,MISSION II BENT
EDELRD,CLICARNLK,MISSION II STRAIGHT
EDELRD,CLICARNLK,NINETEEN G
EDELRD,CLICARNLK,NINETEEN G 6PACK
EDELRD,CLICARQD,BULLETPROOF SET
EDELRD,CLIGLVBEL,SKINNY GLOVE
EDELRD,CLIHELUNI,SALATHE HELMET
EDELRD,CLIHELUNI,SALATHE LITE HELMET
EDELRD,CLIHELUNI,ZODIAC II
EDELRD,CLIHNSUNI,IGUAZU III
EDELRD,CLIHNSUNI,LOOPO LITE
EDELRD,CLIHW,MISSION II EXTENDABLE
EDELRD,CLISFTCRD,ARAMID CORD SLING 6MM
EDELRD,CLISFTCRD,DYNEEMA SLING 8MM
EDELRD,CLISFTCRD,DYNEEMA SLING II 8MM
EDELRD,CLISFTCRD,HARD LINE 6 MM
EDELRD,CLISFTCRD,HMPE EXPRESS SLING II
EDELRD,CLISFTCRD,HPME CORD SLING 6MM
EDELRD,CLISFTCRD,PES CORD 6MM
EDELRD,CLISFTCRD,PES CORD 7MM
EDELRD,CLISFTCRD,PES CORD 8MM
EDELRD,CLISFTCRD,PES QUICKDRAW SLING 16 MM
EDELRD,CLISFTCRD,PES SLING 16 MM
EDELRD,CLISFTCRD,TECH WEB SLING 12MM
EDELRD,CLISFTPAS,SWITCH ADJUST
EDELRD,CLISFTPAS,SWITCH DOUBLE ADJUST 120/45
EDELRD,CLISFTROP,CANARY PRO DRY 8.6MM
EDELRD,CLISFTROP,CANARY PRO DRY 8.8MM
EDELRD,CLISFTROP,HUMMINGBIRD ECO DRY 9.2 MM
EDELRD,CLISFTROP,KINGLET 9.2MM
EDELRD,CLISFTROP,MULTICORD SP 2 MM
EDELRD,CLISFTROP,NEO 3R 9.8MM
EDELRD,CLISFTROP,PES WEBBING 16 MM
EDELRD,CLISFTROP,PINTAIL LITE 9 MM
EDELRD,CLISFTROP,POWERLOC EXPERT SP 5MM
EDELRD,CLISFTROP,POWERLOC EXPERT SP 6MM
EDELRD,CLISFTROP,POWERLOC EXPERT SP 7MM
EDELRD,CLISFTROP,RAP LINE PRO DRY 6MM
EDELRD,CLISFTROP,SISKIN ECO DRY 8.6 MM
EDELRD,CLISFTROP,TAGLINE 4MM
EDELRD,CLISFTROP,TOMMY CALDWELL ECO DRY C/T 9.3
EDELRD,CLISFTROP,TOMMY CALDWELL ECO DRY C/T 9.6
EDELRD,CLISFTROP,XTAGLINE 4 MM
EDELRD,CLISFTSLG,X-TUBE 25MM WEBBING
EDELRD,CLISFTWEB,X X-TUBE 25MM WEBBING
EDELRD,PAKBP,CANYONEER GUIDE
EDELRD,TOLKNF,RESCUE KNIFE
EDELRD,TOLKNF,ROPE TOOTH KNIFE
EKUSA,EYECLN,CAT CRAP SPRAY-ON LENS CLEANER
EKUSA,MEDSUR,EK HAND SANITIZER W/NECK LANYA
ENO,HMK,ATLAS EXT STRAP
ENO,HMK,ATLAS SUSPENSION SYSTEM
ENO,HMK,ATLAS XL SET
ENO,HMK,DOUBLE NEST
ENO,HMK,ENO CARABINER
ENO,HMK,GUARDIAN DX BUG NET
ENO,HMK,GUARDIAN SL BUG NET
ENO,HMK,GUARDIAN™ BUG NET
ENO,HMK,HAMMOCK REPAIR KIT
ENO,HMK,SINGLE NEST
ENO,HMK,SINGLE NEST - BERRY/PLUM
ENO,HMK,SINGLE NEST - CHARCOAL/DENIM
ENO,HMK,SINGLE NEST - MELON/OLIVE
ENO,HMK,TRAVEL NEST + STRAPS
ENO,HMKACS,FESTY FLAGS™ RETRO TRI
EPICBR,FODBAR,BEEF APPLE BACON BAR
EPICBR,FODBAR,BEEF SALT&PEPPER BAR
EPICBR,FODBAR,BISON BACON BITES
EPICBR,FODBAR,BISON BACON CRANBERRY BAR
EPICBR,FODBAR,CHICKEN SRIRACHA BITES
EPICBR,FODBAR,CHICKEN SRIRACHA SNACK STRIPS
EPICBR,FODBAR,VENISON W/ BEEF BITES
EPICBR,FODBAR,WAGYU BEEF SNACK STRIPS
EPICUR,KITCW,"AIO CUT BOARD LG 17.5""X13"""
EPICUR,KITCW,"AIO CUT BOARD MED 14.5""X11.25"""
EPICUR,KITCW,"AIO CUT BOARD SM 11.5""X9"""
EPICUR,KITCW,"AIO CUT BOARD XL 19.5""X14.5"""
EPICUR,KITCW,"ANGLED TURNER - ""MOAB"""
EPICUR,KITCW,"HANDY CUT BOARD LONG 14""X7.5"""
EPICUR,KITCW,"HANDY CUT BOARD SHORT 9""X7.5"""
EPICUR,KITCW,HANDY LONG - DESIGNS 1-6
EPICUR,KITCW,"KS CUT BOARD LG 17.5""X13"""
EPICUR,KITCW,"KS CUT BOARD MED 14.5""X11.25"""
EPICUR,KITCW,"KS CUTTING BOARD 11.5""X9"" NUTM"
EPICUR,KITCW,"KS CUTTING BOARD 8""X6"" NUTMEG"
EPICUR,KITCW,"KS CUTTING BOARD SM 11.5""X9"""
EPICUR,KITCW,"KS CUTTING BOARD XS 8""X6"""
EPICUR,KITCW,KS UTENSILS ANGLED TURNER
EPICUR,KITCW,KS UTENSILS LARGE SPOON NATURA
EPICUR,KITCW,KS UTENSILS SAUTÉ TOOL/NATURAL
EPICUR,KITCW,"LARGE SPOON - ""MOAB"""
EPICUR,KITCW,PIZZA PEEL - DESIGNS 1-6
EPICUR,KITCW,"PIZZA PEELS 17""X10"" NATURAL"
EPICUR,KITCW,"SAUTÉ TOOL - ""MOAB"""
EUREKA,FURCHR,TAGALONG HIGHBACK CHAIR
EUREKA,FURCHR,TAGALONG LITE CHAIR
EUREKA,KCHSTV,20LB PROPANE TANK HOSE
EUREKA,KCHSTV,IGNITE 2 BURNER STOVE
EUREKA,KCHSTV,JETLINK ACCESSORY HOSE
EUREKA,KCHSTV,SPRK CAMP STOVE
EUREKA,KCHSTV,SPRK+ CAMP STOVE
EUREKA,TNTCAR,MIDORI 2 TENT
EUREKA,TNTCAR,MIDORI 3 TENT
EUREKA,TNTFP,2P COMFORT FLOOR
EUREKA,TNTFP,4P COMFORT FLOOR
EUREKA,TNTPRV,TAGALONG SHELTER
EXPED,FURCHRPAD,AIRSEAT
EXPED,RPR,ACCESSORY STRAP UL 60CM
EXPED,RPR,FLATVALVE ADAPTER
EXPED,RPR,SHOWER SCHNOZZEL
EXPED,RPR,UNIVERSAL MAT COUPLER KIT
EXPED,RPRPAT,FIELD REPAIR KIT
EXPED,SLPACS,OMNIGRIP STRAP 30 CM
EXPED,SLPACS,OMNIGRIP STRAP 60 CM
EXPED,SLPACS,OMNIGRIP STRAP 90 CM
EXPED,SLPBAG,LUXEWOOL SLEEPING BAG DUO
EXPED,SLPBAG,LUXEWOOL SLEEPING BAG UNO
EXPED,SLPBAG,MEGASLEEP DUO
EXPED,SLPBAG,MEGASLEEP UNO
EXPED,SLPBAG,VERSALUXE LW
EXPED,SLPPAD,DEEPSLEEP MAT AUTO
EXPED,SLPPAD,LUXEMAT
EXPED,SLPPAD,LUXEMAT DUO
EXPED,SLPPAD,MEGAMAT
EXPED,SLPPAD,MEGAMAT AUTO
EXPED,SLPPAD,MEGAMAT DUO
EXPED,SLPPAD,MEGAMAT MAX
EXPED,SLPPAD,MEGAMAT MAX DUO
EXPED,SLPPAD,ULTRA 1R
EXPED,SLPPAD,ULTRA 1R DUO
EXPED,SLPPAD,ULTRA 3R
EXPED,SLPPIL,LUXEWOOL PILLOW
EXPED,SLPPIL,MEGA PILLOW
EXPED,SLPPIL,ULTRA PILLOW M
EXPED,SLPPIL,VERSALUXE PILLOW
EXPED,SLPPMP,MEGA PUMP
EXPED,SLPPMP,ULTRA PUMP
EXPED,SLPPMP,WIDGET PUMP
EXPED,TNTACS,GEAR LOFT
EXPED,TRVACS,CLEAR CUBE SMALL
EXPED,TRVACS,SEAL SLEEVE 4
FAIRE,CLAHB,BANDANA  ASSORTED
FARMTO,FOD,CHILE MOCHA
FARMTO,FOD,DOUBLE SHOT LATTE
FARMTO,FOD,OAT MILK LATTE
FARMTO,FOD,TURMERIC LATTE
FARMTO,FOD,WHOLE MILK LATTE
FARMTO,FODFRZ,APPLE BUCKWHEAT GRANOLA
FARMTO,FODFRZ,GARDEN MAC & CHEESE
FARMTO,FODFRZ,GOLDEN OATS
FARMTO,FODFRZ,GREEN CHILE MAC & CHEESE
FARMTO,FODFRZ,GREEN CHILI CHEDDAR GRITS
FARMTO,FODFRZ,HARVEST GREEN CURRY
FARMTO,FODFRZ,MUSHROOM POT PIE
FARMTO,FODFRZ,PUEBLOAN BEANS & RICE
FARMTO,FODFRZ,RAINBOW PASTA
FARMTO,FODFRZ,SRIRACHA DUST
FARMTO,FODFRZ,THAI CARROT SLAW
FARMTO,FODFRZ,THAI RED CURRY
FARMTO,FODFRZ,THREE BEAN CHILI & CORNBREAD
FERN,FODFRZ,GREEN TAMALE PIE
FERN,FODFRZ,MORNING GLORY BOWL
FERN,FODFRZ,MUSHROOM POT PIE
FERN,FODFRZ,"RED BEANS,GREENS, COCONUT RICE"
FERN,FODFRZ,SOUTHWEST STEW
FFEET,SOK1/4UNI,DAMASCUS LTC 1/4
FFEET,SOK1/4UNI,DAMASCUS-TRAIL LT TC 1/4 CREW
FFEET,SOK1/4UNI,GREENSBORO LC 1/4
FFEET,SOK1/4UNI,GREENSBORO-SPORT LC 1/4 CREW
FFEET,SOK1/4UNI,MAX PATCH-TRAIL LIGHT TC 1/4 C
FFEET,SOK1/4UNI,TRAIL LT 1/4 CREW
FFEET,SOK3/4UNI,AMERICAN TRAIL-CASCADE LOCKS L
FFEET,SOK3/4UNI,APOLLO-TRAIL LIGHT TC 3/4 CREW
FFEET,SOK3/4UNI,ASHEVILLE-TRAIL LC 3/4 CREW
FFEET,SOK3/4UNI,BLUE RIDGE-TRAIL LIGHT TC 3/4
FFEET,SOK3/4UNI,CASCADE LOCKS LTC 3/4
FFEET,SOK3/4UNI,CASCADE LOCKS-TRAIL LT TC 3/4
FFEET,SOK3/4UNI,CHESTER-TRAIL LIGHT TC 3/4 CRE
FFEET,SOK3/4UNI,DAMASCUS LTC 3/4
FFEET,SOK3/4UNI,DAMASCUS-TRAIL FC 3/4 CREW
FFEET,SOK3/4UNI,DAMASCUS-TRAIL LIGHT TC
FFEET,SOK3/4UNI,DAMASCUS-TRAIL LIGHT TC 3/4 CR
FFEET,SOK3/4UNI,DAMASCUS-TRAIL LT TC 3/4 CREW
FFEET,SOK3/4UNI,FLAGSTAFF LC 3/4
FFEET,SOK3/4UNI,FLAGSTAFF-TRAIL LC 3/4 CREW
FFEET,SOK3/4UNI,GREENSBORO LC 3/4
FFEET,SOK3/4UNI,GREENSBORO-SPORT LC 3/4 CREW
FFEET,SOK3/4UNI,MAX PATCH LTC 3/4
FFEET,SOK3/4UNI,MAX PATCH-TRAIL LIGHT TC 3/4 C
FFEET,SOK3/4UNI,TRAIL LT 3/4 CREW
FFEET,SOK3/4UNI,TRAIL LT CUSHION 3/4 CREW
FFEET,SOKCRWUNI,BOULDER LC CREW
FFEET,SOKCRWUNI,DAMASCUS LTC CREW
FFEET,SOKCRWUNI,DAMASCUS-TRAIL LIGHT TC CREW
FFEET,SOKCRWUNI,DAMASCUS-TRAIL LT TC CREW
FFEET,SOKCRWUNI,EVERYDAY LT CUSHION CREW
FFEET,SOKCRWUNI,FAYETTEVILLE-TACTICAL LIGHT TC
FFEET,SOKCRWUNI,FAYETTEVILLE-TACTICAL LT TC
FFEET,SOKCRWUNI,ITHACA-EVERYDAY NO CUSHION CRE
FFEET,SOKCRWUNI,MISSOULA LC CREW
FFEET,SOKCRWUNI,MISSOULA-EVERYDAY LC CREW
FFEET,SOKCRWUNI,MOUNT AIRY-EVERYDAY LC CREW
FFEET,SOKCRWUNI,RICHMOND-LC CREW
FFEET,SOKCRWUNI,SPOKANE-EVERYDAY LC CREW
FFEET,SOKCRWUNI,SPRINGER MTN-EVERYDAY LC CREW
FFEET,SOKCRWUNI,TRAIL LT CUSHION CREW
FFEET,SOKCRWYTH,Y'S HIKE FC 3 PK
FFEET,SOKCRWYTH,Y'S MISSOULA LC CREW
FFEET,SOKLOWUNI,AMERICAN TRAIL-TIMBER LC
FFEET,SOKLOWUNI,AUSTIN LCT LOW
FFEET,SOKLOWUNI,DAMASCUS LTC LOW
FFEET,SOKLOWUNI,DAMASCUS-TRAIL LIGHT TC LOW
FFEET,SOKLOWUNI,DAMASCUS-TRAIL LT TC LOW
FFEET,SOKLOWUNI,GREENSBORO-SPORT LC LOW
FFLY,CLASWMWMN,W'S OFFSHORE RASH GUARD
FFLY,CLASWMWMN,W'S WAVBND BIKINI BTM
FFLY,CLASWMWMN,W'S WAVBND CHEEKY BIKINI BTM
FFLY,CLASWMWMN,W'S WAVBND CROSS-TIE BIKINI TO
FFLY,CLASWMWMN,W'S WAVBND CROSS-TIE BKINI TOP
FFLY,CLASWMWMN,W'S WAVBND HW BIKINI BTM
FFLY,CLASWMWMN,W'S WAVBND LONG SLEEVE SUIT
FFLY,CLASWMWMN,W'S WAVBND ONE PIECE SUIT
FFLY,CLASWMWMN,W'S WAVBND SCOOP BIKINI TOP
FFLY,CLASWMWMN,W'S WAVEBOUND BIKINI BOTTOM
FFLY,CLASWMWMN,W'S WAVEBOUND SCOOP BIKINI TOP
FFLY,CLOBLTMEN,M'S BAMBOO FLEX 1/4 ZIP
FFLY,CLOBLTMEN,M'S BAMBOO HERITAGE 1/4 ZIP
FFLY,CLOBLTMEN,M'S BAMBOO HERITAGE HDY
FFLY,CLOBLTMEN,W'S BAMBOO FLEX HDY
FFLY,CLOBLTMEN,X M'S BAMBOO SLUB HDY
FFLY,CLOHDYMEN,M'S BAMBOO CROSSOVER HDY
FFLY,CLOHDYMEN,M'S BAMBOO FLEX HDY
FFLY,CLOHDYMEN,M'S BAMBOO LW FLEECE HDY
FFLY,CLOHDYMEN,M'S BAMBOO LW HDY
FFLY,CLOHDYMEN,M'S BAMBOO LW LS
FFLY,CLOHDYMEN,M'S BAMBOO SHADE HDY
FFLY,CLOHDYMEN,M'S CLEARWATER HDY
FFLY,CLOHDYMEN,M'S ELEVATE HDY
FFLY,CLOHDYMEN,M'S ELEVATE LW HDY
FFLY,CLOHDYMEN,M'S FLEX HDY
FFLY,CLOHDYMEN,M'S LIGHTWEIGHT HDY
FFLY,CLOHDYMEN,M'S SHADE HDY
FFLY,CLOHDYMEN,TODDLER SHADE HDY
FFLY,CLOHDYWMN,G'S BAMBOO SHADE HDY
FFLY,CLOHDYWMN,W'S BAMBOO FLEECE HDY
FFLY,CLOHDYWMN,W'S BAMBOO LT HDY II
FFLY,CLOHDYWMN,W'S BAMBOO LW FLEECE HDY
FFLY,CLOHDYWMN,W'S BAMBOO LW FLEECE ZIP HDY
FFLY,CLOHDYWMN,W'S BAMBOO LW HDY II
FFLY,CLOHDYWMN,W'S CLEARWATER HDY
FFLY,CLOHDYWMN,W'S ELEVATE HDY
FFLY,CLOHDYWMN,W'S ELEVATE LW HDY
FFLY,CLOHDYWMN,W'S FLEX HDY
FFLY,CLOHDYWMN,W'S LW HDY II
FFLY,CLOHDYWMN,X W'S BAMBOO SHADE HDY
FFLY,CLOHDYWMN,X W'S BAMBOO WEEKENDER HDY
FFLY,CLOHDYYTH,Y'S BAMBOO SHADE GRAPHIC HDY
FFLY,CLOHDYYTH,Y'S BAMBOO SHADE HDY
FFLY,CLOHDYYTH,Y'S COLORBLOCK BAMBOO SHADE HD
FFLY,CLOJKTMEN,M'S GRIDBACK FLEECE JACKET
FFLY,CLOJKTMEN,M'S GRIDBACK FLEECE SNAP PULLO
FFLY,CLOJKTMEN,M'S SHERPA LINED ELEMENTS
FFLY,CLOJKTWMN,W'S GRIDBACK FLEECE JACKET
FFLY,CLOKIDSHI,K'S BAMBOO CROSSOVER HDY
FFLY,CLOKIDSHI,X K'S BAMBOO SHADE HDY
FFLY,CLOLSSMEN,M'S BAMBOO LW LS
FFLY,CLOLSSMEN,M'S SULLIVAN'S CAMP SHIRT
FFLY,CLOLSSWMN,W'S ELEVATE LS
FFLY,CLOLSSWMN,W'S ELEVATE LW FITTED LS
FFLY,CLOLSSWMN,W'S SULLIVAN'S SHIRT
FFLY,CLOLSSYTH,Y'S BAMBOO SHADE LS
FFLY,CLOLSWMEN,M'S BAMBOO LW FLEECE CREW
FFLY,CLOLSWWMN,W'S BAMBOO FLEECE CREW
FFLY,CLOLSWWMN,W'S BAMBOO FLEECE PULLOVER
FFLY,CLOLSWWMN,W'S BAMBOO LW FLEECE CREW
FFLY,CLOLSWWMN,W'S BAMBOO SHERPA HALF ZIP
FFLY,CLOMENPNT,M'S LATITUDE PANT
FFLY,CLOMENPNT,M'S STRETCH CNVS 5 POCKET
FFLY,CLOMENSHI,M'S BAMBOO FLEX HENLEY
FFLY,CLOMENSHI,M'S BAMBOO FLEX L/S
FFLY,CLOMENSHI,M'S BAMBOO SHADE L/S
FFLY,CLOMENSHI,M'S ELEVATE HOODIE
FFLY,CLOMENSHI,M'S LIGHTWEIGHT HOODIE
FFLY,CLOMENSHI,M'S SHADE HOODIE
FFLY,CLOMENSHI,X M'S BAMBOO MOTION TEE
FFLY,CLOMENSHT,M'S LATITUDE SHORT
FFLY,CLOMENSHT,"X M'S BREEZE SHORT 6"""
FFLY,CLOPNTYTH,Y'S BREEZE PANT
FFLY,CLORNJMEN,M'S CLOUDSHIELD RAIN JACKET
FFLY,CLOSHOWMN,W'S WAVBND SURF SHORT
FFLY,CLOSHOWMN,W'S WAVEBOUND SURF SHORT
FFLY,CLOSHOWMN,X W'S BREEZE SHORT
FFLY,CLOSHOYTH,Y'S BREEZE SHORT
FFLY,CLOSHOYTH,Y'S REVERB SHORT
FFLY,CLOSKTWMN,W'S BAMBOO LINED BREEZE SKORT
FFLY,CLOSNHGRL,G'S BAMBOO SHADE HDY
FFLY,CLOSNHMEN,X M'S BAMBOO LW L/S
FFLY,CLOSNHMEN,X M'S BAMBOO SHADE HDY
FFLY,CLOSNHWMN,W'S BAMBOO SHADE HDY II
FFLY,CLOSNHWMN,W'S SHADE HDY II
FFLY,CLOSNHYTH,Y'S BAMBOO SHADE HDY
FFLY,CLOSNHYTH,YOUTH SHADE HDY
FFLY,CLOSNTWMN,W'S BAMBOO SHADE LS II
FFLY,CLOSSTWMN,X W'S BAMBOO MW L/S
FFLY,CLOSSTYTH,Y'S GO YOUR OWN WAY TEE
FFLY,CLOSSTYTH,Y'S OSPREY CATCH TEE
FFLY,CLOTNKWMN,W'S BAMBOO MOTION RACERBACK TA
FFLY,CLOTNKWMN,W'S ELEVATE LW TANK
FFLY,CLOTNKWMN,W'S MOTION RACERBACK TANK
FFLY,CLOTNKWMN,X W'S BAMBOO RACERBACK TANK
FFLY,CLOWMNBL,W'S BAMBOO SHADE LONG SLEEVE I
FFLY,CLOWMNPNT,W'S ALL DAY LEGGING
FFLY,CLOWMNPNT,W'S MOTION LEGGING
FFLY,CLOWMNSHI,W'S BAMBOO LW L/S II
FFLY,HATCAP,DRIFTER SNAPBACK
FFLY,HATCAP,FLATS CAP
FFLY,HATCAP,HIGH HOPES SNAPBACK
FFLY,HATCAP,LT ICON HAT
FFLY,HATCAP,TOPO ICON SNAPBACK
FFLY,HATCAP,WAVE SNAPBACK
FFLY,HATSUN,WAVE SNAPBACK
FIDLOC,RVRDRY,FIDLOCK DRYBAG MAXI - CLEAR
FIDLOC,RVRDRY,FIDLOCK DRYBAG MEDI - CLEAR
FIDLOC,RVRDRY,FIDLOCK DRYBAG MEGA - FABRIC
FIDLOC,RVRDRY,FIDLOCK DRYBAG MINI - CLEAR
FIDLOC,RVRDRY,FIDLOCK DRYBAG MULTI - CLEAR
FIDLOC,RVRDRY,FIDLOCK DRYBAG MULTI - COLOR
FIDLOC,RVRDRY,FIDLOCK DRYBAG MULTI - FABRIC
FIDO,PETBWL,DOUBLE BUBBLE DOG BOWL
FIDO,PETBWL,TACO BOWL
FIDO,PETHAR,"12"" SHOULDER PADS"
FIDO,PETHAR,AIRLIFT - RESUCE SLING
FIDO,PETHAR,AIRLIFT - XL 2 PERSON CARRY
FIDO,PETHAR,PANZA HARNESS W/RESCUE SLING
FIDO,PETLSH,REMI-RUNNER LEASH
FIDO,PETLSH,TAG TETHER ROPE LEASH
FIRE,MEDSUR,DEER/ELK ANTLER H-25
FIRE,MEDSUR,LARGE STRIKER
FIRE,MEDSUR,MEDIUM STRIKER
FIRE,MEDSUR,STRIKER TOOL
FIRE,OLD,FLINT - STRIKER
FIRSTA,FOD,DAWN PATROL INSTANT COFFEE BUL
FIRSTA,FOD,DAWN PATROL INSTANT COFFEE SS
FIRSTA,FOD,GUATEMALA INSTANT COFFEE BULK
FIRSTA,FOD,GUATEMALA INSTANT COFFEE SS
FIRSTA,FOD,HERO DAY INSTANT COFFEE BULK
FIRSTA,FOD,HERO DAY INSTANT COFFEE SS
FIRSTA,FOD,VARIETY PACK COFFEE BULK
FITOVR,SUN,ALLURE - SATIN BLACK/GREY
FITOVR,SUN,ARIA - TORTOISESHELL AMBER
FITOVR,SUN,COOLAROO - PURPLE STRIPES
FITOVR,SUN,ETERNAL - BLACK GREY
FITOVR,SUN,EUROKA - BLUE EBONY GRAY
FITOVR,SUN,EUROKA - MIDNIGHT OIL GRAY
FITOVR,SUN,JETT - OLIVE CHARCOAL AMBER
FITOVR,SUN,OOGEE - BARK AMBER
FITOVR,SUN,OOGEE - MATTE BLACK/BLUE MIRRO
FITOVR,SUN,TRAVELER - BROWN/TAN OMBRE
FITZOF,ACS,CLIMBING BELT
FIXE,CLIATCBIT,SDS DRILL BIT 1/2X10
FIXE,CLIATCBIT,SDS DRILL BIT 1/2X12
FIXE,CLIATCBIT,SDS DRILL BIT 1/2X6
FIXE,CLIATCBIT,SDS DRILL BIT 1/4X4
FIXE,CLIATCBIT,SDS DRILL BIT 3/8X6
FIXE,CLIATCBLT,5 PIECE BOLT-PS 1/2 X 2.75
FIXE,CLIATCBLT,5 PIECE BOLT-PS 1/2 X 3.50
FIXE,CLIATCBLT,5 PIECE BOLT-PS 1/2 X 4.75
FIXE,CLIATCBLT,5 PIECE BOLT-PS 3/8 X 3.50
FIXE,CLIATCBLT,"5 PIECE BOLT-PS PW 3/8"" X 3"""
FIXE,CLIATCBLT,5 PIECE BOLT-SS 1/2 X 2.75
FIXE,CLIATCBLT,5 PIECE BOLT-SS 1/2 X 4.75
FIXE,CLIATCBLT,5 PIECE BOLT-SS 3/8 X 2.25
FIXE,CLIATCBLT,5 PIECE BOLT-SS 3/8 X 3.50
FIXE,CLIATCBLT,GLUE IN BOLT-316 SS
FIXE,CLIATCBLT,GLUE IN BOLT-316 SS  10MM
FIXE,CLIATCBLT,GLUE IN BOLT-SS 1/2 X 3 1/2
FIXE,CLIATCBLT,GLUE IN BOLT-SS 3/8 X 6 1/2
FIXE,CLIATCBLT,GLUE IN BOLT-SS DUPLEX
FIXE,CLIATCBLT,RAPPEL RING-PS
FIXE,CLIATCBLT,WEDGE BOLT 12 MM X 110MM
FIXE,CLIATCGLU,MIXING NOZZLES FOR AC100+ GOLD
FIXE,CLIATCHNG,BOLT HANGER-304 SS 1/2
FIXE,CLIATCHNG,BOLT HANGER-PS 1/2
FIXE,CLIATCHNG,BOLT HANGER-PS 3/8
FIXE,CLIATCHNG,BOLT HANGER-PS1/2-12.8MM
FIXE,CLIATCHNG,BOLT HANGER-SS 1/2
FIXE,CLIATCHNG,"BOLT HANGER-SS 1/2"""
FIXE,CLIATCHNG,BOLT HANGER-SS 3/8
FIXE,CLIATCHNG,"BOLT HANGER-SS 3/8"""
FIXE,CLIATCHNG,CHAIN ANCHOR-SS 3/8
FIXE,CLIATCHNG,DOUBLE RING ANCHOR-PS 1/2
FIXE,CLIATCHNG,DOUBLE RING ANCHOR-PS 3/8
FIXE,CLIATCHNG,DOUBLE RING ANCHOR-SS 1/2
FIXE,CLIATCHNG,DOUBLE RING ANCHOR-SS 3/8
FIXE,CLIATCHNG,PS 1/2 TRADITIONAL ANCHOR
FIXE,CLIATCHNG,RAPPEL RING-SS
FIXE,CLIATCHNG,RING ANCHOR + CHAIN-PS 1/2
FIXE,CLIATCHNG,RING ANCHOR + CHAIN-PS 3/8
FIXE,CLIATCHNG,RING ANCHOR-316 SS 1/2
FIXE,CLIATCHNG,RING ANCHOR-PS 1/2
FIXE,CLIATCHNG,RING ANCHOR-PS 3/8
FIXE,CLIATCHNG,RING ANCHOR-SS 3/8
FIXE,CLIATCHNG,TRADITIONAL ANCHOR-PS 3/8
FIXE,CLIATCHNG,TRADITIONAL ANCHOR-SS 1/2
FIXE,CLICAMOFS,ALIEN REVO HYBRID CAM
FIXE,CLICAMSTD,ALIEN CAM
FIXE,CLICAMSTD,ALIEN REVO CAM
FIXE,CLICAMSTD,ALIEN REVO DBL SLING CAM
FIXE,CLICAMSTD,ALIEN X
FIXE,CLISFTROP,9.2 OLIANA
FIXE,CLISFTROP,9.6 SIURANA- ENDURANCE
FIXE,CLISFTROP,ROCA 9.6 SIURANA ENDURANCE
FIXE,CLISFTSLG,8MM TUBULAR SLING
FIXE,RPR,ALIEN TRIGGER REPAIR KIT
FLABS,CLICHK,BAM BAM 6 OZ
FLABS,CLICHK,GORILLA GRIP 1 OZ
FLABS,CLICHK,GORILLA GRIP 10 OZ
FLABS,CLICHK,GORILLA GRIP 6 OZ
FLABS,CLICHK,UNICORN DUST 6 OZ
FOUND,FODFRZ,APPLE CRISP
FOUND,FODFRZ,BERRY DARK GRANOLA
FOUND,FODFRZ,BISCUITS & SAUSAGE GRAVY
FOUND,FODFRZ,CHEDDAR CHEESE BITES
FOUND,FODFRZ,CHICKEN POT PIE
FOUND,FODFRZ,CHILI WITH BEANS
FOUND,FODFRZ,LASAGNA
FOUND,FODFRZ,LIME CHICKEN W AVO/MANGO SALSA
FOUND,FODFRZ,PASTA ALFREDO
FOUND,FODFRZ,PASTA PRIMAVERA
FOUND,FODFRZ,PUMPKIN PIE CHEESECAKE BITES
FOUND,FODFRZ,RISE & SHINE BREAKFAST
FOUND,FODFRZ,SPAGHETTI WITH MEAT SAUCE
FOUND,FODFRZ,SPICY ITALIAN PORK SAUSAGE
FOUND,FODFRZ,SW STYLE BREAKFAST SKILLET
FOUND,FODFRZ,X BEEF STROGANOFF
FOUND,PETFOD,DOG 3 BEEF ORGAN MEDLEY
FOUND,PETFOD,DOG BEEF LIVER TREAT
FOUND,PETFOD,DOG CHICKEN BREAST TREAT
FOUND,PETFOD,DOG STEAK & CHEDDER CHEESE
FUNTRK,BOKHIK,ATV TRAILS MOAB UTAH
FUNTRK,BOKHIK,GUIDE TO ARIZONA BACKROADS 3RD
FUNTRK,BOKHIK,GUIDE TO ARIZONA BACKROADS 4WH
FUNTRK,BOKHIK,GUIDE TO COLORADO BACKROADS 4
FUNTRK,BOKHIK,MOAB UT BACKROADS 4WD
FUNTRK,BOOKS,MICRO SD/GUIDE TO MOAB 3RD ED
FXNZIP,RPR,"3PK NICKEL (S,M,L)"
FXNZIP,RPR,"FIXNZIP LARGE, NICKEL"
FXNZIP,RPR,"FIXNZIP MEDIUM, NICKEL"
FXNZIP,RPR,"FIXNZIP SMALL, NICKLE"
GARMIN,ELTCHGCBL,USB-A CHARGING CABLE
GARMIN,ELTCHGCBL,USB-C CHARGING CABLE
GARMIN,ELTGPS,INREACH MINI 3
GARMIN,ELTGPS,INREACH MINI 3 PLUS
GCI,FURACS,SUNSHADE ACCESSORY
GCI,FURCHR,BP EVENT CHAIR
GCI,FURCHR,BREEZE ROCKER
GCI,FURCHR,COMFORT PRO ROCKER
GCI,FURCHR,COMFORT PRO ROCKER XL
GCI,FURCHR,COMPACK ROCKER
GCI,FURCHR,EAZY CHAIR
GCI,FURCHR,EVERYWHERE CHAIR 2
GCI,FURCHR,FIREPIT ROCKER
GCI,FURCHR,FREESTYLE ROCKER
GCI,FURCHR,FREESTYLE ROCKER W/SIDE TABLE
GCI,FURCHR,GRAB & GO ROCKER
GCI,FURCHR,MASTER COOK STATION
GCI,FURCHR,PACKSEAT
GCI,FURCHR,PICO ARM CHAIR
GCI,FURCHR,ROADTRIP ROCKER
GCI,FURCHR,SLIM-FOLD COOK STATION
GCI,FURCHR,SLIM-FOLD DIRECTOR'S CHAIR
GCI,FURCHR,SLIM-FOLD TABLE
GCI,FURCHR,SLIM-FOLD TABLE XL
GCI,FURCHR,STOWAWAY ROCKER
GCI,FURCHR,STOWAWAY ROCKER W/SIDE TABLE
GCI,FURCHR,X POD ROCKER
GCI,FURTAB,COMPACT CAMP TABLE 20
GCI,FURTAB,ONE PIECE CAMP TABLE 20
GCI,FURTAB,ONE PIECE CAMP TABLE 25
GERBER,TOLAXE,"17.5"" HATCHET"
GERBER,TOLAXE,"28"" SPLITING AXE II"
GERBER,TOLAXE,"9"" HATCHET"
GERBER,TOLAXE,AXE W/KNIFE COMBO
GERBER,TOLAXE,"GERBER FREESCAPE AXE 23.5"""
GERBER,TOLKNF,"BOLO MACHETE, ENG"
GERBER,TOLKNF,CRUCIAL TOOL
GERBER,TOLKNF,GATOR BRUSH THINNER........
GERBER,TOLKNF,GATORMATE
GERBER,TOLKNF,GERBER GORGE
GERBER,TOLKNF,INSTANT
GERBER,TOLKNF,PARAFRAME I
GERBER,TOLKNF,PARAFRAME II - SS FINE EDGE
GERBER,TOLMLT,SUSPENSION TOOL
GERBER,TOLMSC,BEAR GRYLLS WHISTLE
GF,TOLACS,AXE SHARPENING DIAMOND
GF,TOLACS,AXE SHARPENING FILE
GF,TOLACS,AXE SHARPENING STONE CERAMIC
GF,TOLACS,CARE KIT
GF,TOLACS,GRAIN LEATHER SHEATH
GF,TOLACS,GRANSFORS OIL
GF,TOLACS,LEATHER WAX
GF,TOLACS,NATURAL WHETSTONE
GF,TOLAXE,"AMERICAN FELLING AXE 31"""
GF,TOLAXE,CARPENTERS AXE
GF,TOLAXE,DOUBLE BIT AXE
GF,TOLAXE,"FELLING AXE 31"" STR HANDLE"
GF,TOLAXE,"FELLING AXE 35"" HANDLE"
GF,TOLAXE,HAND HATCHET
GF,TOLAXE,HUNTERS AXE
GF,TOLAXE,LARGE SPLITTING AXE W/COLLAR
GF,TOLAXE,LONG & LARGE SPLITTING AXE
GF,TOLAXE,MINI HATCHET
GF,TOLAXE,OUTDOOR AXE W/COLLAR GUARD
GF,TOLAXE,SCANDINAVIAN FOREST AXE
GF,TOLAXE,SMALL FOREST AXE
GF,TOLAXE,SMALL SPLITTING AXE
GF,TOLAXE,SPLITTING HATCHET
GF,TOLAXE,SPLITTING MAUL
GF,TOLAXE,SWEDISH CARVING AXE
GF,TOLAXE,TWISTED SPLITTING WEDGE
GF,TOLAXE,WILDLIFE HATCHET
GGEAR,RVRSS,10L DRYSACK - ASSORTED
GGEAR,RVRSS,18L EVENT SIL DRYSACK
GGEAR,RVRSS,33L DRYSACK - ASSORTED
GGEAR,RVRSS,5L AIR ZIPPSACK
GGEAR,RVRSS,AIR POCKET SM
GGEAR,RVRSS,BLOCK ROCK 31L
GH,ACS,DELICATE PERCEPTION
GH,ACS,DELICATE PERCEPTION - STICKER
GH,ACS,EARTHLY REMAINS
GH,ACS,FROM THE BEGINNING
GH,ACS,GRATITUDE
GH,ACS,INTO THE VAST
GH,ACS,KIDS BRACELET MIX
GH,ACS,MID-MORNING VEIL
GH,ACS,PAST CHICKEN CORNER
GH,ACS,RECKONING
GH,ACS,RHYTHM OF THE SUN
GH,ACS,SERPENTINE
GH,ACS,SHADOWS FALL
GH,ACS,SUSTENANCE
GH,ACS,TIME ON EARTH
GH,ACS,TUSA SPORT SNORKEL SET YOUTH
GH,BOKCLI,BISHOP BOULDERING
GH,BOKCLI,MAMMOTH BOULDERING
GH,BOKCLI,OGDEN SCHOOLROOM PKT GUIDE
GH,BOKCLI,TUOLUMNE MEADOWS BOULDERING
GH,BOKHIK,UTAH NAT'L PARKS DAY HIKES
GH,BOOKS,12 YEARS OG TURBULENCE
GH,BOOKS,PHOTOGRAPHING THE WORLD
GH,CLAHATWNT,BEANIE CAMOLAND
GH,CLOKIDBL,GIRLS SPEEDO SWIMSUIT
GH,CLOMENSHI,AB CAMPER- CANYONLANDS NP
GH,CLOMENSHI,COMPASS VINTAGE- ARCHES NP
GH,CLOMENSHI,DESTINATION STAMP - ARCHES NP
GH,CLOMENSHI,M'S MOAB UTAH SHIRT
GH,CLOMENSHI,NIGHT SKY- ARCHES NP
GH,CLOMENSHI,TRIANGLE BADGE- ARCHES
GH,CLOMENSHI,WANDER MORE- ARCHES NP
GH,ELTCAMACS,SD EXTREME MICROSD 128G
GH,ELTCAMACS,SD EXTREME MICROSDHC UHS-3
GH,ELTCAMACS,SD EXTREME MICROSDXC UHS-3
GH,ELTWAT,CASIO - F-91W WATCH
GH,ELTWAT,CASIO - ILLUMINATOR WATCH
GH,EYECLN,ZEISS LENS WIPES 2PK
GH,FURCHR,HARD ARM CHAIR
GH,FURCHR,K'S CHAIR
GH,FW ACSSPK,SPIKESHOE - RENTAL
GH,GAMMUS,SWAN HARMONICA
GH,HATSUN,NEBO TRUCKER HAT
GH,KCHCW ACS,P-38 CAN OPENER
GH,KCHSTV,PROPANE TANK 1GAL
GH,KCHSTV,PROPANE TANK 2.6GAL
GH,KCHSTV,PROPANE TANK 4.7GAL
GH,KITACS,"2"" FLAT PASTRY BRUSH"
GH,KITACS,CAN OPENER WITH TAPPER
GH,KITACS,FLAT BOTTLE OPENER STAINLESS
GH,KITACS,WAITER CORKSCREW BLACK
GH,KITTW,PINT GLASS - GEARHEADS
GH,LITLAN,COLEMAN LED LANTERN
GH,MCHPCD,"MOAB, UTAH POSTCARD"
GH,MCHPCDLOC,SAMANTHA ZIM ART - MOAB
GH,MCHSTK,DIE-CUT STICKER
GH,MEDSUR,FIREBINER OTD ELEMENT
GH,MSC,GEARHEADS MISC
GH,PETLSH,15' ARTI-DOG LOCKING LEASH
GH,PETLSH,20' ARTI-DOG LOCKING LEASH
GH,PETLSH,ARTI-DOG LEASH
GH,RPR,TUBE ADAPTER SINGLE
GH,RPRBUK,"METAL TRIGLIDE 1"""
GH,RPRBUK,"METAL TRIGLIDE 2"""
GH,RVCRV,20MM AMMO CANS
GH,RVCRV,30CAL AMMO CAN
GH,RVCRV,"STREAM MACHINE 22"""
GH,SURDEF,BEAR CAN RENTAL
GH,SURMEDSUP,SIGNATURE CARE - HEAT WRAP 3PK
GH,TNTCAR1P,BACKSEAT BIVY
GH,WW WEB,WEB & MISC INVENTORY
GHAMZ,CLAGLVYTH,Y'S WARM GLOVES
GHAMZ,ELTBATPAK,ANKER 325 POWER BANK
GHAMZ,ELTBATPAK,POWERBANK - ASSORTED
GHAMZ,ELTCAMACS,MICRO SD CARD 1 TB
GHAMZ,ELTCAMACS,MICRO SD CARD 128 GB
GHAMZ,ELTCAMACS,MICRO SD CARD 256 GB
GHAMZ,ELTCAMACS,MICRO SD CARD 512 GB
GHAMZ,ELTCAMACS,MICRO SD CARD 64 GB
GHAMZ,ELTCHGBLK,CHARGING BLOCK - EURO - UNI
GHAMZ,ELTCHGBLK,CHARGING BLOCK - USB A & C
GHAMZ,ELTCHGCBL,USB-C MULTI CHARGING CABLE
GHAMZ,EYEGOG,BOBSTERS - BUGEYE
GHAMZ,EYEGOG,OUTDOOR MASTER SWIM GOGGLES
GHAMZ,EYEGOG,SEAGO SWIM GOGGLES
GHAMZ,EYEGOG,SPEEDO HYDROSITY 2.0 GOGGLES
GHAMZ,EYEGOG,SPEEDO JR HYDROSPEX GOGGLES
GHAMZ,FULBUT,ZIPPO BUTANE 75 ML
GHAMZ,FULLTF,ZIPPO LIGHTER FLUID 12OZ
GHAMZ,FW WTRUNI,UNISEX WATER SHOES
GHAMZ,FW WTRYTH,K'S WATER SHOES
GHAMZ,FW WTRYTH,Y'S WATER SHOES
GHAMZ,KCHCW ACS,CAN OPENER
GHAMZ,KITCO,V60 CONE COFFEE FILTER 100CT
GHAMZ,MEDDEF,DRAMAMINE MOTION SICKNESS
GHAMZ,PAKACS,IRON SEALS TACTICAL POUCH
GHAMZ,RVRPCH,WATERPROOF PHONE POUCH
GHAMZ,TOLMLT,AXTH 25-IN-1 SCREWDIVER SET
GHAMZ,TOLMSC,DUCT TAPE
GHAMZ,TOLMSC,POCKET SIZE DUCT TAPE
GHCOST,CLASWMGRL,G'S ONE PIECE
GHCOST,CLASWMGRL,SPEEDO KIDS SWIMSUIT - PINK
GHCOST,CLASWMGRL,SPEEDO KIDS SWIMSUIT - RAINBOW
GHCOST,CLASWMMEN,M'S SWIM SHORT
GHCOST,CLASWMWMN,W'S ONE PIECE
GHCOST,CLOBLTMEN,M'S 32 HEAT BASELAYER BOTTOM
GHCOST,CLOBLTMEN,M'S 32 HEAT BASELAYER TOP
GHCOST,CLOJKTMEN,B'S DOWN JACKET
GHCOST,CLOKIDBL,G'S 3-PIECE SWIMSUIT SET
GHCOST,CLOKIDBL,G'S SWIMSUIT
GHCOST,CLOKIDBL,YOUTH SWIMSUIT
GHCOST,CLOMENSHT,M'S SWIM SHORT
GHCOST,CLOMENSHT,M'S SWIM SHORT - GRAY
GHCOST,CLOMENSHT,M'S WAVE RUNNER SHORT
GHCOST,CLOWMNBL,K'S 32 HEAT BASELAYER SET
GHCOST,CLOWMNBL,LANDS' END SWIMSUIT
GHCOST,CLOWMNBL,W'S 32 HEAT BASELAYER BOTTOM
GHCOST,CLOWMNBL,W'S 32 HEAT BASELAYER TOP
GHCOST,CLOWMNSHT,W'S HURLEY SWIM SUIT
GHCOST,CLOWMNSHT,W'S NAUTICA SWIM SUIT
GHCOST,COLHRD,IGLOO COOLER 60QT
GHCOST,ELTBAT,DURACELL 4 AMP BATTERY CHARGER
GHCOST,ELTBATRCH,RECHARGEABLE AA/AAA KIT
GHCOST,ELTBATSU,9 VOLT BATTERIES
GHCOST,ELTBATSU,AA BATTERIES
GHCOST,ELTBATSU,AAA BATTERIES
GHCOST,ELTBATSU,C BATTERIES
GHCOST,ELTBATSU,D BATTERIES
GHCOST,EYEGOG,ADULT SWIMMING GOGGLES
GHCOST,EYEGOG,KIDS SWIMMING GOGGLES
GHCOST,FIRLGH,ART BIC LIGHTERS
GHCOST,FIRLGH,BIC EZ REACH LIGHTERS
GHCOST,FIRLGH,BIC LIGHTERS
GHCOST,FIRLGH,BIC MINI LIGHTERS
GHCOST,FURCHR,SHERPA CHAIR
GHCOST,FURCHR,SWING CHAIR
GHCOST,HOTHND,HAND & BODY WARMERS - EACH
GHCOST,HOTTOE,TOE WARMERS - EACH
GHCOST,KITACS,KITCHEN SPONGE
GHCOST,RPRTAP,DUCT TAPE
GHCOST,RVRPFD,HO SPORT YOUTH TYPE III
GHCOST,RVRPFD,HO SPORTS CHILD TYPE III
GHCOST,TNTTRP,HD TARPS 12' X 16'
GIBBON,SLKWEB,CLASSIC LINE - 82FT
GIBBON,SLKWEB,FLOWLINE KIT 82FT
GIBBON,SLKWEB,GIBBON TRAVEL LINE
GIBBON,SLKWEB,TREE WEAR
GILIG,FURMAT,CAMP MAT 6FTX10FT
GILIG,FURMAT,"CAMP MAT SM 30""X72"""
GILIG,PAKCRS,FANNY PACK/CHEST SLING
GILIG,RVRMSC,"GEAR CUBE 10""X12""X6"""
GILIG,RVRMSC,"LARGE GEAR BAG 34""X16"""
GILIG,RVRMSC,"MEDIUM GEAR BAG 26""X14"""
GILIG,RVRMSC,"SMALL GEAR BAG 20""X10"""
GILIG,RVRMSC,XL GEAR TOTE
GILIG,RVRMSC,"ZIPS LRG 6""X10"""
GILIG,RVRMSC,"ZIPS MED 5"" X 6.5"""
GILIG,RVRMSC,"ZIPS SM 3""X4.25"""
GILIG,RVRMSC,"ZIPS XL 10""X15"""
GJERKY,FODJRK,APPLEWOOD SMOKED BEEF JERKY
GJERKY,FODJRK,CRACKED PEPPER BEEF JERKY
GJERKY,FODJRK,MAPLE BOURBON BEEF JERKY
GJERKY,FODJRK,ROASTED GARLIC BEEF JERKY
GJERKY,FODJRK,SPICY CREOLE BEEF JERKY
GJERKY,FODJRK,TERIYAKI BEEF JERKY
GOALZ,ELTBATBNK,SHERPA 100 AC 4G 120V
GOALZ,ELTBATBNK,SHERPA 100 PD 4G
GOALZ,ELTBATBNK,VENTURE 35 + NOMAD 10
GOALZ,ELTBATBNK,VENTURE 75 POWER BANK
GOALZ,ELTBATBNK,YETI 1000X 5G 120V
GOALZ,ELTBATBNK,YETI 1500X 5G 120V
GOALZ,ELTBATBNK,YETI 300 6G 120V
GOALZ,ELTBATBNK,YETI 500 6G 120V
GOALZ,ELTBATBNK,YETI 700 6G 120V
GOALZ,ELTBATBNK,YETI X 120W POWER SUPPLY 120V
GOALZ,ELTBATBNK,YETI X 600W POWER SUPPLY 120V
GOALZ,ELTBATJMP,VENTURE JUMP 800 AMP
GOALZ,ELTBATPAK,FLIP 24 - BLACK
GOALZ,ELTBATPAK,FLIP 24 - BLUE
GOALZ,ELTBATPAK,FLIP 24 - GREEN
GOALZ,ELTBATPAK,FLIP 36 - BLUE
GOALZ,ELTBATPAK,FLIP 36 - GREEN
GOALZ,ELTCHGBLK,X FLIP CHARGING DOCK
GOALZ,ELTSLR,12V 8MM CAR ADAPTER REG
GOALZ,ELTSLR,BOULDER 100 SOLAR PANEL
GOALZ,ELTSLR,BOULDER 200 SOLAR PANEL
GOALZ,ELTSLR,BOULDER 50 SOLAR PANEL
GOALZ,ELTSLR,HPP TO 8MM CONNECTOR
GOALZ,ELTSLR,NOMAD 10
GOALZ,ELTSLR,NOMAD 100 SOLAR PANEL
GOALZ,ELTSLR,NOMAD 20
GOALZ,ELTSLR,NOMAD 200 SOLAR PANEL
GOALZ,ELTSLR,NOMAD 5
GOALZ,ELTSLR,NOMAD 50
GOALZ,ELTSLR,SAE TO 8MM
GOALZ,LITLAN,CRUSH LIGHT
GOALZ,LITLAN,CRUSH LIGHT CHROMA
GOALZ,LITLAN,LIGHTHOUSE 600 LANTERN
GOALZ,LITLAN,LIGHTHOUSE CORE
GOALZ,LITLAN,LIGHTHOUSE MINI CORE
GOALZ,LITLAN,LUCI LIGHT CHARGE 150
GOALZ,LITLAN,LUCI LIGHT CHARGE 360
GOALZ,LITLAN,LUCI LIGHT ORIGINAL
GOALZ,LITLAN,TORCH 500 MULTI-PURPOSE LIGHT
GOODR,SUN,GOODR SUNGLASSES - ASSORTED
GOODR,SUN,GOODR SUNGLASSES - PARKS
GOPRO,ELTCAM,HERO 12
GOPRO,ELTCAM,HERO 13 BLACK
GOPRO,ELTCAM,HERO 13 BLACK PWR BNDL
GOPRO,ELTCAM,HERO 13 BLACK W/SD CARD
GOPRO,ELTCAM,HERO 4K
GOPRO,ELTCAM,HERO13 BLACK
GOPRO,ELTCAM,MAX CAM 2
GOPRO,ELTCAM,MAX CAMERA
GOPRO,ELTCAM,MAX CAMERA - TH
GOPRO,ELTCAMACS,3-WAY 2.0
GOPRO,ELTCAMACS,4FT (1.2M) EXTENSION POLE
GOPRO,ELTCAMACS,ADVENTURE KIT 3.0
GOPRO,ELTCAMACS,ANAMORPHIC LENS MOD
GOPRO,ELTCAMACS,CHESTY
GOPRO,ELTCAMACS,"EL GRANDE 38"" EXTENSION"
GOPRO,ELTCAMACS,ENDURO FOR MAX2
GOPRO,ELTCAMACS,EXTEN POLE + WP SHUTTER REMOTE
GOPRO,ELTCAMACS,FETCH
GOPRO,ELTCAMACS,FLAT+CURVED ADHESIVE MOUNTS
GOPRO,ELTCAMACS,FLEXIBLE GRIP MOUNT
GOPRO,ELTCAMACS,FLOATING EXTENSION POLE
GOPRO,ELTCAMACS,FLOATY
GOPRO,ELTCAMACS,GRAB BAG OF MOUNTS
GOPRO,ELTCAMACS,GUMBY
GOPRO,ELTCAMACS,HAND + WRIST STRAP
GOPRO,ELTCAMACS,HANDLBAR/SEATPOST/POLE MOUNT
GOPRO,ELTCAMACS,HELMET FRONT + SIDE MOUNT
GOPRO,ELTCAMACS,HERO13 BLACK SPECIALTY BUNDLE
GOPRO,ELTCAMACS,JAWS FLEX CLAMP
GOPRO,ELTCAMACS,LARGE TUBE MOUNT
GOPRO,ELTCAMACS,MAGNETIC LATCH BALL JOINT MOUN
GOPRO,ELTCAMACS,MAGNETIC SWIVEL CLIP
GOPRO,ELTCAMACS,MAX GRIP + TRIPOD
GOPRO,ELTCAMACS,MAX PROTECTIVE LENSES
GOPRO,ELTCAMACS,MAX2 SPECIALTY BUNDLE
GOPRO,ELTCAMACS,PROTECTIVE HOUSING
GOPRO,ELTCAMACS,PROTECTIVE LENS REPLACEMENT
GOPRO,ELTCAMACS,SHORTY MINI EXTENSION
GOPRO,ELTCAMACS,SPORTS KIT
GOPRO,ELTCAMACS,SUCTION CUP
GOPRO,ELTCAMACS,THE HANDLER
GOPRO,ELTCAMACS,THE REMOTE
GOPRO,ELTCAMACS,TRAVEL KIT
GOPRO,ELTCAMACS,TRIPOD MOUNT
GOPRO,ELTCAMACS,ULTRA WIDE LENS MOD
GOPRO,ELTCAMACS,USB PASS THROUGH DOOR
GOPRO,ELTCAMACS,VENTED HELMET STRAP MOUNT
GOPRO,ELTCAMACS,VOLTA
GOPRO,ELTCAMBAT,DUAL BAT CHRG + 2 ENDURO BAT
GOPRO,ELTCAMBAT,DUAL BATTERY CHARGER HERO 9/10
GOPRO,ELTCAMBAT,DUAL CHARGER + ENDURO BATTERY
GOPRO,ELTCAMBAT,ENDURO FOR HERO13
GOPRO,ELTCAMBAT,MAX DUAL CHARGER + ENDURO BATT
GOPRO,ELTCAMBAT,MAX ENDURO BATTERY
GOPRO,ELTCAMBAT,MAX RECHARGEABLE BATTERY
GORD,SOK1/4MEN,M'S FARR
GORD,SOK1/4MEN,M'S GRAFTON
GORD,SOK1/4MEN,M'S SIGNAL
GORD,SOK1/4WMN,W'S FARR
GORD,SOK1/4WMN,W'S GRAFTON
GORD,SOK1/4WMN,W'S SIGNAL
GORD,SOKCRWMEN,M'S EDEN
GORD,SOKCRWMEN,M'S EQUINOX
GORD,SOKCRWMEN,M'S JUNCTION
GORD,SOKCRWMEN,M'S RAMBLE
GORD,SOKCRWMEN,M'S SENECA
GORD,SOKCRWMEN,M'S SPRUCE
GORD,SOKCRWMEN,M'S VERT
GORD,SOKCRWMEN,M'S WOODSTOCK
GORD,SOKCRWWMN,W'S EDEN
GORD,SOKCRWWMN,W'S EQUINOX
GORD,SOKCRWWMN,W'S JUNCTION
GORD,SOKCRWWMN,W'S RAMBLE
GORD,SOKCRWWMN,W'S SENECA
GORD,SOKCRWWMN,W'S SPRUCE
GORD,SOKCRWWMN,W'S VERT
GORD,SOKCRWWMN,W'S WOODSTOCK
GORD,SOKLOWMEN,M'S BOLTON
GORD,SOKLOWMEN,M'S SPUR
GORD,SOKLOWWMN,W'S BOLTON
GORD,SOKLOWWMN,W'S SPUR
GRAYL,DW ACS,MISSION BOTTLE SLING
GRAYL,WTRFLT,GEOPRESS PURIFIER BOTTLE 24OZ
GRAYL,WTRFLT,GEOPRESS REPL FLTR CARTRIDGE
GRAYL,WTRFLT,GEOPRESS TI COOK LID
GRAYL,WTRFLT,GEOPRESS TI PURIFIER BTL 24OZ
GRAYL,WTRFLT,ULTRAPRESS PURIFIER BTL 16.9OZ
GRAYL,WTRFLT,ULTRAPRESS REPL FLTR CARTRIDGE
GREGRY,PAKACS,3D HYDRO 2L RESERVOIR
GREGRY,PAKACS,3D HYDRO 3L RESERVOIR
GREGRY,PAKACS,3D HYDRO TREK 3L
GREGRY,PAKACS,HYDRO 2L RESERVOIR
GREGRY,PAKBP,KIRO 20
GREGRY,PAKBP,KIRO 24
GREGRY,PAKBP,KIRO 28
GREGRY,PAKDAY,ARRIO 20
GREGRY,PAKDAY,ARRIO 24
GREGRY,PAKDAY,ARRIO 28
GREGRY,PAKDAY,CITRO 24
GREGRY,PAKDAY,CITRO 24 H2O
GREGRY,PAKDAY,CITRO 30
GREGRY,PAKDAY,CITRO 30 H2O
GREGRY,PAKDAY,CITRO 30 H2O PLUS
GREGRY,PAKDAY,CITRO 36
GREGRY,PAKDAY,JADE 28
GREGRY,PAKDAY,JADE 38
GREGRY,PAKDAY,JUNO 24
GREGRY,PAKDAY,JUNO 24 H2O
GREGRY,PAKDAY,JUNO 30
GREGRY,PAKDAY,JUNO 30 H2O
GREGRY,PAKDAY,JUNO 30 H2O PLUS
GREGRY,PAKDAY,JUNO 36
GREGRY,PAKDAY,JUNO 36 H2O
GREGRY,PAKDAY,MAYA 10
GREGRY,PAKDAY,MAYA 15
GREGRY,PAKDAY,MAYA 16
GREGRY,PAKDAY,MAYA 16 PLUS
GREGRY,PAKDAY,MAYA 20
GREGRY,PAKDAY,MAYA 20 PLUS
GREGRY,PAKDAY,MAYA 22
GREGRY,PAKDAY,MAYA 30
GREGRY,PAKDAY,MAYA 40
GREGRY,PAKDAY,MIKO 15
GREGRY,PAKDAY,MIKO 20
GREGRY,PAKDAY,MIKO 20 PLUS
GREGRY,PAKDAY,MIWOK 12
GREGRY,PAKDAY,MIWOK 18
GREGRY,PAKDAY,MIWOK 18 PLUS
GREGRY,PAKDAY,MIWOK 24
GREGRY,PAKDAY,NANO 14
GREGRY,PAKDAY,NANO 16
GREGRY,PAKDAY,NANO 16 PLUS
GREGRY,PAKDAY,NANO 18
GREGRY,PAKDAY,NANO 20
GREGRY,PAKDAY,NANO 20 PLUS
GREGRY,PAKDAY,NANO 24
GREGRY,PAKDAY,NANO 30
GREGRY,PAKDAY,NANO WAISTPACK
GREGRY,PAKDAY,ZULU 40
GREGRY,PAKHYD,AMASA 10 H2O
GREGRY,PAKHYD,AMASA 14 H2O
GREGRY,PAKHYD,BALTORO 75
GREGRY,PAKHYD,DRIFT 10 H2O
GREGRY,PAKHYD,DRIFT 14 H2O
GREGRY,PAKHYD,INERTIA 15 H2O
GREGRY,PAKHYD,INERTIA 18 H2O
GREGRY,PAKHYD,INERTIA 20 H2O
GREGRY,PAKHYD,INERTIA 24 H2O
GREGRY,PAKHYD,INERTIA 25 H2O
GREGRY,PAKHYD,SWIFT 15 H2O
GREGRY,PAKHYD,SWIFT 16 H2O
GREGRY,PAKHYD,SWIFT 20 H2O
GREGRY,PAKHYD,SWIFT 22 H2O
GREGRY,PAKHYD,SWIFT 25 H2O
GREGRY,PAKHYD,SWIFT 30 H2O
GREGRY,PAKHYDACS,BITE VALVE ACC
GREGRY,PAKHYDACS,BITE VALVE COVER
GREGRY,TRVDFL,ALPACA 100
GREGRY,TRVDFL,ALPACA 40
GREGRY,TRVDFL,ALPACA 60
GREGRY,TRVDFL,ALPACA 80
GREGRY,XXX,ALPACA CAMP BOX 50L
GREGRY,XXX,ALPACA GEAR BASKET 70
GREGRY,XXX,ALPACA GEAR BOX 25
GREGRY,XXX,ALPACA GEAR BOX 45
GREGRY,XXX,ALPACA GEAR POD 10
GREGRY,XXX,ALPACA GEAR POD 5
GREGRY,XXX,ALPACA GEAR TOTE 30
GREGRY,XXX,ALPACA KITCHEN CASE
GREGRY,XXX,ALPACA UTILITY TOTE 35L
GREGRY,XXX,ALPACA UTILITY TOTE 50L
GREGRY,XXX,QUICK DISCONNECT KIT
GREGRY,XXX,RESERVOIR CLEANING KIT
GRIP6,ACS,HORIZON BUCKLE - GREY
GRIP6,ACS,"LW WEBBING 1.5"" - GREY"
GRIP6,ACS,"LW WEBBING 1.5"" - MOC"
GRIP6,ACS,"LW WEBBING 1.5"" - RED"
GRIP6,ACS,"MW WEBBING 1.5"" - BLUEJAY"
GRIP6,ACS,"MW WEBBING 1.5"" - BROWN"
GRIP6,ACS,"MW WEBBING 1.5"" - GREEN"
GRIP6,ACS,"MW WEBBING 1.5"" - GREY"
GRIP6,ACS,"MW WEBBING 1.5"" - OLIVE"
GRIP6,ACS,SLOPE BUCKLE- FORGED CBF
GRIP6,ACS,SLOPE BUCKLE- OLIVE
GRIP6,ACS,SLOPE BUCKLE- WALNUT
GRIP6,ACS,STB CONTOUR
GRIP6,ACS,STD BUCKLE - BLUESTEEL
GRIP6,ACS,STD BUCKLE - EMBER
GRIP6,ACS,STD STEEL - BRONZE
GRIP6,ACS,UINTA (TREES) - GREY
GRIP6,ACS,WASATCH (MTN) - BLUE STEEL
GRIP6,ACS,WASATCH (MTN) - GREY
GRIP6,ACS,"WORKBELT WEBBING 1.75"" - BLACK"
GRIP6,ACS,"WORKBELT WEBBING 1.75"" - GREY"
GSI,DW ALC,BOULDER FLASK - 10OZ
GSI,DW ALCCT,INSULATED COCKTAIL SET
GSI,DW ALCFSK,BOULDER FLASK-16 OZ
GSI,DW ALCFSK,FLASK - 10OZ
GSI,DW ALCFSK,FLASK - 18OZ
GSI,DW ALCFSK,GLACIER SS FLASK - 5 OZ
GSI,DW ALCFSK,GLACIER SS HIP FLASK - 6OZ
GSI,DW ALCFSK,GLACIER SS HIP FLASK - 8OZ
GSI,DW ALCFSK,HIGHLAND FIFTH FLASK
GSI,DW ALCWIN,GLACIER NESTING WINE GLASS
GSI,DW ALCWIN,GLACIER SS NESTING WINE GLASS
GSI,DW ALCWIN,GLACIER SS STMLESS WINE GLASS
GSI,DW ALCWIN,SOFT SIDED WINE CARAFE 750ML
GSI,DW ALCWIN,STEMLESS RED WINE GLASS
GSI,DW ALCWIN,STEMLESS WHITE WINE GLASS
GSI,DW ALCWIN,WINE GLASS SET
GSI,DW CUP,CUP - 12 OZ
GSI,DW CUP,CUP - 18 OZ
GSI,DW CUP,CUP SS RIM - 12 OZ
GSI,DW CUP,CUP SS RIM - 24 OZ
GSI,DW CUP,ENAMELWARE CUP - 12 OZ
GSI,DW CUP,ENAMELWARE PIONEER PINT
GSI,DW CUP,ESCAPE CUP - 17 OZ
GSI,DW CUP,GLACIER 15 OZ CAMP CUP MINERAL
GSI,DW CUP,GLACIER 15 OZ CMP CUP GINGER
GSI,DW CUP,GLACIER 15 OZ CMP CUP MOUNTAIN
GSI,DW CUP,GLACIER SS 10 OZ CAMP CUP
GSI,DW CUP,GLACIER SS 14 FL OZ CUP
GSI,DW CUP,GLACIER SS 6.5OZ DOPPIO
GSI,DW CUP,GLACIER SS BOTTLE CUP/POT
GSI,DW CUP,GLACIER SS CAMP CUP - 15 OZ
GSI,DW CUP,GLACIER SS CUP - 15 OZ
GSI,DW CUP,GLACIER SS GLASS - 8OZ
GSI,DW CUP,GLACIER SS GLASS ESPRESSO
GSI,DW CUP,GLACIER SS GLASS HARVEST PUMPK
GSI,DW CUP,GLACIER SS GLASS MINERAL YELLO
GSI,DW CUP,GLACIER SS GLASS WHITE
GSI,DW CUP,GLACIER SS PINT SET  MULTI
GSI,DW CUP,GLACIER SS SIERRA CUP
GSI,DW CUP,GLACIER SS TUMBLER  ASTER
GSI,DW CUP,GLACIER SS TUMBLER ACAI
GSI,DW CUP,GLACIER SS TUMBLER PEPPERMINT
GSI,DW CUP,GLACIER SS TUMBLER WHITE
GSI,DW CUP,GLASCIESS DBL WALLED ESPRS CUP
GSI,DW CUP,HALULITE BOTTLE CUP 20 OZ
GSI,DW CUP,INFINITY STACKING CUP
GSI,DW CUP,PIONEER PINT
GSI,DW MUG,COLLAPSIBLE FS MUG
GSI,DW MUG,GLACIER SS 10OZ CAMP CUP
GSI,DW MUG,GLACIER SS 15OZ CAMP CUP
GSI,DW MUG,INFINITY BACKPACKER MUG
GSI,DW MUG,INFINITY FAIRSHARE MUG
GSI,DW MUG,INFINITY MUG
GSI,DW MUG,INFINITY PACKPACKER MUG
GSI,DW MUG,X DOPPIO COMM MUG 8OZ BLACK
GSI,DW TUM,IMPERIAL VAC PINT STAINLESS
GSI,DW TUM,IMPERIAL VACUUM SS/BLACK
GSI,FURTAB,MICRO TABLE +
GSI,GAMBRD,BACKPACK 4 IN-A-ROW
GSI,GAMBRD,BASECAMP MAGNETIC CHESS/CHECKE
GSI,GAMBRD,BP 5N1 MAGNETIC GAME
GSI,GAMBRD,BP BOCCE
GSI,GAMBRD,BP CHECKERS
GSI,GAMBRD,BP CRIBBAGE
GSI,GAMBRD,BP HARMONICA
GSI,GAMBRD,BP KENDAMA
GSI,GAMBRD,BP MANCALA
GSI,GAMBRD,BP TUMBLING TOWER
GSI,GAMBRD,CORNHOLE TABLE SET
GSI,GAMBRD,FREESTYLE SOFT BOCCE
GSI,GAMDSCFRS,BP NEO-DISK
GSI,GAMTOS,BACKPACK CORNHOLE
GSI,GAMTOS,BP CORNHOLE
GSI,GAMTOS,FREESTYLE HORSESHOES
GSI,GAMTOS,FREESTYLE RING TOSS
GSI,GAMTOS,FREESTYLE TABLE TENNIS
GSI,GAMTOS,MAGNETIC DARTS CAMPGR
GSI,GAMTOS,MINI NEO FLYER
GSI,GAMTOS,TRAVEL HOOK N RING
GSI,KCHCLN,CAMP DISH CLOTH - LARGE
GSI,KCHCLN,COMPACT SCRAPER
GSI,KCHCLN,CROSSOVER SINK CLEAN-UP SET
GSI,KCHCOF,COFFEE POT - 3 CUP
GSI,KCHCOF,COFFEE ROCKET
GSI,KCHCOF,COLLAPSIBLE JAVA DRIP
GSI,KCHCOF,COM JAVA PRESS
GSI,KCHCOF,GLACIER PERSONAL JAVAPRESS
GSI,KCHCOF,GLACIER SS JAVA PRESS BLACK
GSI,KCHCOF,GLACIER SS JAVA PRESS BRUSHED
GSI,KCHCOF,GLACIER STOVETP J-PRESS 20 OZ
GSI,KCHCOF,GLACIER STOVETP J-PRESS 40 OZ
GSI,KCHCOF,GOUMET POUROVER JAVAGRIND SET
GSI,KCHCOF,JAVADRIP - 30 OZ
GSI,KCHCOF,JAVAGRIND
GSI,KCHCOF,JAVAPRESS - 30 OZ
GSI,KCHCOF,JAVAPRESS - 50 OZ
GSI,KCHCOF,MICROLITE JAVA PRESS - BLACK
GSI,KCHCOF,MICROLITE JAVA PRESS - BLUE
GSI,KCHCOF,MICROLITE JAVA PRESS - SAND
GSI,KCHCOF,MICROLITE JAVA PRESS - WHITE
GSI,KCHCOF,MINI ESPRESSO SET 1CUP
GSI,KCHCOF,MINI ESPRESSO SET 4CUP
GSI,KCHCOF,MOKA ESPRESSO POT
GSI,KCHCOF,PERSONAL JAVAPRESS
GSI,KCHCOF,REUSABLE POUROVER JAVA FILTER
GSI,KCHCOF,UL JAVA DRIP
GSI,KCHCW,"BUGABOO CERAMIC 10"" FRYPAN"
GSI,KCHCW,"BUGABOO CERAMIC 8"" FRYPAN"
GSI,KCHCW,BUGABOO GRIDDLE
GSI,KCHCW,ESCAPE 3 L POT
GSI,KCHCW,ESCAPE SET WITH FRY PAN
GSI,KCHCW,GLACIER SS 1.1L BOILER
GSI,KCHCW,GLACIER SS 12 CUP PERC
GSI,KCHCW,GLACIER SS 14CUP PERC
GSI,KCHCW,GLACIER SS 28CUP PERC
GSI,KCHCW,GLACIER SS 36CUP PERC
GSI,KCHCW,GLACIER SS 3CUP PERC
GSI,KCHCW,GLACIER SS 6CUP PERC
GSI,KCHCW,GLACIER SS 8CUP PERC
GSI,KCHCW,GLACIER SS 9CUP PERC
GSI,KCHCW,GLACIER SS KETALIST
GSI,KCHCW,GLACIER SS TEA KETTLE
GSI,KCHCW,GLACIER SS TOASTER
GSI,KCHCW,GLACIER SS TROOP FRYPAN
GSI,KCHCW,GUIDECAST 10 DEEP FRY PAN
GSI,KCHCW,GUIDECAST 8 INCH FRYING PAN
GSI,KCHCW,GUIDECAST FRYING PAN 10
GSI,KCHCW,"GUIDECASTFRYING PAN 12"""
GSI,KCHCW,HALULITE 1.1 L BOILER
GSI,KCHCW,HALULITE 1.8 L BOILER
GSI,KCHCW,HALULITE 1.8 L TEA KETTLE HS
GSI,KCHCW,HALULITE 2L COOK POT
GSI,KCHCW,HALULITE 3.2 L COOK POT
GSI,KCHCW,HALULITE 4.7 L COOK POT
GSI,KCHCW,HALULITE DUALIST-HS
GSI,KCHCW,PERC INSERT FITS 12 CUP
GSI,KCHCW,PERC INSERT FITS 8 CUP
GSI,KCHCW,PERCOLATOR 8 CUP
GSI,KCHCW,PIONEEER 12 FLOZ CUP
GSI,KCHCW,RAKAU CUTTING BOARD LARGE
GSI,KCHCW,RAKAU TONGS
GSI,KCHCW,SAUCEPAN - 1 QT
GSI,KCHCW,STRAIGHT POT W/ LID - 1.75 QT
GSI,KCHCW,STRAIGHT POT W/ LID - 3.5 QT
GSI,KCHCW,TEA KETTLE
GSI,KCHCW,TEA KETTLE HAE- 1 QT.
GSI,KCHCW ACS,DIAMONDBACK GRIPPER
GSI,KCHCW ACS,DUTCH OVEN LID LIFTER
GSI,KCHCW ACS,DUTCH OVEN STAND
GSI,KCHCW ACS,N-FORM POT GRIPPER
GSI,KCHCW ACS,PINNACLE SOLOIST WINDSCREEN
GSI,KCHCW KIT,BUGABOO BASE CAMPER LRG
GSI,KCHCW KIT,BUGABOO BASE CAMPER MED
GSI,KCHCW KIT,BUGABOO CAMPER
GSI,KCHCW KIT,BUGABOO CERAMIC 3L COOKSET
GSI,KCHCW KIT,BUGABOO CERAMIC BACKPACKER
GSI,KCHCW KIT,BUGABOO CERAMIC MESS KIT
GSI,KCHCW KIT,GLACIER 3L COOKSET
GSI,KCHCW KIT,GLACIER SS CAMPER
GSI,KCHCW KIT,GLACIER SS EXPLORER SET
GSI,KCHCW KIT,GLACIER SS MINIMALIST
GSI,KCHCW KIT,GLACIER STAINLESS DUALIST S19
GSI,KCHCW KIT,HALULITE 1.8QT TEA KETTLE
GSI,KCHCW KIT,HALULITE KETALIST S19
GSI,KCHCW KIT,HALULITE MICRODUALIST
GSI,KCHCW KIT,HALULITE MICRODUALIST S19
GSI,KCHCW KIT,HALULITE MINIMALIST S19
GSI,KCHCW KIT,PINNACLE BACKPACKER
GSI,KCHCW KIT,PINNACLE BASE CAMPER LRG
GSI,KCHCW KIT,PINNACLE BASE CAMPER SM
GSI,KCHCW KIT,PINNACLE DUALIST HS COMPLETE
GSI,KCHCW KIT,PINNACLE DUALIST S19
GSI,KCHCW KIT,SANTOKU PREP SET
GSI,KCHFS,TIFFIN 14OZ SS FOOD CONTAINER
GSI,KCHMSC,DESTINATION FLDNG TOOL SET
GSI,KCHMSC,GEAR BOX - LARGE
GSI,KCHMSC,GEAR BOX - MEDIUM
GSI,KCHMSC,GEAR BOX - SMALL
GSI,KCHMSC,GLASS PERCVIEW TOP
GSI,KCHMSC,PEPPERMILL
GSI,KCHMSC,SALT + PEPPER SHAKER
GSI,KCHMSC,SPICE MISSILE
GSI,KCHMSC,SPICE RACK
GSI,KCHMSC,SPICE ROCKET
GSI,KCHMSC,UL SALT&PEPPER SHAKER
GSI,KCHSTV,CAMP GRILL W/FOLDING LEG
GSI,KCHSTV,ESCAPE DISH RACK + SINK SET
GSI,KCHSTV,GLACIER CAMP STOVE
GSI,KCHSTV,GLACIER DUALIST
GSI,KCHSTV,GLACIER MINIMALIST
GSI,KCHSTV,PINNACLE 4 SEASON STOVE
GSI,KCHSTV,PINNACLE CANISTER STOVE
GSI,KCHSTV,PINNACLE PRO 2 BURNER
GSI,KCHSTV,SELKIRK 270 BUTANE STOVE
GSI,KCHSTV,SELKIRK 460 CAMP STOVE
GSI,KCHSTV,SELKIRK 460+ CAMP STOVE
GSI,KCHSTV,SELKIRK 540 CAMP STOVE
GSI,KCHSTV,SELKIRK GO BUTANE STOVE
GSI,KCHSTV,SELKIRK RAPID BOILER
GSI,KCHSTV,SELKIRK RAPID BOILER + FRYPAN
GSI,KCHSTVACS,10' PROPANE ADAPTER HOSE
GSI,KCHSTVACS,FOLDING CANISTER STAND
GSI,KCHSTVACS,PROPANE ADAPTER HOSE - 5'
GSI,KCHTW,HALULITE MINIMALIST
GSI,KCHTW,HALULITE SOLOIST
GSI,KCHTW,UL CUTTING BOARD - LARGE
GSI,KCHTW ACS,FOLDING CUTTING BOARD
GSI,KCHTW ACS,INFINITY STORAGE SET
GSI,KCHTW BWL,"BOWL SS RIM - 5.75"""
GSI,KCHTW BWL,CASCADIAN BOWL
GSI,KCHTW BWL,"ENAMELWARE MIXING BOWL - 6"""
GSI,KCHTW BWL,ESCAPE BOWL + LID
GSI,KCHTW BWL,GLACIER SS BOWL W/ HANDLE
GSI,KCHTW BWL,INFINITY BOWL
GSI,KCHTW BWL,MIX BOWL SS RIM 5.75IN
GSI,KCHTW BWL,MIXING BOWL 6
GSI,KCHTW BWL,UL NESTING BOWL + MUG
GSI,KCHTW CUT,3-IN-1 TONGS
GSI,KCHTW CUT,3PC RING CUTLERY
GSI,KCHTW CUT,ESSENTIAL TRAVEL SPOON
GSI,KCHTW CUT,FOLDING CHEF SPATULA
GSI,KCHTW CUT,FOLDING SPORK BLUE
GSI,KCHTW CUT,FOLDING SPORK ORANGE
GSI,KCHTW CUT,FORK GREY
GSI,KCHTW CUT,FORK GREY GSI
GSI,KCHTW CUT,GLACIER FOLDING SPORK-BLUE
GSI,KCHTW CUT,GLACIER SPORK MULTI-TOOL
GSI,KCHTW CUT,GLACIER SS 3 PC CUTLERY
GSI,KCHTW CUT,GLACIER SS 3PC RING CUTLERY
GSI,KCHTW CUT,GLACIER SS FOLDING SPOON/LADLE
GSI,KCHTW CUT,HALULITE CUTLERY SET
GSI,KCHTW CUT,KNIFE GREY
GSI,KCHTW CUT,NYLON 3 PC. RING SET
GSI,KCHTW CUT,PACK GRATER
GSI,KCHTW CUT,PACK SPATULA
GSI,KCHTW CUT,PACK SPOON
GSI,KCHTW CUT,PACK SPOON/SPATULA SET
GSI,KCHTW CUT,PACK TONG
GSI,KCHTW CUT,PIVOT SPATULA
GSI,KCHTW CUT,PIVOT SPOON
GSI,KCHTW CUT,PIVOT TONGS
GSI,KCHTW CUT,POUCH SPOON - GREY
GSI,KCHTW CUT,RAKAU 3PC CUTLERY SET
GSI,KCHTW CUT,RAKAU CHEF SPOON
GSI,KCHTW CUT,RAKAU SPATULA
GSI,KCHTW CUT,RAKAU STEAK KNIVES
GSI,KCHTW CUT,"SANTOKU 4"" PARING KNIFE"
GSI,KCHTW CUT,"SANTOKU 6"" CHEF KNIFE"
GSI,KCHTW CUT,SPOON GREY
GSI,KCHTW CUT,SPORK GREY
GSI,KCHTW CUT,TEKK CUTLERY BLUE
GSI,KCHTW CUT,TEKK FOLDING POUCH SPOON
GSI,KCHTW CUT,TEKK TANDEM SPORK SET (2 PACK)
GSI,KCHTW KIT,ESCAPE 1 PERSON TABLE SET
GSI,KCHTW KIT,GLACIER SS 1 PERSON MESS KIT
GSI,KCHTW PLT,CASCADIAN PLATE
GSI,KCHTW PLT,"ENAMELWARE PLATE - 10"""
GSI,KCHTW PLT,GLACIER SS DEEP PLATE
GSI,KCHTW PLT,INFINITY DIVIDED PLATE
GSI,KCHTW PLT,INFINITY PLATE
GSI,KCHTW PLT,PIONEER 10.375 PLATE
GSI,KCHTW PLT,"PLATE - 10"""
GSI,KCHTW PLT,"PLATE DELUXE - 10"""
GSI,KCHTW PLT,PLATE SS RIM 10.375IN
GSI,KITACS,BOULDER 6 FLASK SAND
GSI,KITCW,BUGABOO 20OZ BOTTLE CUP
GSI,KITCW,DESTINATION KITCHEN SET 24
GSI,KITCW,GLACIER BASE CAMPER - LRG
GSI,KITCW,GLACIER BASE CAMPER - MED
GSI,KITCW,GOURMET KITCHEN SET 11
GSI,KITCW,RAKAU CUTTING BOARD SMALL
GSI,KITCW,RAKAU KNIFE SET
GSI,KITCW,SANTOKU KNIFE SET
GSI,KITTTW,ESCAPE COLLAPSIBLE SING
GSI,KITTTW,MICROGRIPPER
GSI,KITTW,HALULITE CUP 14 OZ
GSI,TLTCRPTOL,CATHOLE TROWEL
GSI,WTRCONSFT,WATER CUBE 10 L
GSI,WTRCONSFT,WATER CUBE 15 L
GSI,WTRCONSFT,WATER CUBE 20 L
GT,FURCHR,COLLAPSIBLE CAMP STOOL
GT,FURCHR,COLLAPSIBLE MICRO STOOL
GT,FURCHR,COMPASS 360 STOOL - BLACK
GT,FURCHR,COMPASS 360 STOOL - CLAY RED
GT,FURCHR,COMPASS 360 STOOL - SPRUCE GRN
GT,FURCHR,HANGING CHAIR - RED/CRIMSON
GT,FURCHR,MANTIS
GT,FURCHR,MAYFLY
GT,HMK,ALL IN ONE SHELTER-MOAB
GT,HMK,CAMO ULTRALIGHT HAMMOCK
GT,HMK,DBL HAMMOCK W/STRAP - BLUE/GRE
GT,HMK,DBL HAMMOCK W/STRAP - CHAR/MAG
GT,HMK,DBL HAMMOCK W/STRAP - COL/CHAR
GT,HMK,DBL HAMMOCK W/STRAP - CRIMSON/
GT,HMK,DBL HAMMOCK W/STRAP - GRN/CHAR
GT,HMK,DBL HAMMOCK W/STRAP - LT.BLUE/
GT,HMK,DBL HAMMOCK W/STRAP - NAVY/LT.
GT,HMK,DBL HAMMOCK W/STRAP - NAVY/SIL
GT,HMK,DBL HAMMOCK W/STRAP - OLIVE/KH
GT,HMK,HANGOUT HAMMOCK STAND
GT,HMK,NANO 7 HAMMOCK
GT,HMK,SKEETER BEETER XT HAMMOCK - OL
GT,HMK,SKEETER BEETER XT HAMMOCK -NAV
GT,HMK,TRUNK TECH - SINGLE - CABO
GT,HMK,TRUNK TECH - SINGLE HAMMOCK
GT,HMK,TT DOUBLE HAMMOCK - BLUE/GREEN
GT,HMK,TT DOUBLE HAMMOCK - BLUE/GREY
GT,HMK,TT DOUBLE HAMMOCK - CACTI
GT,HMK,TT DOUBLE HAMMOCK - ECLIPSE
GT,HMK,TT DOUBLE HAMMOCK - GREY/YELLO
GT,HMK,TT DOUBLE HAMMOCK - HORIZON
GT,HMK,TT DOUBLE HAMMOCK - SUMMERT
GT,HMK,TT DOUBLE HAMMOCK - URBAN CAMO
GT,HMK,TT DOUBLE HAMMOCK - VISTA
GT,HMK,TT PRINTS HAMMOCK - BATIK
GT,HMK,TT PRINTS HAMMOCK - BAUHAUS
GT,HMK,TT PRINTS HAMMOCK - BIGFLEUR
GT,HMK,TT PRINTS HAMMOCK - CABO
GT,HMK,TT PRINTS HAMMOCK - EDEN
GT,HMK,TT PRINTS HAMMOCK - FLOWCHECK
GT,HMK,TT PRINTS HAMMOCK - GREEN MAMB
GT,HMK,TT PRINTS HAMMOCK - HERITAGE
GT,HMK,TT PRINTS HAMMOCK - LAVA
GT,HMK,TT PRINTS HAMMOCK - NILE
GT,HMK,TT PRINTS HAMMOCK - SERAPE
GT,HMK,TT PRINTS HAMMOCK - SWITCHBACK
GT,HMK,TT PRINTS HAMMOCK - THAI DIAMO
GT,HMK,TT PRINTS HAMMOCK - THAI ELEPH
GT,HMK,TT PRINTS HAMMOCK - THAI FLOWE
GT,HMK,TT PRINTS HAMMOCK - THAI SWIRL
GT,HMK,TT PRINTS HAMMOCK - VIBIN
GT,HMK,TT SINGLE HAMMOCK - BLUE/GREEN
GT,HMK,TT SINGLE HAMMOCK - BLUE/GREY
GT,HMK,TT SINGLE HAMMOCK - DEEP TEAL/
GT,HMK,TT SINGLE HAMMOCK - GREEN/AQUA
GT,HMK,TT SINGLE HAMMOCK - GREY/YELLO
GT,HMK,TT SINGLE HAMMOCK - NAVY/GREEN
GT,HMK,TT SINGLE HAMMOCK - RED/NAVY
GT,HMK,TT SINGLE HAMMOCK - TEAL/TURQU
GT,HMK,ULTRA HAMMOCK
GT,HMK,ULTRA HAMMOCK - FOREST GREEN
GT,HMK,ULTRA HAMMOCK - ROYAL BLUE
GT,HMKSTR,TREE SLINGS - HANGING KIT
GT,KITCW,COLLAPSIBLE CHOPSTICK
GT,RPR,TRUNK STRAPS BLACK
GT,RPR,TRUNK STRAPS BLUE
GT,RPR,TRUNK STRAPS FOREST
GT,RPR,TRUNK STRAPS GREEN
GT,RPR,TRUNK STRAPS GREY
GT,RPR,TRUNK STRAPS PURPLE
GT,RPR,TRUNK STRAPS TEAL
GT,SLPACS,A-PAD TRAVEL CUSHION
GT,SLPACS,ADVENTURE SHEET - SERAPE
GT,SLPBKT,BAMBOO TRAVEL BLANKET
GT,SLPBKT,MEADOW MAT - LARGE
GT,SLPBKT,MEADOW MAT - MEDIUM
GT,SLPPIL,PUFFY TRAVEL PILLOW REGULAR
GT,SLPPIL,SIESTA HAMMOCK PILLOW
GT,SLPPIL,TRAVEL PILLOW - BRIGHT CRIMSON
GT,SLPPIL,TRAVEL PILLOW - PEACOCK GREEN
GT,SLPPIL,TRAVEL PILLOW - SLATE GRAY
GT,TLTBUGREP,SKEETER BEETER PRO
GT,TNTACS,ABRIGO - RAIN FLY/SHELTER
GT,TNTACS,ALL PURPOSE RAINFLY
GT,TNTBIV,AIR BIVY ALL-WEATHER SHELTER
GT,TNTSUN,SHADE CASTER 2P
GT,TNTSUN,SHADE CASTER 4P
GT,TRVACS,BI-FOLD WALLET
GT,TRVACS,LUGGAGE & ID TAG
GT,TRVACS,PASSPORT HOLDER
GT,TRVACS,PASSPORT WALLET
GT,TRVACS,SLIM WALLET - MTN GREY
GU,FODSQZ,ENERGY GEL
GU,FODSQZ,ROCTANE GEL
HANOUT,TOLMSC,DOMINATOR CALL
HAV-AH,CLAHB,BANDANA AMERICAN FLAG
HAV-AH,CLAHB,BANDANA PAISLEY BEIGE
HAV-AH,CLAHB,BANDANA PAISLEY BLACK
HAV-AH,CLAHB,BANDANA PAISLEY CHARCOAL
HAV-AH,CLAHB,BANDANA PAISLEY COCOA BROWN
HAV-AH,CLAHB,BANDANA PAISLEY HOT PINK
HAV-AH,CLAHB,BANDANA PAISLEY LAVENDER
HAV-AH,CLAHB,BANDANA PAISLEY LT BLUE
HAV-AH,CLAHB,BANDANA PAISLEY NAVY
HAV-AH,CLAHB,BANDANA PAISLEY OLIVE
HAV-AH,CLAHB,BANDANA PAISLEY RED
HAV-AH,CLAHB,BANDANA PAISLEY SILVER
HAV-AH,CLAHB,BANDANA PAISLEY TERRACOTTA
HAV-AH,CLAHB,BANDANA PAISLEY WHITE
HAV-AH,CLAHB,BANDANA SW APACHE
HAV-AH,CLAHB,BANDANA SW AZTEC TORQUOISE
HAV-AH,CLAHB,BANDANA SW BLANKET EARTH TONE
HAV-AH,CLAHB,BANDANA SW MODERN AZTEC
HAV-AH,CLAHB,BANDANA TD BLUE
HAV-AH,CLAHB,BANDANA TD RED/BLACK
HAV-AH,CLAHB,BANDANA TD SILVER/BLACK
HAV-AH,CLAHB,BANDANA TD YELLOW
HAV-AH,CLAHB,PAISLEY SPLIT BLACK/WHITE
HAV-AH,CLAHB,STONE WASH PAISLEY BLACK
HAV-AH,CLAHB,STONE WASH PAISLEY NAVY
HAV-AH,CLAHB,STONE WASH PAISLEY ROYAL
HAV-AH,CLAHB,SUPER HANK BLACK
HAV-AH,CLAHB,SUPER HANK NAVY
HAV-AH,CLAHB,SUPER HANK RED
HELINX,FURACS,DAISY CHAIN 1.5-2.5
HELINX,FURACS,GROUND STRAP
HELINX,FURCHR,BENCH ONE
HELINX,FURCHR,CHAIR ONE
HELINX,FURCHR,CHAIR ONE (RE)
HELINX,FURCHR,CHAIR ONE HIGHBACK
HELINX,FURCHR,CHAIR ONE MINI
HELINX,FURCHR,CHAIR ONE XL
HELINX,FURCHR,CHAIR TWO
HELINX,FURCHR,CHAIR ZERO
HELINX,FURCHR,CHAIR ZERO HIGHBACK
HELINX,FURCHR,CHAIR ZERO LARGE
HELINX,FURCHR,CHAIR ZERO LT
HELINX,FURCHR,GROUNDSHEET CAMPSUNSET
HELINX,FURCHR,GROUNDSHEET CHAIR 0
HELINX,FURCHR,GROUNDSHEET CHAIR 1
HELINX,FURCHR,PERSONAL SHADE
HELINX,FURCHR,SPEED STOOL
HELINX,FURCHR,SUNSET CHAIR
HELINX,FURCHR,SUNSET CHAIR (RE)
HELINX,FURCHR,SWIVEL CHAIR
HELINX,FURCHR,TABLE FOUR
HEMLOK,HATSUN,ADOBE
HEMLOK,HATSUN,BERMUDA - FLAT FLOWER PRINT
HEMLOK,HATSUN,BIG CAT
HEMLOK,HATSUN,BIG KIDS DYLAN - TIE DYE PRINT
HEMLOK,HATSUN,BIG KIDS HARVEY - PEACE/SMILEY
HEMLOK,HATSUN,BIG KIDS LAGUNA - FLOWER PRINT
HEMLOK,HATSUN,BIG KIDS WASABI - GREEN SOLID
HEMLOK,HATSUN,BIG KIDS ZIGGY - TIE DYE PRINT
HEMLOK,HATSUN,BLACKOUT - SOLID BLACK BOTTOM
HEMLOK,HATSUN,BLEND
HEMLOK,HATSUN,BOWIE
HEMLOK,HATSUN,CAPRI VISOR - BLONDE
HEMLOK,HATSUN,CAPRI VISOR - ROSE
HEMLOK,HATSUN,DORADO - DORADO FISH PRINT
HEMLOK,HATSUN,DRY FLY
HEMLOK,HATSUN,GROVE - AVACADO PRINT
HEMLOK,HATSUN,GUAVA
HEMLOK,HATSUN,HARVEY - PEACE/SMILEY PRINT
HEMLOK,HATSUN,HENDRIX - TIE DYE PRINT
HEMLOK,HATSUN,HIDEAWAY - BLUE AND WHITE PALM
HEMLOK,HATSUN,LIBERTY
HEMLOK,HATSUN,LITTLE KIDS BLOOM - PARADISE
HEMLOK,HATSUN,LITTLE KIDS DASH - ROADRUNNER
HEMLOK,HATSUN,MAVERICK - USA PRINT
HEMLOK,HATSUN,MIDNIGHT
HEMLOK,HATSUN,NOMAD
HEMLOK,HATSUN,SONORA - CACTUS PRINT
HEMLOK,HATSUN,SUMATRA
HEMLOK,HATSUN,SUNSHINE
HEMLOK,HATSUN,VAGABOND
HEMLOK,HATSUN,WASABI - GREEN SOLID BOTTOM
HEMLOK,HATSUN,WOODSTOCK
HEMLOK,HATSUN,WYATT
HEMLOK,HATSUN,ZEPPELIN - TYE DYE PRINT
HF,COLBPK,CARRYOUT BACKPACK-22L
HF,COLSFT,CARRY OUT SOFT CLR PACK - 20 L
HF,COLSFT,CARRY OUT SOFT COOLER - 12 L
HF,COLSFT,CARRY OUT SOFT COOLER - 20 L
HF,COLSFT,CARRYOUT COOLER-10L
HF,COLSFT,CARRYOUT COOLER-15L
HF,COLSFT,CARRYOUT COOLER-30L
HF,COLSFT,CARRYOUT TOTE-10L
HF,COLSFT,CARRYOUT TOTE-20L
HF,COLSFT,CARRYOUT TOTE-30L
HF,COLSFT,DAY ESCAPE COOLER TOTE-26 L
HF,COLSFT,DAY ESCAPE PACK-20 L
HF,COLSFT,DAY ESCAPE SOFT COOLER - 26 L
HF,COLSFT,INSULATED LUNCH BAG-5 L
HF,COLSFT,INSULATED LUNCH BAG-8 L
HF,COLSFT,INSULATED TOTE - 20 L
HF,COLSFT,INSULATED TOTE-8 L
HF,DW ACS,BOTTLE BRUSH HYDRO FLASK
HF,DW ACS,CLOSEABLE PRESS-IN LID
HF,DW ACS,MEDIUM BOTTLE BOOT
HF,DW ACS,MEDIUM PACKABLE BOTTLE SLING
HF,DW ACS,SMALL BOTTLE BOOT
HF,DW ACS,SMALL PACKABLE BOTTLE SLING
HF,DW ACS,STANDARD FLEX STRAW CAP
HF,DW ACS,STANDARD MOUTH FLEX CAP
HF,DW ACS,STRAW CLEANING SET
HF,DW ACS,WIDE MOUTH FLEX CAP
HF,DW ACS,WIDE MOUTH FLEX CHUG CAP
HF,DW ACS,WIDE MOUTH FLEX SIP LID
HF,DW ACS,WIDE MOUTH FLEX STRAW CAP
HF,DW ACS,WIDE MOUTH STAINLESS STEEL CAP
HF,DW ACS,X MEDIUM PRESS-IN STRAWLID
HF,DW ACS,X STANDARD FLEX CAP
HF,DW ACS,X STANDARD MOUTH FLEX CAP
HF,DW ALCWIN,CERAMIC WINE TUMBLER - 10 OZ
HF,DW BOTKID,KIDS WM STRAW/BOOT - 18 OZ
HF,DW BOTMTL,LT WM FLEX CAP - 24 OZ
HF,DW BOTMTL,LT WM FLEX CAP - 32 OZ
HF,DW BOTMTL,LT WM FLEX CAP - 40 OZ
HF,DW BOTMTL,LW WF CHUG CAP-16 OZ
HF,DW BOTMTL,LW WF CHUG CAP-24 OZ
HF,DW BOTMTL,LW WIDE FLEX CHUG CAP-32 OZ
HF,DW BOTMTL,LW WIDE FLEX STRAW CAP-24 OZ
HF,DW BOTMTL,LW WIDE FLEX STRAW CAP-32 OZ
HF,DW BOTMTL,OASIS-128 OZ
HF,DW BOTMTL,SM FLEX CAP - 21 OZ
HF,DW BOTMTL,SM FLEX CAP - 24 OZ
HF,DW BOTMTL,SM FLEX STRAW CAP - 24 OZ
HF,DW BOTMTL,WF CAP-20 OZ
HF,DW BOTMTL,WF SIP LID-16 OZ
HF,DW BOTMTL,WIDE FLEX CAP-40 OZ
HF,DW BOTMTL,WIDE FLEX SIP LID-20 OZ
HF,DW BOTMTL,WIDE FLEX STRAW CAP-24 OZ
HF,DW BOTMTL,WIDE FLEX STRAW CAP-40 OZ
HF,DW BOTMTL,WIDE FLEX STRAW CAP-64 OZ
HF,DW BOTMTL,WM 2.0 FLEX CAP - 20 OZ
HF,DW BOTMTL,WM 2.0 FLEX CAP - 32 OZ
HF,DW BOTMTL,WM 2.0 FLEX CAP - 40 OZ
HF,DW BOTMTL,WM FLEX SIP - 16 OZ
HF,DW BOTMTL,WM FLEX SIP - 20 OZ
HF,DW BOTMTL,WM FLEX STRAW CAP - 32 OZ
HF,DW BOTMTL,WM FLEX STRAW CAP - 40 OZ
HF,DW BOTMTL,X SM FLEX CAP - 21 OZ
HF,DW BOTMTL,X WM 2.0 FLEX CAP - 20 OZ
HF,DW BOTMTL,X WM 2.0 FLEX CAP - 32 OZ
HF,DW CUP,COOLER CUP-12 OZ
HF,DW INS,COOLER CUP - 12 OZ
HF,DW INS,COOLER CUP SLIM - 12 OZ
HF,DW INS,X COOLER CUP SLIM - 12 OZ
HF,DW MUG,COFFEE MUG - 12 OZ
HF,DW MUG,COFFEE MUG - 24 OZ
HF,DW TUM,ALL AROUND TUMBLER - 16 OZ
HF,DW TUM,ALL AROUND TUMBLER - 20 OZ
HF,DW TUM,ALL AROUND TUMBLER-16 OZ
HF,DW TUM,ALL AROUND TUMBLER-20 OZ
HF,DW TUM,INSULATED SHAKER BOT - 24 OZ
HF,KCHCOF,FRENCH PRESS
HF,KCHCOF,TEA INFUSER
HF,KCHFS,FOOD CONTAINER - 2 CUP
HF,KCHFS,FOOD CONTAINER - 3.5 CUP
HF,KCHFS,FOOD CONTAINER - 5 CUP
HF,KCHTW BWL,1 QT BOWL WITH CAP
HF,KCHTW CUT,FLATWARE SET STAINLESS
HF,PAKHYD,SLINGBACK BOTTLE PACK
HHATS,HATSUN,MESH AUSSUE
HI-TEC,OLD,...
HINTZ,CLOMENSHI,COMPASS VINTAGE - ARCHES CANVA
HINTZ,CLOMENSHI,DESTINATION STAMP ARCHES NP
HINTZ,CLOMENSHI,HIKER DUDE MOAB L/S
HINTZ,CLOMENSHI,NIGHT SKY - ARCHES CANVAS
HITEX,RPRBUK,"BARRELOC 1/4"" CORDLOC ACETAL"
HITEX,RPRBUK,"CAM BUCKLE 1"" ACETAL"
HITEX,RPRBUK,"CAM BUCKLE 1/2"" ACETAL"
HITEX,RPRBUK,"CAM BUCKLE 3/4"" ACETAL"
HITEX,RPRBUK,CANNON CLIP
HITEX,RPRBUK,CONTOURED SERIES
HITEX,RPRBUK,"CONTOURED SUPERLOC 2"""
HITEX,RPRBUK,CORDLOC #194 (2 PIECE)
HITEX,RPRBUK,"D-RING 1"" ACETAL"
HITEX,RPRBUK,"D-RING 1-1/2"" ACETAL"
HITEX,RPRBUK,"D-RING 2"" ACETAL"
HITEX,RPRBUK,"D-RING 3/4"" ACETAL"
HITEX,RPRBUK,"GT RUCK-100 1"""
HITEX,RPRBUK,"GTLL LADDERLOC 1"""
HITEX,RPRBUK,"GTLL-100 SPLITBAR LADDERLOC 1"""
HITEX,RPRBUK,LARGE SHOCK CORD HOOK(2 PIECE)
HITEX,RPRBUK,"LOOPLOC 1"" ACETAL"
HITEX,RPRBUK,"LOOPLOC 1-1/2"" ACETAL"
HITEX,RPRBUK,"LOOPLOC 2"" ACETAL"
HITEX,RPRBUK,"LOOPLOC 3/4"" ACETAL"
HITEX,RPRBUK,"LOW PROFILE CENTR RELEASE 3/8"""
HITEX,RPRBUK,"MAKO LADDERLOC 1"" ACETAL"
HITEX,RPRBUK,"MAKO LADDERLOC 3/4"" ACETAL"
HITEX,RPRBUK,"RETAINER 1"""
HITEX,RPRBUK,"RETAINER 1-1/2"""
HITEX,RPRBUK,"RETAINER 3/4"""
HITEX,RPRBUK,SMALL SHOCK CORD HOOK(2 PIECE)
HITEX,RPRBUK,"SPLIT BAR LADDERLOC 1"""
HITEX,RPRBUK,SPLIT BAR TRIGLIDE
HITEX,RPRBUK,"SR-1 1"" SPLIT BAR (2 PIECE)"
HITEX,RPRBUK,STERNUM TRIGLIDE
HITEX,RPRBUK,STRUCTSURE D-RING 40MM
HITEX,RPRBUK,"SUPERLOC 1"" ACETAL"
HITEX,RPRBUK,"TLL (TROVATO LADDERLOC) 1"""
HITEX,RPRBUK,TOASTER ELLIPSE CORDLOC
HITEX,RPRBUK,"TRIGLIDE 1"" ACETAL"
HITEX,RPRBUK,"TRIGLIDE 1"" LOW PROFILE"
HITEX,RPRBUK,"TRIGLIDE 1"" WIDE MOUTH"
HITEX,RPRBUK,"TRIGLIDE 3/4"" ACETAL"
HITEX,RPRBUK,"TRIGLIDE 3/4"" LOW PROFILE"
HITEX,RPRBUK,"TRIGLIDE 3/4"" WIDE MOUTH"
HITEX,RPRBUK,"TRIGLIDE 5/8"" WIDE MOUTH"
HITEX,RPRBUK,"WHISTLELOC 3/4"" LATCH"
HITEX,RPRBUK,"WSR 1"" BODY - DUAL ADJUST"
HITEX,RPRBUK,"WSR 1"" LATCH"
HITEX,RPRBUK,"WSR 1-1/2"" BODY - DUAL ADJUST"
HITEX,RPRBUK,"WSR 1-1/2"" LATCH"
HITEX,RPRBUK,"WSR 2"" BODY - DUAL ADJUST"
HITEX,RPRBUK,"WSR 2"" LATCH"
HITEX,RPRBUK,"WSR 3/4"" BODY - DUAL ADJUST"
HITEX,RPRBUK,"WSR 3/4"" LATCH"
HITEX,RPRBUK,ZIPCORD
HITEX,SUREQPMSC,AQUA MARINE WHISTLE
HITEX,WW ELA,WOVEN ELASTIC 1 IN
HITEX,WW ELA,"WOVEN ELASTIC 3/4"""
HITEX,WW PC,"CORD 5/32"" NYLON"
HITEX,WW PC,"LACE (3341) 1/4"" POLYPRO"
HITEX,WW PC,"SHOCK CORD 1/4"" NYLON"
HITEX,WW PC,"SHOCK CORD 3/32"" NYLON"
HITEX,WW WEB,"BINDING TAPE 1"" NYLON"
HITEX,WW WEB,"WEBBING 1"" (7R121)"
HITEX,WW WEB,"WEBBING 1"" HEAVY-NYLON"
HITEX,WW WEB,"WEBBING 1"" NYLON"
HITEX,WW WEB,"WEBBING 1"" NYLON-HERRING"
HITEX,WW WEB,"WEBBING 2"" NYLON"
HITEX,WW WEB,"WEBBING 2"" NYLON-SEATBELT"
HITEX,WW WEB,"WEBBING 3/4"" NYLON"
HITEX,WW WEB,"WEBBING 9/16"" NYL-TUBULAR"
HITEX,XXX,"BINDING TAPE 1"" NYLON Â€‹"
HITEX,XXX,SLIDERS #10 NO LOCK
HITEX,XXX,TOASTER ELLIPSE
HITEX,XXX,"WEBBING 1"" #208 Â€‹"
HITEX,XXX,"WEBBING 1"" HEAVY-NYLON Â€‹"
HITEX,XXX,"WEBBING 1"" NYLON Â€‹"
HITEX,XXX,"WEBBING 2"" NYLON Â€‹"
HITEX,XXX,"WEBBING 2"" NYLON-SEATBELT"
HITEX,XXX,"WEBBING 2""-NYLON Â€‹"
HITEX,XXX,"WEBBING 3/4"" HEAVY-NYLON Â€‹"
HITEX,XXX,"WEBBING 3/4"" NYLON Â€‹"
HITEX,XXX,"WEBBING 9/16"" NYLON-TUBULAR"
HITEX,XXX,WSR 40 BODY LADDERLOC ACT Â€‹
HITEX,XXX,WSR 40 LATCH LADDERLOC ACT
HLIGHT,LITHL,EXPANDABLE LANTER
HLIGHT,LITHL,SOLAR HYBRID FLASHLIGHT 160
HLIGHT,LITLAN,THE ATLAS CAMPING LANTERN/CHAR
HS,FODBAR,NUT + SEED BAR
HS,FODBAR,OAT + HONEY BAR
HS,FODBAR,PROTEIN BAR
HS,FODCHW,CAFFEINE CHEWS
HS,FODCHW,ENERGY CHEWS
HS,FODSQZ,ENERGY GEL
HS,FODSQZ,ENERGY GEL - CAFFEINE
HS,FODWAF,MINI WAFFLES
HS,FODWAF,WAFFLE (EACH)
HSCAPE,ACS,ACADIA INFINITY STICKER
HSCAPE,ACS,ARCHES INFINITY STICKER
HSCAPE,ACS,ARCHES MINISCAPE
HSCAPE,ACS,ARCHES PATCH
HSCAPE,ACS,BRYCE CANYON INFINITY STICKER
HSCAPE,ACS,BRYCE MINISCAPE
HSCAPE,ACS,CANYONLANDS INFINITY STICKER
HSCAPE,ACS,CANYONLANDS MINISCAPE
HSCAPE,ACS,DESERTSCAPE INFINITY STICKER
HSCAPE,ACS,DESERTSCAPE MINISCAPE
HSCAPE,ACS,GRAND CANYON INFINITY STICKER
HSCAPE,ACS,GRAND CANYON MINISCAPE
HSCAPE,ACS,SPACESCAPE INFINITY STICKER
HSCAPE,ACS,SPACESCAPE MINISCAPE
HSCAPE,ACS,ZION INFINITY STICKER
HSCAPE,ACS,ZION MINISCAPE
HUHA,CLAUNDWMN,MINERAL BIKINI
HUHA,CLAUNDWMN,MINERAL BOXER
HUHA,CLAUNDWMN,MINERAL BOXER NOPE
HUHA,CLAUNDWMN,MINERAL BRIEF
HUHA,CLOTNKWMN,TATA CAMI
HYDRAP,PAKACS,BOTTLE BRIGHT
HYDRAP,PAKACS,EXPEDITION 8L
HYDRAP,PAKACS,HF BLASTER BITE VALVE - BLUE
HYDRAP,PAKACS,HP CLEANING KIT W/BOTTLE BRIGH
HYDRAP,PAKACS,"HYDRAFLEX TUBE 36"" BB VALVE"
HYDRAP,PAKACS,QUANTUM CLIP MAGNET
HYDRAP,PAKACS,SHAPE-SHIFT 2L FLEX GRIP/BB VA
HYDRAP,PAKACS,SHAPE-SHIFT 3L FLEX GRIP/BB VA
HYDRAP,PAKACS,VELOCITY RESERVOIR
HYDRAP,PAKACS,VELOCITY™ IT 1.5L
ICETRK,FWACS,YAKTRAX PRO
ICETRK,FWACS,YT XTR EXTREME LARGE
ICETRK,FWACS,YT XTR EXTREME MEDIUM
ICG,CLOMENSHI,ARCHES NAT'L PACK SINCE 1929
ICG,CLOMENSHI,M'S RUSTED ROCK - ARCHES
ICG,CLOMENSHI,ZION CANYON OTD ADVENTURE 8SQ
ICG,CLOWMNSHI,W'S ANCIENT WAYS - ANP
ICG,CLOWMNSHI,W'S ANCIENT WAYS - MOAB UTAH
ICG,HATSUN,MOAB UTAH - ARCHES TRUCKER HAT
IGNIK,HOTHND,HAND WARMERS- PAIR
IGNIK,KCHSTV,2-IN-1 HEATER/STOVE
IGNIK,KCHSTV,FIRECAN DELUXE FIREPIT
IGNIK,KCHSTV,FIRECAN PORTABLE FIREPIT
IGNIK,KCHSTV,GAS GROWLER DELUXE
IGNIK,KCHSTV,GAS GROWLER DELUXE - BLACK
IGNIK,KCHSTV,GAS GROWLER W/ ADAPTER HOSE
IGNIK,KCHSTV,GAS GROWLER X
IGNIK,KCHSTV,IGNIK ADAPTER HOSE
IGNIK,KCHSTV,TAPRACK 4 PROPANE SYSTEM
INNATE,KITTW,CAMP CUP 300ML STAINLESS
INNATE,KITTW,CAMP CUP 450ML STAINLESS
INNATE,TRVACS,DELTOS PASSPORT WALLET
INNOVA,GAMDSCGLF,CH BOSS DIST DR
INNOVA,GAMDSCGLF,CH EAGLE FAIR DR
INNOVA,GAMDSCGLF,CH FIREBIRD FAIR DR
INNOVA,GAMDSCGLF,CH FIRESTORM DIST DR
INNOVA,GAMDSCGLF,CH HAWKEYE FAIR DR
INNOVA,GAMDSCGLF,CH INVADER LUSTER PUTT & APPR
INNOVA,GAMDSCGLF,CH LEOPARD 3 FAIR DR
INNOVA,GAMDSCGLF,CH LEOPARD FAIR DR
INNOVA,GAMDSCGLF,CH PROTO GLOW LEOPARD3 FAIR DR
INNOVA,GAMDSCGLF,CH PROTO GLOW MAKO3 MID-RNG
INNOVA,GAMDSCGLF,CH PROTO GLOW SHRYKE DIST DR
INNOVA,GAMDSCGLF,CH PROTO GLOW TERN DIST DR
INNOVA,GAMDSCGLF,CH PROTO GLOW VALKYRIE FAIR DR
INNOVA,GAMDSCGLF,CH TEEBIRD 3 FAIR DR
INNOVA,GAMDSCGLF,CH TEEBIRD FAIR DR
INNOVA,GAMDSCGLF,CH TL FAIR DR
INNOVA,GAMDSCGLF,CH TL3 FAIR DR
INNOVA,GAMDSCGLF,CH TORO MID-RNG
INNOVA,GAMDSCGLF,CH VALKYRIE FAIR DR
INNOVA,GAMDSCGLF,CHAMPION SIDEWINDER FAIRWY DR
INNOVA,GAMDSCGLF,CHAMPION TERN DISTANCE DRIVER
INNOVA,GAMDSCGLF,DX ARCHANGEL FAIR DR
INNOVA,GAMDSCGLF,DX AVIAR3 PUTT & APPR
INNOVA,GAMDSCGLF,DX AVIAR3 ST PADDY'S
INNOVA,GAMDSCGLF,DX BEAST DIST DR
INNOVA,GAMDSCGLF,DX DESTROYER DIST DR
INNOVA,GAMDSCGLF,DX DRAGON FAIR DR
INNOVA,GAMDSCGLF,DX IT FAIR DR
INNOVA,GAMDSCGLF,DX JAY MID-RNG
INNOVA,GAMDSCGLF,DX LEOPARD FAIR DR
INNOVA,GAMDSCGLF,DX MAMBA DIST DR
INNOVA,GAMDSCGLF,DX PROTO GLOW AVIAR PUTT & APP
INNOVA,GAMDSCGLF,DX PROTO GLOW ROC MID-RNG
INNOVA,GAMDSCGLF,DX ROC 3 MID-RNG
INNOVA,GAMDSCGLF,DX ROLLO MID-RNG
INNOVA,GAMDSCGLF,DX SIDEWINDER FAIR DR
INNOVA,GAMDSCGLF,DX SKEETER MID RANGE
INNOVA,GAMDSCGLF,DX WHALE PUTT & APPR
INNOVA,GAMDSCGLF,DX XERO PUTT & APPR
INNOVA,GAMDSCGLF,GSTAR FOX MID RANGE
INNOVA,GAMDSCGLF,HALO STAR DESTROYER DIST DR
INNOVA,GAMDSCGLF,HALO STAR FIREBIRD FAIR DR
INNOVA,GAMDSCGLF,HALO STAR FOX MID RANGE
INNOVA,GAMDSCGLF,HALO STAR GORGON HOLLIDAY
INNOVA,GAMDSCGLF,HALO STAR IT FAIR DR
INNOVA,GAMDSCGLF,HALO STAR MAKO3 MID-RNG
INNOVA,GAMDSCGLF,HALO STAR MAMBA DIST DR
INNOVA,GAMDSCGLF,HALO STAR ROADRUNNER FAIR DR
INNOVA,GAMDSCGLF,HALO STAR ROC3 MID-RNG
INNOVA,GAMDSCGLF,HALO STAR ROLLO MID RANGE
INNOVA,GAMDSCGLF,HALO STAR ROLLO MID-RNG
INNOVA,GAMDSCGLF,HALO STAR SIDEWINDER FAIR DR
INNOVA,GAMDSCGLF,HALO STAR TERN DIST DR
INNOVA,GAMDSCGLF,HALO STAR THUNDERBIRD FAIR DR
INNOVA,GAMDSCGLF,HALO STAR VALKYRIE FAIR DR
INNOVA,GAMDSCGLF,HALO STAR WRAITH DIST DR
INNOVA,GAMDSCGLF,INNFUSE STAR EAGLE FAIR DR
INNOVA,GAMDSCGLF,INNFUSE STAR LION MID-RNG
INNOVA,GAMDSCGLF,JAY MIDRANGE
INNOVA,GAMDSCGLF,OVERMOLD XT NOVA PUTT & APPR
INNOVA,GAMDSCGLF,PRO JK AVIAR PUTT & APPR
INNOVA,GAMDSCGLF,PRO KC AVIAR PUTT & APPR
INNOVA,GAMDSCGLF,PRO YETI AVIAR PUTT & APPR
INNOVA,GAMDSCGLF,R-PRO PIG MID-RNG
INNOVA,GAMDSCGLF,STAR - TEEBIRD3 FWY DR
INNOVA,GAMDSCGLF,STAR BOSS DIST DR
INNOVA,GAMDSCGLF,STAR CHARGER DIST DR
INNOVA,GAMDSCGLF,STAR DESTROYER DIST DR
INNOVA,GAMDSCGLF,STAR FOX MID RANGE
INNOVA,GAMDSCGLF,STAR HAWKEYE FAIR DR
INNOVA,GAMDSCGLF,STAR IT FAIR DR
INNOVA,GAMDSCGLF,STAR JAY MID-RNG
INNOVA,GAMDSCGLF,STAR LYNX
INNOVA,GAMDSCGLF,STAR MAKO3 MID-RNG
INNOVA,GAMDSCGLF,STAR MAMBA DIST DR
INNOVA,GAMDSCGLF,STAR ROADRUNNER FAIR DR
INNOVA,GAMDSCGLF,STAR SIDEWINDER FAIR DR
INNOVA,GAMDSCGLF,STAR SWIRLED DESTROYER
INNOVA,GAMDSCGLF,STAR TL 3 FAIR DR
INNOVA,GAMDSCGLF,STAR TORO MID-RNG
IQBAR,FODBAR,ALMOND BUTTER CHIP
IQBAR,FODBAR,BANANA NUT
IQBAR,FODBAR,CHOCOLATE MINT CHIP
IQBAR,FODBAR,CHOCOLATE SEA SALT
IQBAR,FODBAR,LEMON BLUEBERRY
IQBAR,FODBAR,MATCHA CHAI
IQBAR,FODBAR,PEANUT BUTTER CHIP
IQBAR,FODBAR,TOASTED COCONUT CHIP
IQBAR,FODBAR,WILD BLUEBERRY
IQBAR,FODCOF,COFFEE - BLACK
IQBAR,FODCOF,COFFEE - HAZELNUT
IQBAR,FODCOF,COFFEE - VANILLA
IQBAR,FODCOF,COFFEE - VARIETY PACK
IQBAR,FODCOF,INSTANT COFFEE - ASST
IREV,ELTCAMACS,DUO ACTION CAMERA - BLACK
IREV,ELTCAMACS,DUO ACTION CAMERA - ORANGE
IREV,ELTCAMACS,REUSEABLE WP CAM W/FLASH
IREV,ELTCAMACS,ULTRAPOD 1
IREV,ELTCAMACS,ULTRAPOD GRIP
IREV,ELTCAMACS,ULTRAPOD II
IREV,ELTCAMACS,ULTRAPOD MINI - COLOR
IREV,KCHCW GRL,FLATPACK GRILL & FIREPIT LARGE
IREV,KCHSTV,ESBIT ALCOHOL BURNER BRASS
IREV,KCHSTV,ESBIT TITANIUM STOVE
IREV,KITCO,COOKSET STAINLESS STEEL
IREV,KITCW,ORIGINAL CANDLE LANTERN KIT BL
IREV,KITCW,ORIGINAL CANDLE LANTERN KIT RE
IREV,KITCW,RHODY+ LI-ION LANTERN
IREV,KITCW,WATER KETTLE 1400ML ALUMINUM
IREV,KITTW,4 PIECE MESS KIT
IREV,KITTW,ESBIT SOLID FUEL 16 PC X5G
IREV,KITTW,MINI SPORK 3-PACK CLASSIC
IREV,KITTW,MINI SPORK 3-PACK TERRA
IREV,KITTW,SERVING SPORKS 2PK
IREV,KITTW,SPORK/KNIFE EACH
IREV,KITTW,SPORKS LEFTY - 2PK
IREV,KITTW,TITANIUM SPORKS - BLISTER
IREV,KITTW,TITANIUM UTILITY SPORK
IREV,LITACS,10 SURVIVAL MATCHES & STRIKER
IREV,LITACS,BEESWAX TEALIGHT CANDLE 3PK
IREV,LITACS,BEHEMOTH SWEETFIRE MATCH
IREV,LITACS,CITRONELLA TEALIGHT CANDLE 6PK
IREV,LITACS,HURRICANE MATCH KIT
IREV,LITACS,LONG BURN MATCHES
IREV,LITACS,MATCH CONTAINER MATCHES-SPROOF
IREV,LITACS,SM TORCH & UTILITY TAPE
IREV,LITACS,SM TOTCH & BOTTLE OPENER
IREV,LITACS,STAKELIGHT - 2PACK
IREV,LITACS,STRIKE ANYWHERE MATCHES 10PK
IREV,LITACS,SWEETFIRE POINTS 8PACK
IREV,LITACS,SWEETFIRE STRIKEABLE FIRESTART
IREV,LITACS,TEALIGHT CANDLES
IREV,LITACS,TINDER DUST SNUFF BOX BLISTER
IREV,LITACS,TINDER ON A ROPE
IREV,LITACS,TINDERSTICKS MAYA STICKS
IREV,LITACS,UCO MATCH CASE
IREV,LITACS,UCO MATCH CASE - DARK GREEN
IREV,LITACS,UCO STRIKE ON BOX MATCHES
IREV,LITACS,UCO SURVIVAL MATCHES COUNT 15
IREV,LITACS,UCO WATERPROOF MATCHES
IREV,LITACS,UTILITY SPORK W/TETHER 2PK
IREV,LITLAN,ALKI LANTERN + FLASHLIGHT™
IREV,LITLAN,CANDELIER LANTERN - ALUMINUM
IREV,LITLAN,CANDELIER PAINTED
IREV,LITLAN,LANTERN+LED ALUMINUM
IREV,LITLAN,LESCHI LED LANTERN - GOLD
IREV,LITLAN,LESCHI LED LANTERN - SILVER/BL
IREV,LITLAN,MADRONA TABLE LANTERN
IREV,LITLAN,MICRO LANTERN - ASSORTED
IREV,LITLAN,MINI LANTERN - ANODIZED
IREV,LITLAN,MINI LANTERN - POL ALUMINUM
IREV,LITLAN,MINI LANTERN KIT
IREV,LITLAN,MINI LANTERN PAINTED
IREV,LITLAN,ORIG LANTERN - PAINTED
IREV,LITLAN,ORIGINAL LANTERN - ANODIZED
IREV,LITLAN,ORIGINAL LANTERN - STANDARD
IREV,LITLAN,RHODY LED LANTERN
IREV,LITLAN,SPROUT MINI LANTERN+MAG LAN BL
IREV,LITLAN,SPROUT MINI LANTERN+MAG LAN GR
IREV,LITLAN,SPROUT MINI LANTERN+MAG LANYAR
IREV,LITLAN,SPROUT+ MINI LANTERN BLACK
IREV,LITLAN,SPROUT+ MINI LANTERN BLUE
IREV,LITLAN,TITAN FIRE STARTER
IREV,TNTACS,UCO STAKELIGHT 4-PACK
IREV,TOLKNF,BASIC 511 CARBON STEEL - BLK/D
IREV,TOLKNF,BASIC 511 CARBON STEEL - BLK/M
IREV,TOLKNF,COMPANION SPARK - BLACK
IREV,TOLKNF,COMPANION SPARK - RED
IREV,TOLKNF,COMPANION SPARK - YELLOW
IREV,TOLKNF,MORAKNIV BLACK SS PINPAC
IREV,TOLKNF,MORAKNIV COMPANION KNIVES
IREV,TOLKNF,MORAKNIV COMPANION SPARK
IREV,TOLKNF,MORAKNIV ORANGE SS PINPAC
IREV,TOLKNF,ROPE STAINLESS STEEL - BULK
JACKS,RVRMSC,LG KAYAK STOW PINK
JACKS,RVRMSC,LG ROUND BOTTOM OUTFITTER DKBL
JACKS,RVRMSC,LRG GEAR STOW RED
JACKS,RVRMSC,MED ROUND BOTTOM OF SANDSTONE
JACKS,RVRMSC,SUPER PACO PAD LIME GREEN
JACKS,RVRMSC,TENT STOW BAG
JAYB,CLITAP,"JAYBIRD 1"" PRO-WHITE"
JAYB,CLITAP,"JAYBIRD 1.5"" PRO-WHITE"
JAYB,CLITAP,"JAYBIRD 2"" PRO-WHITE"
JBI,BIK,..
JBI,BIKACS,AS-MASTER CHAMOIS
JBI,BIKACS,BAG LEZ WEDGE M-CADDY
JBI,BIKACS,BOTTLE CAGE PB SIDELOAD CAGE B
JBI,BIKACS,BOTTLE CAGE SLIMLINE OR8
JBI,BIKACS,BOTTLE CAGE- LEFT SIDE LOAD
JBI,BIKACS,BOTTLE ONLY USA 28OZ
JBI,BIKACS,CABLE TIES - 100 PACK
JBI,BIKACS,CO2 16G THREADED
JBI,BIKACS,DUO SPORT TIRE GUAGE
JBI,BIKACS,FENDER - DUCK FLAP BLACK
JBI,BIKACS,FENDER - DUCK FLAP CAMO
JBI,BIKACS,FENDER - DUCK FLAP ORANGE
JBI,BIKACS,FENDER - DUCK FLAP PURPLE
JBI,BIKACS,LIZARD SKIN SEAT BAG
JBI,BIKACS,LIZARD SKIN TOOL STRAP
JBI,BIKACS,MEGA RACK  ULTRA UNIVERSAL...
JBI,BIKACS,PAD SET - SUPER SLIM KNEE V2
JBI,BIKACS,PEDALS BK-OPS NYLO-PROII 9/16
JBI,BIKACS,PEDALS BK-OPS PLATFORM ALY CRM
JBI,BIKACS,PEDALS OR8 VEX 9/16 BK
JBI,BIKACS,PEDALS OR8 VEX 9/16 BLUE
JBI,BIKACS,PEDALS OR8 VEX 9/16 GN
JBI,BIKACS,PEDALS OR8 VEX 9/16 OR
JBI,BIKACS,PEDALS OR8 VEX 9/16 RED
JBI,BIKACS,PEDALS OR8 VEX 9/16 WH
JBI,BIKACS,PEDALS OR8 VEX 9/16 YL
JBI,BIKACS,PEDRO TIRE LEVERS 2PK
JBI,BIKACS,RATTLESNAKE BOTTLE CAGE
JBI,BIKACS,SADDLE WTB ROCKET WIDE STEEL B
JBI,BIKACS,SADDLE WTB SILVERADO MED STEEL
JBI,BIKACS,SADDLE WTB VOLT MEDIUM
JBI,BIKACS,SKIN CARE HOOHA RIDE GLIDE .25
JBI,BIKACS,SRAM 11SP CHAIN LINK
JBI,BIKACS,SRAM 12SP CHAIN LINK
JBI,BIKACS,SRAM 12SP CHAIN LINK T-TYPE
JBI,BIKACS,TOOL MULTI PEAK MINI 18-NEW
JBI,BIKACS,TOOL TIRE GAUGE SKS AIRCHECKER
JBI,BIKACS,TOOL TIRE GAUGE TOPEAK SMARTGA
JBI,BIKACS,TOPEAK WEDGE PACK MICRO
JBI,BIKACS,TRUFLATE PENCIL GAUGE
JBI,BIKACS,TUBE PROTECTOR 26IN. SINGLE
JBI,BIKACS,VALVE ADAPTER - PRESTA
JBI,BIKACS,VALVE ADAPTER - PRESTAX
JBI,BIKGLV,LIZARD MONITOR OPS
JBI,BIKGLV,LIZARD MONITOR TRAVERSE
JBI,BIKGLV,LIZARD SKIN GRIPS - MACHINE
JBI,BIKGLV,LIZARD SKIN GRIPS - SGL CHARGE
JBI,BIKGLV,LIZARD SKIN TUBE STRAP
JBI,BIKHMT,HELMET AERIUS RAVEN
JBI,BIKHMT,HELMET LIM 515 DRAGON
JBI,BIKHMT,HELMET LIM 535 LG BK/BLUE
JBI,BIKHMT,HELMET LIM 540 ALL-AROUND
JBI,BIKHMT,HELMET LIM 575 MTB UNI
JBI,BIKHMT,HELMET LIMAR 560 L57-61 BLACK
JBI,BIKHMT,HELMET LIMAR SL TEEN
JBI,BIKHMT,HERON HELMET - BLACK
JBI,BIKHMT,V19-SPORT HELMET - BLACK/GREY
JBI,BIKHMT,V19-SPORT HELMET - BLUE/GREY
JBI,BIKLIT,CATEYE AMP100 ORB
JBI,BIKLIT,CATEYE HL USB W/HELMET MOUNT
JBI,BIKLIT,CATEYE HL-EL1100RC
JBI,BIKLIT,CYGOLITE HOTROD 120 LUMEN
JBI,BIKLIT,ION TAIL LIGHT
JBI,BIKLIT,ION-HP HEADLIGHT
JBI,BIKLIT,LIGHT CATEYE
JBI,BIKLIT,LIGHT CATEYE HL-EL084S TL-LD80
JBI,BIKLIT,LIGHT CATEYE HL-EL088RC AMPP80
JBI,BIKLIT,LIGHT CATEYE HL-EL2200RC AMPP2
JBI,BIKLIT,LIGHT CYGO METRO PRO
JBI,BIKLIT,LIGHT CYGO VELOCITY
JBI,BIKLIT,LIGHT CYGO ZOT
JBI,BIKLIT,LIGHT PB RR BLINKY-3 3LED
JBI,BIKLIT,LIGHT SL RR TL-L330 3-LED .5WA
JBI,BIKLOK,8MMX6FT COILED SECURITY CABLE
JBI,BIKLOK,BRUTUS LOCK-2 KEY HD MICRO
JBI,BIKLOK,COMBO PADLOCK-GRIPPER
JBI,BIKLOK,KEEPER 785 INTEGRATED CHAIN
JBI,BIKLOK,KEEPER 790 COMBO CHAIN
JBI,BIKLOK,KMC 11SP CHAIN LINK
JBI,BIKLOK,KRY 712 CHAIN COMBO LOCK
JBI,BIKLOK,KRY 712 CHAIN LOCK
JBI,BIKLOK,KRY PADLOCK SS DISC
JBI,BIKLOK,KRYPTOFLEX 1018 COMBO CABLE 6'
JBI,BIKLOK,KRYPTOFLEX 1018 KEY CABLE 6'
JBI,BIKLOK,KRYPTOFLEX 1265 KEY CABLE 2'
JBI,BIKLOK,KRYPTOFLEX 2080 ARMORED COMBO
JBI,BIKLOK,KRYPTONITE PD KRY LMNTD STEEL
JBI,BIKLOK,KYRPTOFLEX 710 CABLE
JBI,BIKLOK,LOCK KRY U KEEPER STD 4X8 WBRK
JBI,BIKLOK,LOCK SECURIT CHAIN SINCH EBIKE
JBI,BIKLOK,LOCK SUNLITE CABLE 8MMX6' COMB
JBI,BIKLOK,LOCK SUNLITE DEFENDER CABLE
JBI,BIKLOK,LOCK SUNLT DFNDR D1 CBL 8MMX6'
JBI,BIKLOK,LOCK SUNLT DFNDR D3 CBL 8MMX6F
JBI,BIKMAN,BRAKE FLUID DOT 5.1
JBI,BIKMAN,BRAKE FLUID DOT MINERAL OIL
JBI,BIKMAN,DRY BIKE LUBE 8.2OZ
JBI,BIKMAN,EPIC RIDE LUBE AEROSOL 8OZ
JBI,BIKMAN,GSC1 GEAR CLEANING BRUSH
JBI,BIKMAN,LUBE PROGOLD XTREME 4OZ
JBI,BIKMAN,LUBE RNR EXTREME 4OZ
JBI,BIKMAN,LUBE RNR GOLD 4OZ
JBI,BIKMAN,LUBE T-9 BOESHIELD 4OZ AEROSOL
JBI,BIKMAN,LUBE T-9 BOESHIELD 4OZ SQUEEZE
JBI,BIKMAN,LUBE TRI-FLOW 2OZ BOTTLE
JBI,BIKMAN,LUBE W-L CLEAN RIDE 8 OZ
JBI,BIKMAN,LUBE W/L CLEAN RIDE WAX 4 OZ
JBI,BIKMAN,SIMPLE GREEN CLEANER 20OZ
JBI,BIKMAN,SPEED DEGREASER 18OZ
JBI,BIKPMP,FLOOR AIR PUMP
JBI,BIKPMP,GRIP DRIVE HP AIR PUMP
JBI,BIKPMP,JOEBLOW ELITE
JBI,BIKPMP,PUMP ADAPTER PACK - PRESTA
JBI,BIKPMP,PUMP DIGITAL SHOCK DRIVE BK/GD
JBI,BIKPMP,PUMP INO C02 20G THREAD
JBI,BIKPMP,PUMP INO C02 20G THREAD BX6
JBI,BIKPMP,PUMP INO CO2 20G THRD BXOF20
JBI,BIKPMP,PUMP INO CO2 AIRCHUCK ELITE 20
JBI,BIKPMP,PUMP INO CO2 MF GN NANO 20G
JBI,BIKPMP,PUMP LEZ C02 CONTROL DRIVE
JBI,BIKPMP,PUMP LEZ CO2 TWIN DRIVE KIT
JBI,BIKPMP,PUMP LEZ FLOOR MICRO DRIVE HV
JBI,BIKPMP,PUMP LEZ MINI ALLOY DRIVE
JBI,BIKPMP,PUMP LEZ MINI ALLOY HV DRIVE
JBI,BIKPMP,PUMP LEZ MINI SPORT DRIVE HV S
JBI,BIKPMP,PUMP LEZ SHOCK DRIVE W/GAGE
JBI,BIKPMP,PUMP PARK MINI PMP-3.2 BK
JBI,BIKPMP,PUMP PB CO2 CART 25G THRD BXOF
JBI,BIKPMP,PUMP PURE KWICK-FILL AIR COMPR
JBI,BIKPMP,PUMP SL MINI ECONO-SNGL ACTION
JBI,BIKPMP,PUMP SNLT AIRSURGE-AERO GAUGE
JBI,BIKPMP,PUMP SUNLT MINI ROAD S/T W/GUA
JBI,BIKPMP,PUMP SUNLT MINI ROAD SPEED DI
JBI,BIKPMP,PUMP TO PEAK FLOOR JOE BLOW MA
JBI,BIKPMP,PUMP TOPEAK MINI DUAL
JBI,BIKPMP,PUMP TOPEAK MINI DUAL DX S/H
JBI,BIKPMP,PUMP TOPEAK MINI DUAL DX S/H W
JBI,BIKPMP,PUMP TOPEAK MINI DUAL W/GAUGE
JBI,BIKPMP,PUMP TOPEAK SHOCK POCKET DXG
JBI,BIKRPR,4 N1 VALVE TOOL CORE REMOVER
JBI,BIKRPR,CHAIN CON LINK KMC M/L
JBI,BIKRPR,HEX WRENCH
JBI,BIKRPR,MULTI-TOOL 9-FUNCTION TORX
JBI,BIKRPR,PATCH KIT INO MICROFLATE
JBI,BIKRPR,PATCH KIT LEZ METAL GRAY
JBI,BIKRPR,PATCH KIT SUNLITE STD
JBI,BIKRPR,PATCH KIT TUBELESS TIRE REPAIR
JBI,BIKRPR,PFP-8 HOME MECHANIC
JBI,BIKRPR,PRE-GLUED PATCH KIT
JBI,BIKRPR,SIDE OF BACON- PATCH KIT
JBI,BIKRPR,SUNLITE PATCH KIT SMALL
JBI,BIKRPR,TOOL ALLEN WRENCH PARK AWS10
JBI,BIKRPR,TOOL CHAIN BREAKER LEZ CHAINDR
JBI,BIKRPR,TOOL KIT PARK WTK-2 ESSENTIAL
JBI,BIKRPR,TOOL MULTI PEAK MINI 9
JBI,BIKRPR,TOOL SPOKE WRENCH
JBI,BIKRPR,TOOL SPORT TIRE LEVERS 3SET
JBI,BIKRPR,TOOL VALVE CORE REMOVER VC-1
JBI,BIKRPR,TUBELESS PLUS PATCH KIT 3.5X5
JBI,BIKRPR,TUBELESS TIRE REPAIR THREADED
JBI,BIKRPR,VP-1 VULCANIZING PATCH KIT
JBI,BIKTIR,MAX IKON 29X2.20
JBI,BIKTIR,MAX MINION DHR II 27.5X2.4
JBI,BIKTIR,MAX MINION DHR II 27.5X2.5
JBI,BIKTIR,MAXXIS MINION DHF 27.5X2.5
JBI,BIKTIR,MAXXIS MINION DHF 27.5X2.5WT
JBI,BIKTIR,MAXXIS MINION DHF 29X2.3
JBI,BIKTIR,MAXXIS MINION DHF TIRE
JBI,BIKTIR,MAXXIS MINION DHR II 27.5X2.4
JBI,BIKTIR,MAXXIS MINION DHR II 29X2.4
JBI,BIKTIR,MINION DHF 29X2.5
JBI,BIKTUB,26X1.90 - 2.35 32MM PRESTA VAL
JBI,BIKTUB,26X1.90 - 2.35 SCHRADER VALVE
JBI,BIKTUB,27 5X2 10 32MM PRESTA VALVE
JBI,BIKTUB,STANDARD VALVE TUBES
JBI,BIKTUB,TUBE SUNLT 26X1.90-2.35 PV48/T
JBI,BIKTUB,TUBE SUNLT UTILIT 26X2.00-2.40
JBI,BIKTUB,TUBES SUNLITE 27.5X2.00-2.40
JBI,BIKTUB,TUBES SUNLITE 29X2.10 PV32MM
JBI,BIKTUB,TUBES SUNLT 29X2.10 PV 48MM
JBI,BIKTUBSEL,BLACK OX TIRE SEALANT 16OZ
JBI,BIKTUBSEL,BLACK OX TIRE SEALANT 4OZ
JBI,BIKTUBSEL,ENDURANCE SEALANT
JBI,BIKTUBSEL,FLAT ATTACK 8OZ
JBI,BIKTUBSEL,REGULAR SEALANT 16OZ
JBI,BIKTUBSEL,TIRE SEALER ORANGE REFILL
JBI,BIKTUBSEL,TIRE SEALER ORANGE TWISTLOCK
JBI,BIKTUBSEL,TIRE SEALER SLIME 16 OZ
JBI,BIKTUBSEL,TIRE SEALER SLIME 8 OZ
JBI,BIKTUBSEL,XPATCH KIT PARK VP-1 GLUE TYPE
JBI,CLOBLBMEN,M'S ANDIAMO BIKE SHORTS
JBI,CLOBLBWMN,W'S ANDIAMO BIKE SHORTS
JBI,ELTGPS,BRYTON RIDER 450E GPS
JBL,ELTSPK,CHARGE 5
JBL,ELTSPK,CHARGE 6
JBL,ELTSPK,CLIP 5
JBL,ELTSPK,ENDURANCE RACE 2
JBL,ELTSPK,FLIP 7
JBL,ELTSPK,GO 4
JBL,ELTSPK,WIND 3
JBUCK,MCHPCD,POSTCARDS - ASSORTED
JETB,FULACS,CRUNCH IT TOOL
JETB,FULWG,JETPOWER FUEL - 100G
JETB,FULWG,JETPOWER FUEL - 230G
JETB,FULWG,JETPOWER FUEL - 450G
JETB,KCHCOF,COFFEE PRESS SILICONE
JETB,KCHCOF,COFFEE PRESS SILICONE GRANDE
JETB,KCHCW,CERAMIC FLUXRING COOK POT 1.5L
JETB,KCHSTV,FLASH 1.0 L
JETB,KCHSTV,FLASH 1.8 L
JETB,KCHSTV,FLASH JAVAKIT 1.0L
JETB,KCHSTV,GENESIS BASECAMP STOVE
JETB,KCHSTV,GENESIS BASECAMP SYSTEM
JETB,KCHSTV,HALFGEN BASECAMP SYSTEM
JETB,KCHSTV,MICROMO CARBON
JETB,KCHSTV,MICROMO TAMALE
JETB,KCHSTV,MIGHTYMO
JETB,KCHSTV,MINIMO ADVENTURE
JETB,KCHSTV,MINIMO CAMO
JETB,KCHSTV,MINIMO CARBON
JETB,KCHSTV,MINIMO SUNSET
JETB,KCHSTV,POT SUPPORT
JETB,KCHSTV,STASH COOKING SYSTEM
JETB,KCHSTV,SUMO CARBON
JETB,KCHSTV,TRAILCOOK 1.2 L
JETB,KCHSTV,TRAILCOOK 2.0 L
JETB,KCHSTV,ZIP 0.8 L
JETB,KCTCW ACS,WINDGUARD ACCESSORY
JETB,KITCW,1L TALL SPARE CUP
JETB,KITCW,"FRYPAN 10"" CERAMIC"
JETB,KITCW,SUMMIT SKILLET
JETB,KITCW ACS,POT SUPPORT 2.0
JETB,KITTW,JETBOIL JETGAUGE
JETB,KITTW,ZIP 0.8 L
JETB,KITTW CUT,TRAILSPOON
JETB,KITTW CUT,TRAILWARE 3-PC SET
JT,TLTBLM,JT CLIMBING SALVE 15ML
JT,TLTBLM,JT CLIMBING SALVE 50ML
JT,TLTBLM,JT CYCLING SALVE 15ML
JT,TLTBLM,JT CYCLING SALVE 50ML
JT,TLTBLM,JT HEALING SALVE 15ML
JT,TLTBLM,JT HEALING SALVE 50ML
JT,TLTBLM,JT HIKERS SALVE 15ML
JT,TLTBLM,JT HIKERS SALVE 50ML
JT,TLTBLM,JT PADDLERS SALVE 50ML
JT,TLTCRM,AFTER SUN 2OZ LOTION
JT,TLTCRM,ARNICA AFTERSPORT 2OZ
JT,TLTCRM,ARNICA AFTERSPORT 3.3OZ
JT,TLTCRM,JT AFTER SPORT RECOVERY LOTION
JT,TLTCRM,JT SPF30 LOTION 2OZ
JT,TLTCRM,JT SPF30 LOTION 4OZ
JT,TLTCRM,JT ULTRA HEALING LOTION
JT,TLTLIP,JT CBD LIP MIX
JT,TLTLIP,JT LIP BALM
JT,TLTLIP,JT LIP BALM PUMPKIN PIE
JT,TLTSOP,3OZ CITRUS BODY WASH
JT,TLTSOP,3OZ LAVENDER BODY WASH
JT,TLTSOP,3OZ TEA TREE+MINT BODY WASH
JT,TLTSOP,CITRUS BODY WASH
JT,TLTSOP,JT CAMP SOAP 2OZ
JT,TLTSOP,LAVENDER HIPPY SOAP
JT,TLTSOP,SPICED HIPPY SOAP
JT,TLTSOP,TEA TREE + MINT BODY WASH
JT,TLTSUNALO,AFTER SUN LOTION
JT,TLTSUNBLK,JT SPF15 WINTER STICK
JT,TLTSUNBLK,JT SPF33 SUN STICK
JT,TLTSUNBLK,JT SPF50 SUN STICK
JT,TLTSUNBLK,STICK - MISC.
KATDYN,FODFRZ,3 CHEESE CHICKEN PASTA
KATDYN,FODFRZ,ALPINE MINESTRONE
KATDYN,FODFRZ,BEEF DICED COOKED FD
KATDYN,FODFRZ,BLUEBERRY HONEY GRANOLA W/MILK
KATDYN,FODFRZ,CHICKEN DICED COOKED FD
KATDYN,FODFRZ,CHKN & VEGIE GRAVY W/ MASHED P
KATDYN,FODFRZ,MASHED POTATO W/CHEDDAR CHIVES
KATDYN,FODFRZ,MESQUITE BBQ CHKN W/BEANS RICE
KATDYN,FODFRZ,MOUNTAIN CHILI
KATDYN,FODFRZ,PASTA ROMA
KATDYN,FODFRZ,PEPPER BEEF W/RICE
KATDYN,FODFRZ,PINEAPPLE ORANGE CHIKEN
KATDYN,FODFRZ,RICE BURRITO BOWL W/CHICKEN
KATDYN,FODFRZ,STRAWBERRY GRANOLA W/MILK
KATDYN,FODFRZ,THREE BEAN CHILI
KATDYN,KCHSTV,CRUX LITE STOVE
KATDYN,KCHSTV,CRUX STOVE
KATDYN,KITTW,TITANIUM 3PCS CUTLERY SET
KATDYN,KITTW,TITANIUM FOLDING LONG SPOON
KATDYN,KITTW,TITANIUM FOLDING SPORK
KATDYN,KITTW,TITANIUM SPORK
KATDYN,WTRFLT,CAMP SERIES ADAPTER
KATDYN,WTRFLT,GRAVITY CAMP 6LTR
KATDYN,WTRFLT,GUIDE CARTRIDGE
KATDYN,WTRFLT,HIKER MICRO FILTER
KATDYN,WTRFLT,HIKER PRO BLACK
KATDYN,WTRFLT,HIKER PRO REPL CARTRIDGE
KATDYN,WTRFLT,MICROPUR MP1 PURIFICATION TAB
KATDYN,WTRFLT,MY BOTTLE PURIFIER - RED SPLAS
KATDYN,WTRFLT,VARIO CERAMIC DISC
KATDYN,WTRFLT,VARIO MICROFILTER
KATDYN,WTRFLT,VARIO REPLACEMENT CARTRIDGE
KATEB,FODBAR,DARK CHOCOLATE CHERRY ALMOND
KATEB,FODBAR,LEMON COCONUT
KATEB,FODBAR,OATMEAL CRANBERRY ALMOND
KATEB,FODBAR,PEANUT BUTTER BROWNIE
KATEB,FODBAR,PEANUT BUTTER CUP
KATEB,FODBAR,PEANUT BUTTER DARK CHOCOLATE
KATEB,FODBAR,PEANUT BUTTER HEMP FLAX
KATEB,FODBAR,PEANUT BUTTER MILK CHOCOLATE
KATEB,FODBAR,PUMPKIN SPICE
KATEB,FODBAR,SNICKERDOODLE
KATEB,FODBAR,WHITE CHOCOLATE MACADAMIA
KAYA,CLOWMNSHI,G'S GONE WIDE SS
KDA,BOOKS,CLASSIC DAY HIKES JT NAT'L PAR
KDA,BOOKS,JOSHUA TREE CLIMBING
KDA,BOOKS,SHELF ROAD CLIMBING
KDA,BOOKS,THE BLACK CANYON GUIDE
KDA,BOOKS,THE NEEDLES CLIMBING
KELLYK,KITCW,LARGE KETTLE - SS BASECAMP
KELSEY,BOKHIK,HIKE/BIKE & EXPLORE CANYONLAND
KELSEY,BOKHIK,HIKING & EXPLORING PARIA RIVER
KELSEY,BOOKS,BOATER'S GUIDE LAKE POWELL II
KELSEY,BOOKS,HIKING & EXPLORING SAN RAFAEL
KELSEY,BOOKS,NON-TECH CANYON HIKING GUIDE
KELSEY,BOOKS,RIVER GUIDE CANYONLANDS NATL
KELSEY,BOOKS,TECH CANYON COLORADO PLATEAU
KELSEY,BOOKS,TECH SLOT CANYON GUIDE TO CO P
KELTY,AUTPAXSTR,CAR-GO-BOX
KELTY,AUTTAR,TRASH PAK
KELTY,FURCHR,CAMP CHAIR
KELTY,FURCHR,CAMP GALLEY DELUXE
KELTY,FURCHR,DELUXE LOUNGE CHAIR
KELTY,FURCHR,ESSENTIAL CHAIR
KELTY,FURCHR,LOVESEAT
KELTY,FURCHR,LOW LOVESEAT NEST
KELTY,FURCHR,LOW-LOVESEAT
KELTY,FURCHR,LOWDOWN CHAIR
KELTY,FURCHR,LOWDOWN COT
KELTY,FURCHR,LOWDOWN COUCH
KELTY,FURCHR,RAD-ARONDACK CHAIR
KELTY,FURCHR,RAD-ARONDACK TABLE
KELTY,FURCHR,SPILL-ENDER
KELTY,FURCHR,WINDOW SEAT
KELTY,HIKPOL,RANGE 2.0
KELTY,HIKPOL,UPSLOPE 1.0
KELTY,HIKPOL,UPSLOPE 2.0
KELTY,HIKPOLTIP,RUBBER TIP - PAIR
KELTY,KCHCW ACS,CHEF ROLL
KELTY,KCHMSC,CAMP GALLEY
KELTY,MISCHIK,SCREE
KELTY,OLD,LOVESEAT
KELTY,PAKACS,GIDDY 3L - GRISAILLE/ELM
KELTY,PAKACS,GIDDY 3L - REFLECTING POND/DUL
KELTY,PAKACS,STUB 1L - GINGERBREAD/REFLECTI
KELTY,PAKACS,STUB 1L - GRISAILLE/ELM
KELTY,PAKACS,SUNNY 5L - GINGERBREAD/REFLECT
KELTY,PAKACS,SUNNY 5L - POSEY GREEN/ELM
KELTY,PAKACS,WARBLER ASPHALT
KELTY,PAKACS,WARBLER LYONS BLUE
KELTY,PAKKID,JOURNEY PERFECTFIT DK SHADOW
KELTY,PAKKID,JOURNEY PERFECTFIT ELITE
KELTY,PAKKID,JOURNEY PERFECTFIT SIGNATURE
KELTY,SLPBAG,CALLISTO KIDS 30 DEG SHORT RH
KELTY,SLPBAG,CATENA 30 DEG REG RH
KELTY,SLPBAG,COSMIC 20 DEG 550 DD SHORT
KELTY,SLPBAG,COSMIC 20 DEG 550 LONG
KELTY,SLPBAG,GALACTIC 30
KELTY,SLPBAG,RAMBLER 50 DEG REG RH FIRED BR
KELTY,SLPBAG,RAMBLER 50 DEG REG RH PEAT
KELTY,SLPBAG,TRU.COMFORT DBLWIDE 20F
KELTY,SLPBAG,WAYBACK 20 DEG
KELTY,SLPBAG,WAYBACK BIGGIE BLANKET
KELTY,SLPBKT,BESTIE BLANKET
KELTY,SLPPAD,KUSH AIR BED
KELTY,TLTCON,LITTER G'TTER
KELTY,TNTACS,ADJUSTABLE POLE
KELTY,TNTACS,STAFF POLE  ALUMINUM
KELTY,TNTCAR,DISCOVERY TRAIL 2
KELTY,TNTCAR,DISCOVERY TRAIL 3
KELTY,TNTCAR,FAR OUT 2 W/ FOOTPRINT
KELTY,TNTCAR,FAR OUT 3 W/ FOOTPRINT
KELTY,TNTCAR,GRAND MESA 2
KELTY,TNTCAR,GRAND MESA 4
KELTY,TNTCAR,HIGHROADS SHELTER
KELTY,TNTCAR,LATE START 1
KELTY,TNTCAR,LATE START 2
KELTY,TNTCAR,LATE START 4
KELTY,TNTCAR,RUMPUS 6P
KELTY,TNTPRV,CABANA
KELTY,TNTPRV,H2GO PRIVACY SHELTER
KELTY,TNTPRV,H2GO PRIVACY SHELTERM - JBPG
KELTY,TNTSUN,NOAH'S TARP 12
KELTY,TNTSUN,NOAH'S TARP 16
KELTY,TNTSUN,NOAH'S TARP 9
KELTY,TNTSUN,SUNSHADE W/ SIDE WALL
KELTY,TNTTRP,WAYPOINT  TARP
KELTY,TNTTRP,WAYPOINT TARP
KERSHW,TOLKNF,ALIGN
KERSHW,TOLKNF,BARRICADE
KERSHW,TOLKNF,CHILL - LINER LOCK
KERSHW,TOLKNF,CLASH-BLK/BLK SERRATED
KERSHW,TOLKNF,CQC-3K
KERSHW,TOLKNF,CQC-6K D2
KERSHW,TOLKNF,DESCHUTES SKINNER
KERSHW,TOLKNF,DESCHUTES SKINNER GUT HOOK
KERSHW,TOLKNF,EMERSON CQC-6K D2
KERSHW,TOLKNF,EMERSON CQC-7K
KERSHW,TOLKNF,FRINGE
KERSHW,TOLKNF,KINDRED
KERSHW,TOLKNF,KORRA
KERSHW,TOLKNF,LAUNCH 16-ALUM BLK/M4 TANTO BL
KERSHW,TOLKNF,LAUNCH 16-ALUM COATED OL/M4 TA
KERSHW,TOLKNF,LEEK
KERSHW,TOLKNF,LEEK - OLIVE DRAB
KERSHW,TOLKNF,LEEK - ORANGE
KERSHW,TOLKNF,LEEK - PURPLE
KERSHW,TOLKNF,LEEK - SS SERRATED
KERSHW,TOLKNF,LEEK - STAINLESS STEEL
KERSHW,TOLKNF,LEEK-OLIVE
KERSHW,TOLKNF,LEEK-ORANGE
KERSHW,TOLKNF,LEEK-TEAL
KERSHW,TOLKNF,LINK - TANTO
KERSHW,TOLKNF,LIVEWIRE-ALUM BLK/MAGNACUT DOU
KERSHW,TOLKNF,MINI IRIDIUM
KERSHW,TOLKNF,MISDIRECT
KERSHW,TOLKNF,NATRIX
KERSHW,TOLKNF,NATRIX - COPPER
KERSHW,TOLKNF,OSO SWEET
KERSHW,TOLKNF,SANCTUM
KERSHW,TOLKNF,SCALLION
KERSHW,TOLKNF,SCALLION STARIGHT
KERSHW,TOLKNF,SHUFFLE
KERSHW,TOLKNF,SKINNING KNIFE
KERSHW,TOLKNF,STARTER
KIND,FODBAR,ALMOND & COCONUT
KIND,FODBAR,CARAMEL ALMOND & SEA SALT
KIND,FODBAR,DARK CHOCO NUTS &  SEA SALT
KIND,FODBAR,DARK CHOCOLATE CHERRY CASHEW
KIND,FODBAR,PEANUT BUTTER DARK CHOCOLATE
KLEANK,CMPWB,X 20OZ CAFÉ INS WIDE
KLEANK,DW ACS,X 12OZ KID CLASSIC SPORT CAP
KLEANK,DW ACS,X CAFE CAP 2.0 WIDE
KLEANK,DW ACS,X KID SIPPY CAP KID
KLEANK,DW ACS,X SPORT CAP FOR CLASSIC
KLEANK,DW BOTMTL,X 12OZ INS KID CLASSIC LOOPCAP
KLEANK,DW BOTMTL,X 12OZ INS TKWIDE CAFE CAP
KLEANK,DW BOTMTL,X 18OZ CLASSIC SPORT CAP
KLEANK,DW BOTMTL,X INSULATED CLASSIC NARROW12OZ
KLEANK,DW BOTMTL,X WIDE LOOP CAP BLACK
KNDDES,CLOMENSHT,COLORADO RIVER SHORT/MOAB
KNEED,FW ACSINS,KNEEDO2
KOI,RVRMSC,3-POINT THIGH-STRAP KIT
KOI,RVRMSC,DELTA DECK PACK - BLACK
KOI,RVRMSC,KOKOPELLI XPD
KOI,RVRMSC,KOKOPELLI XPD - OLIVE GREEN
KOI,RVRMSC,NIRVANA SELF-BAILING W TZIP
KOI,RVRMSC,RECON SELF-BAILING - ARCTIC BL
KOI,RVRMSC,ROGUE-LITE - YELLOW
KOI,RVRMSC,XPD W/ TIZIP - FIRE RED
KOI,RVRMSC,XPD W/ TIZIP - OLIVE GREEN
KSANDS,BOOKS,DESERT SOLITAIRE
KSANDS,BOOKS,MONKEY WRENCH GANG
KTOOLA,FW ACSGTR,INSTAGAITER LOW
KTOOLA,FW ACSGTR,INSTAGAITER MID
KUJU,FODCOF,KUJU ANGELS LANDING
KUJU,FODCOF,KUJU BASECAMP BLEND
KUJU,FODCOF,KUJU BOLD AWAKENING
KUJU,FODCOF,KUJU CLOUD CREAMER
KUJU,FODCOF,KUJU ETHIOPIA
KUJU,FODCOF,KUJU PAPUA NEW GUINEA
KUJU,FODCOF,KUJU SUMMIT STEEPER
L40MAP,MAP,CB-ASPEN GUNNISON TRAILS 6TH E
L40MAP,MAP,CLASSIC MOAB TRAILS
L40MAP,MAP,FRUITA GRAND JUNCTION REC MAP
L40MAP,MAP,MOAB EAST TRAIL MAP 7TH
L40MAP,MAP,MOAB SINGLETRACK 3RD ED
L40MAP,MAP,MOAB WEST TRAIL MAP 6TH
L40MAP,MAP,SOUTHWEST COLORADO
LAIDB,CLOMENSHI,AIRBORNE JEEP
LAIDB,CLOMENSHI,ARCADE RAFT
LAIDB,CLOMENSHI,ARCADE RAFT - BLUE SPRUCE S
LAIDB,CLOMENSHI,ARCADE RAFT - BLUE SPRUCE SS
LAIDB,CLOMENSHI,ARCADE RAFT - KHAKI SS
LAIDB,CLOMENSHI,ARCADE RAFT LONG SLEEVE
LAIDB,CLOMENSHI,ARCADE RAFT LONG SLEEVE - PEP
LAIDB,CLOMENSHI,CLEARWATER HCBJ MOAB
LAIDB,CLOMENSHI,INK ALIEN DESERT FLIP
LAIDB,CLOMENSHI,INK FLIP DESERT - ALIEN
LAIDB,CLOMENSHI,INK FLIP DESERT ALIEN
LAIDB,CLOMENSHI,PARKWAY DELICATE
LAIDB,MCHSTK,ALIEN SPACESHIP STICKER
LAIDB,MCHSTK,GEARHEAD LOGO STICKER
LANSKY,TOLACS,BOW SHARP
LANSKY,TOLKNFACS,KNIFE SHARP ROADIE 8N1 KEYCHN
LANSKY,TOLKNFACS,MINI CROCK KNIFE SHARPENER
LANSKY,TOLKNFACS,QUADSHARP SHARPENER
LANSKY,TOLKNFACS,SPYDER SHARPENER
LANSKY,TOLMSC,DUAL GRIT MULTI PURPOSE STONE
LASPO,CLIBAGCHK,CHALLENGER CHALK BAG
LASPO,CLIBAGCHK,GRANITE CHALK BAG
LASPO,CLIBAGCHK,GRANITE CHALK BAG COTM
LASPO,CLIBAGCHK,GRANITE CHALK BAG PRO
LASPO,CLIBAGCHK,NOMAD 40 DUFFEL BAG
LASPO,CLIBAGCHK,NOMAD 70 DUFFEL BAG
LASPO,CLICHK,LA SPORTIVA CHALK FL
LASPO,CLIMSC,HELMET CARRY
LASPO,FW ACSLAC,M'S SHOELACES-TC PRO
LASPO,FW ACSLAC,SHOELACES-APPROACH (147 CM)
LASPO,FW ACSLAC,SHOELACES-APPROACH (173 CM)
LASPO,FW ACSLAC,SHOELACES-CLIMBING (115 CM)
LASPO,FW ACSLAC,SHOELACES-CLIMBING (150 CM)
LASPO,FW ACSLAC,SHOELACES-MYTHOS ECO
LASPO,FW APRMEN,M'S TX4 EVO
LASPO,FW APRMEN,M'S TX4 EVO MID GTX
LASPO,FW APRMEN,M'S TX4 EVO ST
LASPO,FW APRWMN,W'S TX4 EVO
LASPO,FW APRWMN,W'S TX4 EVO MID GTX
LASPO,FW APRWMN,W'S TX4 EVO ST
LASPO,FW CLMMEN,M'S ARAGON
LASPO,FW CLMMEN,M'S FINALE
LASPO,FW CLMMEN,M'S KUBO
LASPO,FW CLMMEN,M'S MYTHOS ECO
LASPO,FW CLMMEN,X M'S ARAGON
LASPO,FW CLMMEN,X M'S SOLUTION COMP
LASPO,FW CLMMEN,X M'S TX3
LASPO,FW CLMUNI,M'S TC PRO
LASPO,FW CLMUNI,MIURA - LIME
LASPO,FW CLMUNI,TC PRO
LASPO,FW CLMUNI,X MIURA - LIME
LASPO,FW CLMWMN,W'S ARAGON
LASPO,FW CLMWMN,W'S FINALE
LASPO,FW CLMWMN,W'S KUBO
LASPO,FW CLMWMN,W'S MYTHOS ECO
LASPO,FW CLMWMN,W'S SOLUTION COMP
LASPO,FW CLMWMN,X M'S MISTRAL
LASPO,FW CLMWMN,X W'S MISTRAL
LASPO,FW CLMWMN,X W'S SOLUTION COMP
LASPO,FW CLMWMN,X W'S TX3
LASPO,FW CLMWMN,X W'S TX4
LASPO,FW HIKMEN,M'S AKYRA II
LASPO,FW HIKMEN,M'S KUBO
LASPO,FW HIKMEN,M'S SKWAMA
LASPO,FW HIKMEN,M'S SKWAMA LITE
LASPO,FW HIKMEN,M'S TX HIKE MID GTX
LASPO,FW HIKWMN,W'S AKYRA II
LASPO,FW HIKWMN,W'S KUBO
LASPO,FW HIKWMN,W'S SKWAMA LITE
LASPO,FW HIKWMN,W'S TX HIKE MID GTX
LASPO,FW RUNMEN,M'S BUSHIDO III
LASPO,FW RUNMEN,M'S PRODIGIO 2
LASPO,FW RUNMEN,W'S BUSHIDO III
LASPO,FW RUNMEN,X M'S PRODIGIO
LASPO,FW RUNWMN,W'S BUSHIDO III
LASPO,FW RUNWMN,W'S BUSHIDO III WIDE
LASPO,FW RUNWMN,W'S PRODIGIO 2
LASPO,FW SANMEN,SWING
LASPO,FWMENCLI,WOMEN'S TX GUIDE
LASPO,PAKBP,CHALLENGER 28 BACKPACK
LASPO,PAKBP,GRANITE 22 BACKPACK
LASPO,PAKBP,GRANITE 32 BACKPACK
LAURIE,BOOKS,UTAH CANYON COUNTRY
LAZERB,LITACS,BATTERIES CR-2032 4PK
LAZERB,LITACS,BATTERIES CR-2032 6PK
LAZERB,LITACS,EMERGENCY RUNNING LIGHTS KIT
LAZERB,LITACS,HELIX BUNGEE
LAZERB,LITACS,MICRO MAG KIT
LAZERB,LITFL,HYBRID - GREEN(ML)/WHITE(SM)
LAZERB,LITFL,MULTI-LUX - BLUE/WHITE
LAZERB,LITFL,MULTI-LUX - GREEN/BLUE
LAZERB,LITFL,MULTI-LUX - GREEN/WHITE
LAZERB,LITFL,MULTI-LUX - ORANGE/YELLOW
LAZERB,LITFL,MULTI-LUX - RED/WHITE
LAZERB,LITFL,MULTI-LUX LHF LED HEAD BLUE
LAZERB,LITFL,MULTI-LUX LHF LED HEAD GRN
LAZERB,LITFL,MULTI-LUX LHF LED HEAD RED
LAZERB,LITFL,MULTI-LUX LHF LED HEAD WHITE
LAZERB,LITFL,SINGLE MODE - BLUE/WHITE
LAZERB,LITFL,SINGLE MODE - GREEN/WHITE
LAZERB,LITFL,SINGLE MODE - RED/BLUE
LAZERB,LITFL,SINGLE MODE - RED/WHITE
LAZERB,LITFL,SINGLE-MODE LED HEAD WHITE
LCI,KITTW,CLIPKNIFE
LCI,KITTW,FOLDINGKNIFE
LCI,KITTW,GO BITES MINI - 3PK BL/GY/GR
LCI,KITTW,GO BITES MINI - 3PK RE/GY/OR
LCI,KITTW,GO BITES UNO - 3PK BL/GY/GR
LCI,KITTW,GO BITES UNO - 3PK RE/GY/OR
LCI,MSCHYG,PIBELLA TRAVEL FEMALE - BLUE
LCI,MSCHYG,PIBELLA TRAVEL FEMALE - GREEN
LCI,MSCHYG,PIBELLA TRAVEL FEMALE - PINK
LCI,TRVACS,3DIAL LOCKING BINER 2PK
LCI,TRVACS,CAPCAP UNIVERSAL BLUE
LCI,TRVACS,COMBO LOCK W/CABLE
LCI,TRVACS,DARABLOCK DLX DOCUMENT ORGANIZ
LCI,TRVACS,DUFFLE BAG - BLACK
LCI,TRVACS,DUFFLE BAG - NAVY
LCI,TRVACS,DUFFLE BAG - RED
LCI,TRVACS,GO BITES UNO - DK BLUE
LCI,TRVACS,GO BITES UNO - LIGHT GREEN
LCI,TRVACS,GOCUP LARGE 8 FL.OZ
LCI,TRVACS,GOCUP SMALL 4 FL.OZ
LCI,TRVACS,GOGIRL LAVENDER
LCI,TRVACS,GOTUBB® 3PK MEDIUM 2OZ
LCI,TRVACS,MISTER BOTTLES 2PK
LCI,TRVACS,RFID DOCUMENT ORGANIZER
LCI,TRVACS,RFID ID HOLDER
LCI,TRVACS,TS® COMBO LOCK
LCI,TRVACS,TS® MINI PADLOCKS SET 2PK
LEKI,HIKPOL,BLACK SERIES CARBON
LEKI,HIKPOL,BLACK SERIES FX CARBON
LEKI,HIKPOL,CRESSIDA CORK LITE
LEKI,HIKPOL,JOURNEY LITE
LEKI,HIKPOL,KHUMBU LITE
LEKI,HIKPOL,KHUMBU LITE AS
LEKI,HIKPOL,LEGACY LITE
LEKI,HIKPOL,LHASA
LEKI,HIKPOL,MAKALU CORK FX TA
LEKI,HIKPOL,MAKALU CORK LITE
LEKI,HIKPOL,MAKALU FX CARBON
LEKI,HIKPOL,SKYTERA FX CARBON SL
LEKI,HIKPOL,SKYTERA FX CARBON SL COMPACT
LEKI,HIKPOL,SUPER MICRO
LEKI,HIKPOL,VOYAGER
LEKI,HIKPOL,WANDERFREUND MAKALU
LEKI,HIKPOLTIP,RUBBER WALKING TIP
LEKI,MSCHP,RUBBER TIP ATTACHMENT
LEXCC,WTRCONACS,MWC CAP ONLY
LEXCC,WTRCONACS,SCEPTER WATER CAN CAP
LEXCC,WTRCONHRD,DISPENSING SPOUT
LEXCC,WTRCONHRD,SCEPTER MILITARY W-CAN 10L
LEXCC,WTRCONHRD,SCEPTER MILITARY W-CAN 20L
LIQUID,FODPOW,LIQUID IV
LLGS,CLOMENSHI,"MOAB, DELICATE ARCHES - CHAR"
LLGS,CLOMENSHI,"MOAB, DUDE CAT - HT NAVY"
LM,BUCLID,BUCKET LID 5 GAL
LM,BUCLID,GAMMA SEAL 5 GAL BUCKET LID
LM,CLABAN,BANDANA - FASHION LIGHT
LM,CLABAN,BANDANA - REG
LM,CLABAN,BANDANA - SPECIALTY
LM,CLABAN,BANDANA HAV-A-HANK
LM,CLAGLVSUN,ISLAMORADA SUN GLOVE
LM,CLAGLVSUN,PADDLE GLOVE 3/4 FINGER
LM,CLAHATCAP,HIKER/JOGGER CAP KHAKI
LM,CLAHATCAP,HIKER/JOGGER CAP OLIVE
LM,CLAHATCAP,RACE HAT
LM,CLAHATCAP,TASLON UV LG BILL CAP WHITE OS
LM,CLAHATWNT,ACRYLIC BEANIE
LM,CLAHATWNT,ADRENALINE SKULLY ADULT
LM,CLAHATWNT,CROSSOVER BEINE
LM,CLAHATWNT,MERINO WOOL NUKA
LM,CLAHATWNT,UNIFORM MID BEINE
LM,CLANB,AQUA COOL
LM,CLARN PON,EMERGENCY PONCHO ASST
LM,CLARN PON,PEREGRINE LW PONCHO
LM,CLAWAL,WATERTIGHT WALLET
LM,CLIATCBLT,SINGING ROCK 10MM BOLTHANGER
LM,CLIBELGLS,BELAY GLASSES
LM,CLIESS,BEAL ROPE DEFENDER
LM,CLIHW,QUICK LINK HALFMOON STEEL 25KN
LM,CLIMSC,BEAL ROPE END MARKING KIT
LM,CLIMSC,ROPE BRUSH - BEAL
LM,CLIMSC,ROPE BRUSH - EDELWEISS
LM,CLOBLTMEN,M'S BI-PLY CREW
LM,CLOKIDBL,K'S POLY PANT
LM,CLOKIDBL,K'S POLY TOP
LM,CLOWMNBL,W'S POLY TOP
LM,CLOWMNBL,X W'S BI-PLY CREW
LM,DW ACS,BOTTLE OPENER - CLIMBER
LM,DW ACS,BOTTLE OPENER - LIZARD
LM,DW ACS,NALGENE - GRIP-N-GULP REP VLV
LM,DW ACS,NALGENE LID NM LOOP TOP
LM,DW ACS,NALGENE LID WM LOOP TOP ASST
LM,DW ACS,NALGENE WM LOOP-TOP LID
LM,DW ACS,SPLASHGUARD - ASST
LM,DW ALCFSK,FLASK GLACIER BLUE 12OZ
LM,DW BOTKID,NALGENE - KID 12OZ GRIP-N-GULP
LM,DW BOTMTL,NALGENE - WM CANTENE 96 OZ
LM,DW BOTPLA,NALGENE - NM 16 OZ SUSTAIN
LM,DW BOTPLA,NALGENE - NM 32 OZ SUSTAIN
LM,DW BOTPLA,NALGENE - NM HDPE 16 OZ
LM,DW BOTPLA,NALGENE - NM HDPE 32 OZ
LM,DW BOTPLA,NALGENE - WM 16 OZ SUSTAIN
LM,DW BOTPLA,NALGENE - WM 32 OZ SUSTAIN
LM,DW BOTPLA,NALGENE - WM 32 OZ SUSTAIN DS
LM,DW BOTPLA,NALGENE - WM 48OZ SUSTAIN SILO
LM,DW BOTPLA,NALGENE - WM HDPE 32 OZ
LM,DW BOTPLA,NALGENE - WM HDPE SILO 48 OZ
LM,DW INS,NALGENE INS BOT SLEEVE 32 OZ
LM,DW MUG,CAMP MUG 12 OZ
LM,DW MUG,OLI SPACE SAVER MUG
LM,DW SFT,NALGENE - WM CANTENE 32 OZ
LM,DW SFT,NALGENE - WM CANTENE 48 OZ
LM,ELTBATSU,ENERGIZER NIMH AA 4PK
LM,ELTCAMACS,GORILLA POD 1K - CAMERA STAND
LM,ELTCAMACS,GORILLAPOD ACTION TRIPOD/GOPRO
LM,ELTFAN,FAN W/ LIGHT CPX C002
LM,ELTRAD,TALKABOUT T110 TWIN PACK
LM,ELTRAD,TALKABOUT T380 MOTOROLA
LM,ELTRAD,TALKABOUT T383 MOTOROLA
LM,ELTSPK,BUCKSHOT 2.0 BLUTOOTH SPEAKER
LM,ELTWAT,MINI DIGITAL CLIP AQUA
LM,ELTWAT,TIMEX 10LP FS - BLACK
LM,EYECLN,CAT CRAP SPRAY CLEANER
LM,FIRCND,BEESWAX CANDLES 3PK
LM,FIRKIT,EMERGENCY FIRE KIT
LM,FIRKIT,FIRE STARTING COMBO KIT
LM,FIRKIT,FIRESTARTING KIT
LM,FIRLGH,MK - CAMPER E LIGHTER
LM,FIRLGH,MK - ECO LIGHTER
LM,FIRLGH,MK - LANTERN LIGHTER
LM,FIRLGH,MK - NAVIGATOR LIGHTER
LM,FIRLGH,MK - WILLOW LIGHTER
LM,FIRLGH,MK LIGHTER - ALPINE EXPLR
LM,FIRLGH,MK LIGHTER - ALPINE SINGLE
LM,FIRLGH,MK LIGHTER - LANTERN LIGHT 4PK
LM,FIRLGH,MK LIGHTER - SUNSET 1 PACK
LM,FIRLGH,MK LIGHTER - WILLOW LIGHTER
LM,FIRLGH,ZIPPO LIGHTER
LM,FIRLGH,ZIPPO WINDPROOF LIGHTER
LM,FIRMSC,MAGIC BELLOW STICK 6 SECTION
LM,FIRPIT,BAREBONES FIRE PIT
LM,FIRPIT,KAMOTO OPENFIRE PIT LARGE
LM,FODBAR,BEAN SALSA HABANERO TAMALE
LM,FODBAR,BEAN SALSA ROJA TAMALE
LM,FODBAR,BEAN SALSA VERDE TAMALE
LM,FODPOW,ELETE ELECTROLYTE
LM,FODPOW,ELETE REFILL 18.3OZ
LM,FODPOW,GATORADE FRUIT-PUNCH
LM,FODPOW,GATORADE LEMON-LIME
LM,FODPOW,LIQUID IV
LM,FODTAB,SPORTLEGS 120CT BOTTLE
LM,FODTAB,SPORTLEGS 5CT PACKET
LM,FULACS,FLIPFUEL FUEL TRANSFER DEVICE
LM,FULDNA,DENATURED ALCOHOL 1 QT
LM,FULLTF,MK - LIGHTER REFILL
LM,FULWG,COLEMAN WHITE GAS - 1 GAL
LM,FULWG,OLICAMP ROCKET FUEL - 100G
LM,FULWG,OLICAMP ROCKET FUEL - 230G
LM,FULWG,OLICAMP ROCKET FUEL - 450G
LM,FULWG,POWER GAS - 100G
LM,FULWG,POWER GAS - 230G
LM,FULWG,POWER GAS - 450G
LM,FULWG,POWER GAS S.I.P. - 230G
LM,FULWG,POWER GAS S.I.P. - 450G
LM,FW ACSGTR,INSTA GAITER MID
LM,FW ACSGTR,LEVA GAITER TALL
LM,FW ACSGTR,NYLON GAITERS
LM,FW ACSGTR,X INSTA GAITER MID
LM,FW ACSLAC,ATHLETIC FLAT LACE
LM,FW ACSLAC,ATHLETIC OVAL LACE
LM,FW ACSLAC,"BOOT LACE - 48"""
LM,FW ACSLAC,"BOOT LACE - 60"""
LM,FW ACSLAC,"BOOT LACE - 72"""
LM,FW ACSLAC,"HEAVY DUTY BOOT LACES 45"""
LM,FW ACSLAC,"HEAVY DUTY BOOT LACES 60"""
LM,FW ACSLAC,"HEAVY DUTY BOOT LACES 72"""
LM,FW ACSLAC,"STAY-TY WAXED BOOT LACES - 54"""
LM,FW ACSLAC,"STAY-TY WAXED BOOT LACES - 72"""
LM,FW ACSSPK,W'S HIKE SERIES SNOW SHOE
LM,GAM,MILLER PLANISPHERE 22N/5.5
LM,GAMBRD,MAVERICK PLAYING CARDS
LM,GAMBRD,REGULAR DICE 5
LM,GAMDSCFRS,"AEROBIE PRO RING 13"""
LM,GAMDSCFRS,"AEROBIE SPRINT RING 10"""
LM,GAMDSCFRS,FRISBEE COASTER RING
LM,GAMDSCFRS,FRISBEE CYPHER RECYCLED 175 G
LM,GAMDSCFRS,FRISBEE EURABLEND FAST
LM,GAMDSCFRS,FRISBEE SKULBOY UL WARRIOR 175
LM,GAMDSCFRS,FRISBEE U-MAX EVO 175G
LM,GAMDSCFRS,FRISBEE U-MAX GLOW ITD
LM,GAMDSCFRS,FRISBEE UMAX HDX 165G
LM,GAMMUS,FOLKMASTER HARMONICA
LM,GAMPAN,"GOLD PAN 10.5"""
LM,GAMPAN,"GOLD PAN 14"""
LM,GAMPAN,"GOLD PAN 17"""
LM,GAMSAC,BOOTA BAG FOOTBAG
LM,GAMSAC,JESTER FOOTBAG
LM,GAMSAC,SACK SQUATCH FOOTBAG
LM,HATSUN,MOJAVE SUN HAT
LM,HIKPOL,"HICKORY HIKING STAFF 54"""
LM,HOTBUD,BUDDY FLEX HEATER
LM,HOTBUD,BUDDY HEATER - BIG
LM,HOTBUD,BUDDY HEATER - LITTLE
LM,HOTBUD,BUDDY HEATER - PORTABLE
LM,HOTTOE,GRABBER TOE WARMER
LM,HOTTOE,TOASTI-TOE INSOLE WARMER 1PK
LM,KCHCLN,FLEXWARE TUB
LM,KCHCW ACS,FLATPACK NESTING GRILL TOOLS
LM,KCHCW ACS,OPENFIRE SPATULA
LM,KCHCW ACS,TOASTER
LM,KCHCW GRL,FLATPACK GRILL
LM,KCHCW GRL,FLATPACK GRILL MINI
LM,KCHCW RST,EXTENSION FORK
LM,KCHCW RST,SUPER DUTY WIENER FORK
LM,KCHFS,NALGENE - KITCHEN JAR 16 OZ
LM,KCHFS,NALGENE - KITCHEN JAR 4 OZ
LM,KCHFS,NALGENE - KITCHEN JAR 8 OZ
LM,KCHFS,NALGENE - POLYPRO JAR 1 OZ
LM,KCHFS,NALGENE - POLYPRO JAR 2 OZ
LM,KCHFS,NALGENE POLYPROPYLENE JAR 4OZ
LM,KCHFS,NALGENE POLYPROPYLENE JAR 8 OZ
LM,KCHFS,"OPSAK BARRIER BAG 12"" X 20"""
LM,KCHFS,"OPSAK BARRIER BAG 7"" X 7"""
LM,KCHFS,"OPSAK BARRIER BAG 9"" X 10"""
LM,KCHFS,OPSAK ODOR PROOF BAG 28X20
LM,KCHFS,OPSAK ODOR PROOF BAGS MULTI
LM,KCHSNK,FLEXWARE SINK
LM,KCHSTV,3 LARGE MANTLE
LM,KCHSTV,3 MEDIUM MANTLES
LM,KCHSTV,DOUBLE BURNER CARRY BAG
LM,KCHSTV,ELECTRON STOVE + XTS POT
LM,KCHSTV,ESSENTIAL STOVE 1.3L SET
LM,KCHSTV,ESSENTIAL TRAIL BACKPACK STOVE
LM,KCHSTV,ESSENTIAL TRAIL STOVE KIT
LM,KCHSTV,ETAEXPRESS W/1L POT/FRY PAN LI
LM,KCHSTV,ETASOLO W/ .9L POT-HEAT WRAP/H
LM,KCHSTV,EXPRESS STOVE WITH PIEZO
LM,KCHSTV,EXPRESS TI W. PIEZO IGNITOR
LM,KCHSTV,FIREHOLE 200
LM,KCHSTV,HOSE WITH VALVE FOR 3299/3204
LM,KCHSTV,LINDAL VALVE ADAPTOR
LM,KCHSTV,MICRON III STOVE
LM,KCHSTV,MICRON LANTERN GLASS
LM,KCHSTV,MOJA SINGLE BURNER STOVE
LM,KCHSTV,OLI KINETIC TI STOVE/POT COMBO
LM,KCHSTV,OLI KINETIC ULTRA TITAN STOVE
LM,KCHSTV,OLI VECTOR STOVE
LM,KCHSTV,OLI VECTOR STOVE+ LT POT COMBO
LM,KCHSTV,ONE BURNER BUTANE STOVE
LM,KCHSTV,PRIMUS CLASSIC TRAIL STOVE
LM,KCHSTV,PRIMUS EXPRESS STOVE W/PIEZO
LM,KCHSTV,PROFILE 2 BURNER CAMP STOVE
LM,KCHSTV,PROFILE DUAL ONE BURNER W/GRIL
LM,KCHSTV,PROPANE CONVERTER HOSE
LM,KCHSTV,PROPANE STOVE 1 BURNER
LM,KCHSTV,SERVICE & MAINTENANCE KIT FOR
LM,KCHSTV,SPIRIT BURNER W/ SCREWCAP
LM,KCHSTVACS,C&H VACCUM BOTTLE .35L
LM,KCHSTVACS,CYLINDER BASE
LM,KCHSTVACS,ERGO PUMP MAINTENANCE KIT
LM,KCHSTVACS,FILLING ADAPTOR
LM,KCHSTVACS,FUEL BOTTLE .35L
LM,KCHSTVACS,FUEL BOTTLE .35L RED
LM,KCHSTVACS,FUEL BOTTLE .6L
LM,KCHSTVACS,FUEL BOTTLE .6L RED
LM,KCHSTVACS,FUEL BOTTLE 1.5L
LM,KCHSTVACS,FUEL BOTTLE 1.5L RED
LM,KCHSTVACS,FUEL BOTTLE 1L - RED
LM,KCHSTVACS,FUEL BOTTLE CAP
LM,KCHSTVACS,FUEL BOTTLE CAP CHILD SAFE
LM,KCHSTVACS,IGNITION STEEL LARGE
LM,KCHSTVACS,MINI WINDSHIELD
LM,KCHSTVACS,PRIMUS C&H VAC BOTTLE QS LID
LM,KCHSTVACS,PRIMUS PROFILE HOSE REGULATOR
LM,KCHSTVACS,SAFETY VALVE FOR MULTI FUEL BO
LM,KCHSTVACS,VAC BOTTLE W/ QUICK STOP SEAL
LM,KCHSTVACS,VAC BOTTLE W/QS SEAL LID & MUG
LM,KCHSTVACS,WIDESCREEN HEATREFLECTOR SET
LM,KCHTW BWL,BUDDY'S TRAVEL BOWL
LM,KCHTW BWL,CAMPFIRE BOWL SMALL
LM,KCHTW BWL,PREPPING BOWL W/ LID 1L SS
LM,KCHTW CUT,CAMPFIRE TONGS
LM,KCHTW CUT,PICNIC FORK MIX
LM,KCHTW KIT,CAMPFIRE SERVING KIT
LM,KCHTW KIT,LEISURE CUTLERY KIT BOX
LM,KCHTW PLT,CAMPFIRE PLATE
LM,KCHTW PLT,CAMPFIRE PLATE S/S
LM,KITCO,LITECH FRYING PAN
LM,KITCW,CAMPFIRE FRYING PAN
LM,KITCW,CRIMPOT GRIPPER CAMPFIRE CUTTI
LM,KITCW,ESSENTIAL POT SET 1.3L
LM,KITCW,ROASTER TOASTER FORKS
LM,KITTW,LEISURE CUTLERY KIT
LM,KITTW,LW TRAILCUTLERY BLACK
LM,KITTW,LW TRAILCUTLERY BLUE
LM,KITTW,LW TRAILCUTLERY RED
LM,KITTW,LW TRAILCUTLERY TANG.
LM,KITTW CUT,ECO UTILITY SPORK
LM,KITTW CUT,LONG TITANIUM SPORK
LM,KITTW CUT,TITANIUM SPOON/FORK/KNIFE SET
LM,KITTW CUT,TITANIUM SPORK ULV
LM,KITTWCUT,CAMPFIRE CUTLERY SET
LM,LITFL,MAG 4 D CELL FLASHLIGHT
LM,LITHL,SILVA HEADLAMP BATTERY HYBRID
LM,LITHL,SILVA SMINI 250 LUMEN HEADLAMP
LM,LITHL,SILVA TERRA SCOUT X HEADLAMP
LM,LITLAN,CANDELIER REPL GLOBE
LM,LITLAN,GLOBE STRAIGHT 290 C006
LM,LITLAN,INSTA-CLIP MANTLES #21 2PK
LM,LITLAN,MANTLE ROSETTE SLIP ON 2PK C01
LM,LITLAN,REGULATOR SKINPACK 5430
LM,LITLAN,SPRIGHT RECHARGEABLE LANTERN
LM,LITLAN,SPRIGHT SOLAR USB LED LANTERN
LM,MAPBOK,ATLAS - ARIZONA
LM,MAPBOK,ATLAS - ARIZONA RECREATION
LM,MAPBOK,ATLAS - COLORADO
LM,MAPBOK,ATLAS - COLORADO RECREATION
LM,MAPBOK,ATLAS - UTAH
LM,MCHSTK,FORGETME KNOT STICKER
LM,MSCHYG,SOL 20L SOLAR SUMMER SHOWER
LM,PAKCOV,PACK COVER 15-35L
LM,PAKCOV,PACK COVER 25-40L
LM,PAKCOV,PACK COVER 40-60L
LM,PAKCOV,PACK COVER 60-80L
LM,PETBWL,DOG BOWL SQUISHY LG 48 OZ
LM,PETBWL,DOG BOWL SQUISHY MD 32 OZ
LM,PETBWL,DOG BOWL SQUISHY SM 24 OZ
LM,PETBWL,DOG COLLAPS-A-BOWL
LM,PETBWL,DOG DISC FLYING DOG
LM,PETBWL,DOG DISC SUPER FLEX
LM,PETCRP,DOG EF WASTE BAGS 3PK
LM,PETCRP,DOG EF WASTE BAGS 8PK
LM,RPR,"1"" FIELD REPAIR TENSION LOCK"
LM,RPR,"1"" SNAPHOOK ASSEMBLY"
LM,RPRMSC,BARGE CEMENT TOLUENE FREE 2 OZ
LM,RPRMSC,SHOE GOO
LM,RPRPRO,303 FABRIC GUARD 16OZ
LM,RPRPRO,303 PROTECTANT 10OZ
LM,RPRPRO,303 PROTECTANT 16OZ
LM,RPRPRO,303 PROTECTANT 2OZ
LM,RPRPRO,SILICONE WATER GUARD AEROSOL
LM,RPRSEW,SPEEDY STITCHER 8 CURVED NEEDL
LM,RPRSEW,SPEEDY STITCHER CLAM PACK
LM,RPRTAP,3M SCOTCH DUCT TAPE
LM,RPRTAP,K-TAPE RIPSTOP
LM,RPRTAP,K-TAPE RIPSTOP - ASST
LM,RPRTAP,K-TAPE TAFFETA - ASST
LM,RPRTAP,KLEAR REPAIR TAPE
LM,RPRTNT,TEAR-AID TYPE A FAB PATCH KIT
LM,RPRTNT,TEAR-AID TYPE B VINL PATCH KIT
LM,RVRCAS,PELICAN CASE 1120
LM,RVRCAS,PELICAN CASE 1150
LM,RVRCAS,PELICAN CASE 1200
LM,RVRCAS,PELICAN CASE 1300
LM,RVRCAS,PELICAN CASE 1400
LM,RVRCAS,PELICAN CASE 1450
LM,RVRCAS,PELICAN CASE 1500
LM,RVRCAS,PELICAN MICRO CASE 1010
LM,RVRCAS,PELICAN MICRO CASE 1020
LM,RVRCAS,PELICAN MICRO CASE 1030
LM,RVRCAS,PELICAN MICRO CASE 1040
LM,RVRCAS,PELICAN MICRO CASE 1050
LM,RVRCAS,PELICAN MICRO CASE 1060
LM,RVRDRY,"ALOKSAK BAG 4"" X 7"" W/LANYARD"
LM,RVRDRY,"ALOKSAK BAGS 4"" X 7"" 2 PACK"
LM,RVRDRY,"ALOKSAK BAGS 8"" X 11"" 2 PACK"
LM,RVRDRY,ALOKSAK MULTI PAK 4 PACK
LM,RVRPFDYTH,YOUTH FOAM LIFE VEST - LEGENDS
LM,RVRPFDYTH,YOUTH FOAM LIFE VEST - REV
LM,SACSTF,NET STUFF SACK LARGE
LM,SACSTF,NET STUFF SACK MEDIUM
LM,SACSTF,NET STUFF SACK SMALL
LM,SACSTF,NET STUFF SACK XLARGE
LM,SLPBKT,COCOON FLEECE BLANKET
LM,SLPBKT,MANDRILL MICRO FLEECE MUMMY
LM,SLPBKT,NOMAD FLEECE BLANKET
LM,SLPBKT,TRAVELER FLEECE BLANKET
LM,SLPBKT,WALABEE MICRO FLEECE SACK
LM,SLPBKT,WOOL BLANKET 30%
LM,SLPBKT,WOOL BLANKET 55%
LM,SLPBKT,WOOL BLANKET 80%
LM,SLPPAD,AERIE UL PRIMALOFT AIR PAD
LM,SLPPAD,FLYER-ULTRALIGHT AIR PAD
LM,SLPPAD,GRAND AIR MATTRESS
LM,SLPPAD,"MONARCH DOUBLE PAD 4"""
LM,SLPPAD,"MONARCH DOUBLE PAD 5.5"" W/PUMP"
LM,SLPPAD,"PRO STRETCH GRAND PAD 3"""
LM,SLPPAD,PRO STRETCH TEC PLUS PAD - RED
LM,SLPPAD,PRO-STRETCH TEC - BLUE
LM,SLPPIL,ARMADILLO PILLOW
LM,SLPPIL,ARMADILLO PILLOW GIANT
LM,SLPPMP,PEREGRINE POCKET PUMP & LANTER
LM,SURDEF,BEAR & MTN LION SPRAY 2 PK
LM,SURDEF,BEAR & MTN LION SPRAY 7.9 HOL
LM,SURDEF,BEAR & MTN LION SPRAY 7.9 OZ
LM,SURDEF,BEAR & MTN LION SPRAY 9.2 HOL
LM,SURDEF,BEAR & MTN LION SPRAY 9.2 OZ
LM,SURDEF,BEARVAULT BV425
LM,SURDEF,BEARVAULT BV450
LM,SURDEF,BEARVAULT BV475
LM,SURDEF,BEARVAULT BV500
LM,SURDEF,BLACK GEL RUNNER SPRAY
LM,SURDEF,PEPPER SPRAY - SAFE ESCAPE
LM,SUREQPBLK,EMERGENCY BLANKET LIBERTY MTN
LM,SUREQPBLK,EMERGENCY THERMAL BIVY SACK
LM,SUREQPMSC,WHISTLE - FOX 40 CLASSIC
LM,SUREQPMSC,WHISTLE - FOX 40 MICRO
LM,SUREQPMSC,WHISTLE - STORM BLACK
LM,SURMEDBLI,BLISTER KIT
LM,SURMEDBLI,BLISTER PADS - 5 PK
LM,SURMEDBLI,BLISTER PREVENT MP 30 CT
LM,SURMEDBLI,BLISTER WURU PREVENTION
LM,SURMEDBLI,KT TAPE BLISTER TREATMENT TAPE
LM,SURMEDBLI,WOOL AID OUTDOOR MULTIPACK
LM,SURMEDBLI,WOOLAID EMERGENCY PACK
LM,SURMEDKIT,FIRST AID - WEATHER RESIST RED
LM,SURMEDKIT,FIRST AID KIT 50PC ESSENTIAL
LM,SURMEDKIT,FIRST AID KIT HARDSHELL DELUXE
LM,SURMEDKIT,FIRST AID KIT HARDSHELL LARGE
LM,SURMEDKIT,FIRST AID KIT HARDSHELL MEDIUM
LM,SURMEDKIT,FIRST AID KIT HARDSHELL SMALL
LM,SURMEDKIT,WEATHER RESISTANT SURVIVAL KIT
LM,SURMEDSUP,3M ABSOLUTE WP FIRST AID TAPE
LM,SURMEDSUP,ADVIL 200MG POCKET PACK 10TABS
LM,SURMEDSUP,BAND AID 3M WP ASSORTED
LM,SURMEDSUP,BAND AID FAMILY PACK
LM,SURMEDSUP,TYLENOL ES TRAVEL PACK 10-TABS
LM,SURMEDTAP,KT TAPE PRE-CUT
LM,SURMEDTAP,"KT TAPE PRO EX 20 CT 10"""
LM,SURMEDTAP,KT TAPE PRO EXTREME
LM,TC,THERA CANE
LM,TC,THERA CANE MAX
LM,TLTACS,ULTRA-THIN NAIL CLIPPER
LM,TLTBLM,BADGER BALM .75OZ TIN
LM,TLTBLM,BADGER FOOT BALM
LM,TLTBLM,BADGER FOOT BALM TIN
LM,TLTBLM,BADGER HEALING BALM
LM,TLTBLM,DR. BRONNERS MAGIC BALM
LM,TLTBLM,DR. BRONNERS MAGIC BALM BABY
LM,TLTBUGBIT,CUTTER BITE MD RELIEF STICK
LM,TLTBUGREP,BADGER ANTI-BUG BALM TIN
LM,TLTBUGREP,BADGER ANTI-BUG SHAKE & SPRAY
LM,TLTBUGREP,BADGER ANTI-BUG SPRAY TRAVEL
LM,TLTBUGREP,BADGER ANTI-BUG TRAVEL STICK
LM,TLTBUGREP,CITRONELLA CANDLES 3PK
LM,TLTBUGREP,CITRONELLA STICKS
LM,TLTBUGREP,CUTTER AROSOL 10% DEET
LM,TLTBUGREP,SKINSATIONS AEROSOL SPRAY 6OZ
LM,TLTBUGREP,SKINSATIONS PUMP SPRAY 6 OZ
LM,TLTBUTREP,CUTTER LEMON EUCLYPTUS REPEL
LM,TLTBUTREP,CUTTER SKINSATIONS REPEL ALOE
LM,TLTBUTREP,CUTTER SPORT INSECT REPEL
LM,TLTCON,NALGENE - HDPE DROP BTL 1/2OZ
LM,TLTCON,NALGENE - HDPE DROP BTL 1OZ
LM,TLTCON,NALGENE - HDPE DROP BTL 2OZ
LM,TLTCON,NALGENE - HDPE DROP BTL 4OZ
LM,TLTCON,NALGENE - HDPE DROP BTL 6OZ
LM,TLTCON,NALGENE - HDPE DROP BTL 8OZ
LM,TLTCON,NALGENE - NM SQUARE HDPE 1 OZ
LM,TLTCON,NALGENE - NM SQUARE HDPE 2 OZ
LM,TLTCON,NALGENE - NM SQUARE HDPE 4 OZ
LM,TLTCON,NALGENE - NM SQUARE HDPE 8 OZ
LM,TLTCON,NALGENE - NM SQUARE LEXAN 1 OZ
LM,TLTCON,NALGENE - NM SQUARE LEXAN 16 O
LM,TLTCON,NALGENE - NM SQUARE LEXAN 2 OZ
LM,TLTCON,NALGENE - NM SQUARE LEXAN 32OZ
LM,TLTCON,NALGENE - NM SQUARE LEXAN 4 OZ
LM,TLTCON,NALGENE - NM SQUARE LEXAN 64OZ
LM,TLTCON,NALGENE - NM SQUARE LEXAN 8OZ
LM,TLTCON,NALGENE - POLY VIAL 1/2 OZ
LM,TLTCON,NALGENE - POLY VIAL 3 OZ
LM,TLTCON,NALGENE - POLY VIAL 3/4 OZ
LM,TLTCON,NALGENE - WM RECT HDPE 16OZ
LM,TLTCON,NALGENE - WM RECT HDPE 8OZ
LM,TLTCON,NALGENE - WM SQUARE HDPE 16 OZ
LM,TLTCON,NALGENE - WM SQUARE HDPE 2 OZ
LM,TLTCON,NALGENE - WM SQUARE HDPE 6OZ
LM,TLTCON,NALGENE - WM SQUARE HDPE 8OZ
LM,TLTCON,NALGENE NM 1/2OZ
LM,TLTCON,NALGENE NM 1/4OZ
LM,TLTCON,NALGENE NM 4 OZ
LM,TLTCON,NALGENE NM RND 1OZ
LM,TLTCON,NALGENE NM RND 2OZ
LM,TLTCON,NALGENE NM RND 4OZ
LM,TLTCON,NALGENE NM RND 8OZ
LM,TLTCON,NALGENE ROUND 1OZ
LM,TLTCON,NALGENE ROUND 2OZ
LM,TLTCON,NALGENE ROUND 4OZ
LM,TLTCON,NALGENE ROUND 8OZ
LM,TLTCON,POLY VIAL 1OZ - PN151500
LM,TLTCON,POLY VIAL 2OZ - PN201575
LM,TLTCRM,CHAMOIS BUTT'R BIKING CREAM
LM,TLTCRM,GOLD BOND MEDICATED POWDER 4 O
LM,TLTCRM,SQUIRREL NUT BUTTER STICK 0.5
LM,TLTCRM,SQUIRREL NUT BUTTER STICK 1.7
LM,TLTCRM,SQUIRREL NUT BUTTER TIN .5 OZ
LM,TLTCRM,SQUIRREL NUT BUTTER TIN 2 OZ
LM,TLTCRPSUP,POTTY PACK
LM,TLTCRPSUP,TOILET TISSUE SINGLE ROLL
LM,TLTDEO,GRANGERS ODOUR ELIMINATOR
LM,TLTEAR,GOTRAVEL EARPLUGS
LM,TLTEAR,MACK'S EAR SEALS EARPLUGS
LM,TLTEAR,MACK'S ORIGINAL EARPLUGS
LM,TLTEAR,MACK'S PILLOW SOFT EARPLUGS
LM,TLTEAR,MACK'S SLIM FIT EARPLUGS
LM,TLTIVY,TECNU DETOX WIPES
LM,TLTIVY,TECNU EXTREME POISON IVY SCRUB
LM,TLTIVY,TECNU OUTDOOR SKIN CLEANSER
LM,TLTLIP,LB - BADGER LIP BALM UNSCENT
LM,TLTLIP,LB - BURT'S BEES LIP BALM ASST
LM,TLTLIP,LB - MEDICATED LIP BALM SPF 30
LM,TLTLIP,LB - MINERAL LIP BALM SPF 30
LM,TLTLIP,LB - VARIETY LIP BALM SPF 30
LM,TLTPEE,GOGIRL & 6IN EXTENSION COMBO
LM,TLTPEE,GOGIRL 6IN EXTENSION PINK
LM,TLTPEE,GOGIRL CAMO
LM,TLTPEE,KULA CLOTH ASSORTED
LM,TLTSAN,DR. BRONNERS - HAND SANITIZER
LM,TLTSOP,CAMPSUDS 2OZ
LM,TLTSOP,CAMPSUDS 4OZ
LM,TLTSOP,CAMPSUDS 8OZ
LM,TLTSOP,CAMPSUDS CIT/LAV/PEP
LM,TLTSOP,CAMPSUDS LAVENDER 4OZ
LM,TLTSOP,CAMPSUDS LAVENDER 8OZ
LM,TLTSOP,CAMPSUDS PEPPERMINT 4OZ
LM,TLTSOP,CAMPSUDS PEPPERMINT 8OZ
LM,TLTSOP,DR. BRONNERS - 1 GAL
LM,TLTSOP,DR. BRONNERS - 16 OZ
LM,TLTSOP,DR. BRONNERS - 2 OZ
LM,TLTSOP,DR. BRONNERS - 3.4 OZ
LM,TLTSOP,DR. BRONNERS - 8 OZ
LM,TLTSOP,DR. BRONNERS - BAR
LM,TLTSOP,DR. BRONNERS SAL SUDS - 16 OZ
LM,TLTSOP,DR. BRONNERS SAL SUDS - 32OZ
LM,TLTSOP,NO-RINSE BODY BATH 2OZ
LM,TLTSOP,NO-RINSE BODY BATH 8OZ
LM,TLTSOP,NO-RINSE SHAMPOO 8OZ
LM,TLTSUNALO,BADGER ALOE VERA GEL
LM,TLTSUNBLK,SS - BADGER ADV. SPORT MINERAL
LM,TLTSUNBLK,SS - BADGER CLEAR KIDS
LM,TLTSUNBLK,SS - BADGER CLEAR ZINC
LM,TLTSUNBLK,SS - BADGER PLUS ZINC
LM,TLTSUNBLK,SS - BADGER STICK
LM,TLTSUNBLK,SS - KIDS MINERAL LOTION
LM,TLTSUNBLK,SS - KIDS SUN STICK
LM,TLTSUNBLK,SS - LIP AND FACE STICK SPF 30
LM,TLTSUNBLK,SS - MINERAL 30 SUNSCREEN
LM,TLTSUNBLK,SS - MINERAL NO-TOUCH SUN STK
LM,TLTSUNBLK,SS - MINERAL SPORT LOTION
LM,TLTSUNBLK,SS - MINERAL SUNSCREEN FACE
LM,TLTSUNBLK,SS - OG TIN W/Z-COTE SPF30
LM,TLTSUNBLK,SS - SPORT 30 SUNSCREEN LOTION
LM,TLTSUNBLK,SS - SPORT 360 COVERAGE MIST
LM,TLTSUNBLK,SS - SPORT 50 SUNSCREEN LOTION
LM,TLTSUNBLK,SS - SPORT BB COOL SPF30
LM,TLTSUNBLK,SS - SPORT BB LOTION 3OZ SPF30
LM,TLTSUNBLK,SS - SPORT BB LOTION 8OZ SPF30
LM,TLTSUNBLK,SS - SPORT BB LOTION 8OZ SPF50
LM,TLTSUNBLK,SS - SPORT MINERAL 30
LM,TLTSUNBLK,SS - SPORT MINERAL 50
LM,TLTSUNBLK,SS - SPORT ULTRA C-SPRAY
LM,TLTSUNBLK,SS - SPORT ULTRA MIST SPF30
LM,TLTSUNBLK,SS - SPORT ULTRA MIST SPF50
LM,TLTSUNBLK,SS - Z BLOK ALOE VERA
LM,TLTSUNBLK,SS - Z BLOK SPF45 4OZ
LM,TLTTTH,DR. BRONNERS - TOOTHPASTE REG
LM,TLTTTH,DR. BRONNERS - TOOTHPASTE SM
LM,TLTTWLCOL,CHILLY PAD COOLING TOWEL
LM,TNTACS,GUYLINE ADJUSTERS 10PC
LM,TNTCAR1P,GANNET 1P TENT W/LOFT & FTPRNT
LM,TNTCAR2P,GANNET 2 PERSON TENT W LOFT
LM,TNTCAR2P,GANNET 2P TENT W/LOFT & FTPRNT
LM,TNTCAR3P,GANNET 3 PERSON TENT W LOFT
LM,TNTCAR3P,GANNET 3P TENT W/FTPRNT
LM,TNTCAR3P,GANNET 3P TENT W/LOFT & FTPRNT
LM,TNTCAR4P,GANNET 4 PERSON TENT W LOFT
LM,TNTCAR4P,GANNET 4P TENT W/LOFT & FTPRNT
LM,TNTCAR4P,INSTANT CABIN TENT 4P
LM,TNTCAR4P,KLYMIT CROSS CANYON 4P
LM,TNTCAR6P,GANNET 6P TENT W/LOFT & FTPRNT
LM,TNTCAR6P,INSTANT CABIN TENT 6P
LM,TNTRPR,"TENT POLE RPLCMNT KIT 3/8"""
LM,TNTRPR,"TENT POLE RPLCMNT KIT 5/16"""
LM,TNTRPR,"TENT POLE RPLCMNT KIT 7/16"""
LM,TNTTRP,TARP - BLUE POLY - 10' X 12'
LM,TNTTRP,TARP - BLUE POLY - 12' X 14'
LM,TNTTRP,TARP - BLUE POLY - 12' X 16'
LM,TNTTRP,TARP - BLUE POLY - 16' X 20'
LM,TNTTRP,TARP - BLUE POLY - 5' X 7'
LM,TNTTRP,TARP - BLUE POLY - 6' X 8'
LM,TNTTRP,TARP - BLUE POLY - 8' X 10'
LM,TNTTRP,TARP - BROWN/GREEN - 10' X 12'
LM,TNTTRP,TARP - BROWN/GREEN - 6' X 8'
LM,TNTTRP,TARP - BROWN/GREEN - 8' X 10'
LM,TOLACS,KNIFE QUICK FIX POCKT SHARPENR
LM,TOLAXE,BEDROCK CAMP AXE
LM,TOLAXE,SOL STOKE CAMP HATCHET
LM,TOLBIN,CARABINER 60MM 150 PC
LM,TOLCPS,TAG ALONG KEY RING COMPASS
LM,TOLCPS,TRIPLEGAGE
LM,TOLCPS,TRUARC 15 COMPASS
LM,TOLCPS,TRUARC 15 COMPASS-GLOW
LM,TOLCPS,TRUARC3 BASEPLATE COMPASS
LM,TOLHAM,LM TENT STAKE MALLET/PULLER
LM,TOLKNF,SILKY POCKETBOY 170MM
LM,TOLKNF,SILKY POCKETBOY CURVE 130MM
LM,TOLKNF,SILKY POCKETBOY CURVE 170MM
LM,TOLSAW,"SVEN SAW - 15"""
LM,TOLSAW,"SVEN SAW - 21"""
LM,TOLSAW,"SVEN SAW 15"""
LM,TOLSAW,"SVEN SAW BLADE - 15"""
LM,TOLSAW,"SVEN SAW BLADE - 21"""
LM,WTRFLT,BEFREE AC MICROFILTER .5L BLUE
LM,WTRFLT,BEFREE MICROFILTER 1.0
LM,WTRFLT,BEFREE MICROFILTER 1.0 BLACK
LM,WTRFLT,STERIPEN CLASSIC 3 UV
LM,WTRFLT,STERIPEN QUANTUM
LM,WTRFLT,STERIPEN ULTRA
LM,WTRFLTTAB,AQUAMIRA WATER TREATMENT 1 OZ
LM,WTRFLTTAB,AQUAMIRA WATER TREATMENT 2 OZ
LM,WTRFLTTAB,AQUAMIRA WATER TREATMENT W/DR
LM,WTRFLTTAB,MICROPUR TABLETS 30 PK
LM,WTRFLTTAB,PA CHLORINE DIOXIDE 30 TABLETS
LM,WTRFLTTAB,PA CHLORINE DIOXIDE TAB 20 PK
LM,WTRFLTTAB,POTABLE AQUA PLUS
LM,WTRFLTTAB,POTABLE AQUA TABLETS
LM,WW WEB,"11/16""X300' YELLOW TUBE WEBBIN"
LM,WW WEB,"WEBBING 1"" SPOOL"
LM,XXX,X SPLASHGUARD LIME BULK UNVRS
LM,YOGMAT,YM - HARMONY MAT
LM,YOGMAT,YM - TRAVEL MAT
LM,YOGMAT,YM - VOYAGER MAT
LODGE,FODOTH,SKILLET CORNBREAD-HOTSHOT JAL
LODGE,FODOTH,SKILLET CORNBREAD-SWEET SPOT
LODGE,FODOTH,SKILLET CORNBREAD-TRUE SOUTHE
LODGE,KCHCLN,DELUXE PAN SCRAPER
LODGE,KCHCLN,EVERYDAY SCRUB CLOTH
LODGE,KCHCLN,SCRAPER COMBO 2PK
LODGE,KCHCLN,SCRUB BRUSH
LODGE,KCHCLN,SEASON CAST IRON CARE KIT
LODGE,KCHCLN,SILICONE & CHAINMAIL PAD
LODGE,KCHCW ACS,CAMP DUTCH OVEN LID LIFTER
LODGE,KCHCW ACS,LEATHER GLOVES
LODGE,KCHCW ACS,LOGIC 5-QT DUTCH OVEN LOOP HAN
LODGE,KCHCW ACS,MAX TEMP OVEN MITT BLACK
LODGE,KCHCW ACS,"TONGS - 16"" LEGNTH"
LODGE,KCHCW CI,10.25 INCH CAST IRON DUAL HAND
LODGE,KCHCW CI,2 QT DUTCH OVEN
LODGE,KCHCW CI,5 QT CI DUTCH OVEN W/ BH
LODGE,KCHCW CI,7 QT CI DUTCH OVEN W/ BH
LODGE,KCHCW CI,"8"" CAST IRON DUAL HANDLE P"
LODGE,KCHCW CI,9 QT CI DUTCH OVEN W/ BH
LODGE,KCHCW CI,BLACKLOCK TRIPLE SEASONED 12
LODGE,KCHCW CI,"BLACKLOCK TRIPLE SEASONED 12"""
LODGE,KCHCW CI,"CAMP DUTCH OVEN - 8"""
LODGE,KCHCW CI,"CAST IRON GRILL PAN - 6.5"""
LODGE,KCHCW CI,CAST IRON SCRAPER
LODGE,KCHCW CI,"CAST IRON SKILLET (MINI) -3.5"""
LODGE,KCHCW CI,"CAST IRON SKILLET - 10.25"""
LODGE,KCHCW CI,"CAST IRON SKILLET - 12"""
LODGE,KCHCW CI,CAST IRON SKILLET - 6.5''
LODGE,KCHCW CI,"CAST IRON SKILLET - 8"""
LODGE,KCHCW CI,"CAST IRON SKILLET - 9"""
LODGE,KCHCW CI,"DEEP CAST IRON SKILLET - 12"""
LODGE,KCHCW CI,DEEP SKILLET COVERED - 3.2 QT
LODGE,KCHCW CI,"DOUBLE DUTCH 10 1/4"""
LODGE,KCHCW CI,DOUBLE PLAY REVERSIBLE GRIDDLE
LODGE,KCHCW CI,"DUAL HANDLE PAN - 12"""
LODGE,KCHCW CI,FAJITA PAN
LODGE,KCHCW CI,"PIZZA PAN - 15"""
LODGE,KCHCW CI,"REVERSIBLE GRILL/GRIDDLE 10.5"""
LODGE,KCHCW CI,"ROUND GRIDDLE - 10.5"""
LODGE,KCHCW CI,"ROUND GRILL PRESS - 7.5"""
LODGE,KCHCW CI,"SEASONED CAST IRON WOK - 14"""
LODGE,KCHCW CI,SQUARE CAST IRON SKILLET
LODGE,KCHCW CI,SQUARE GRILL PAN
LODGE,KCHCW CI,"WOK - 6.25"""
LODGE,KCHCW CI,"WOK - 9"""
LODGE,KCHMSC,DINNER BELL
LODGE,KCHMSC,GRILLING SPRAY
LODGE,KCHMSC,SILICONE GRIPS- RED
LOKSAK,ACS,WAIST PACK - BLUE
LOKSAK,ACS,WAIST PACK - GREEN
LOKSAK,ACS,WAIST PACK - PINK
LSTRAW,WTRFLT,LIFESTRAW GO BLUE
LSTRAW,WTRFLT,LIFESTRAW GO CLEAR
LSTRAW,WTRFLT,LIFESTRAW GO DARK TEAL
LSTRAW,WTRFLT,LIFESTRAW GO GREEN
LSTRAW,WTRFLT,LIFESTRAW GO GREY
LSTRAW,WTRFLT,LIFESTRAW GO LIGHT BLUE
LSTRAW,WTRFLT,LIFESTRAW GO PURPLE
LSTRAW,WTRFLT,LIFESTRAW GO STAINLESS - BLACK
LSTRAW,WTRFLT,LIFESTRAW GO STAINLESS - BLUE
LSTRAW,WTRFLT,LIFESTRAW GO STAINLESS - GREY
LSTRAW,WTRFLT,LIFESTRAW PLAY LIME
LSTRAW,WTRFLT,LIFESTRAW PLAY ORCHID
LSTRAW,WTRFLT,LIFESTRAW PLAY SKY
LSTRAW,WTRFLT,LIFESTRAW PLAY STORMY
LSTRAW,WTRFLT,LIFESTRAW PLAY WILDBERRY
LSTRAW,WTRFLT,LIFESTRAW STEEL
LSTRAW,WTRFLT,LIFESTRAW WATER FILTER GREEN
LSTRAW,WTRFLT,LS MISSION 12LTR
LSTRAW,WTRFLTACS,LIFESTRAW WATER FILTER
LTG,TOLKNF,ARC
LTG,TOLKNF,ARC- TALOS
LTG,TOLKNF,BIT DRIVER
LTG,TOLKNF,BOND
LTG,TOLKNF,CHARGE PLUS
LTG,TOLKNF,CHARGE®  PLUS TTI
LTG,TOLKNF,CHARGE® PLUS
LTG,TOLKNF,CRATER C33LX BLACK
LTG,TOLKNF,CRATER C33T
LTG,TOLKNF,CRATER® C33L
LTG,TOLKNF,CRUNCH®
LTG,TOLKNF,FREE™ T2 SS
LTG,TOLKNF,FREE™ T4 CRIMSON
LTG,TOLKNF,FREE™ T4 NAVY
LTG,TOLKNF,FREE™ T4 STAINLESS STEEL
LTG,TOLKNF,JUICE B2 GRANITE
LTG,TOLKNF,JUICE® CS3 CINNABAR
LTG,TOLKNF,JUICE® CS3 MOSS
LTG,TOLKNF,LEAP™ BLUE
LTG,TOLKNF,LEAP™ RED
LTG,TOLKNF,MICRA
LTG,TOLKNF,OHT® CAYOTE TAN
LTG,TOLKNF,POCKET CLIP& LANYARD
LTG,TOLKNF,RAIL™ BLACK
LTG,TOLKNF,RAPTOR RESCUE
LTG,TOLKNF,RAPTOR- BLACK
LTG,TOLKNF,RAPTOR™ BLACK ORANGE
LTG,TOLKNF,RAPTOR™ TAN
LTG,TOLKNF,REBAR
LTG,TOLKNF,REMOVABLE BIT DRIVER
LTG,TOLKNF,REVÂ„¢
LTG,TOLKNF,SHEATH® BLACK PREMIUM
LTG,TOLKNF,SHEATH® LARGE - BLACK
LTG,TOLKNF,SHEATH® MOLLE BROWN - XLARGE
LTG,TOLKNF,SIDEKICK STAINLESS
LTG,TOLKNF,SIGNAL
LTG,TOLKNF,SIGNAL GUAVA
LTG,TOLKNF,SKELETOO
LTG,TOLKNF,SKELETOOL
LTG,TOLKNF,SKELETOOL CX
LTG,TOLKNF,SKELETOOL KB
LTG,TOLKNF,SKELETOOL KBX
LTG,TOLKNF,SKELETOOL RX
LTG,TOLKNF,SQUIRT® ES4 - BLUE
LTG,TOLKNF,SQUIRT® PS4 BLUE
LTG,TOLKNF,SQUIRT® PS4 RED
LTG,TOLKNF,STYLE® PS
LTG,TOLKNF,STYLE® PS RED
LTG,TOLKNF,SUPER TOOL 300
LTG,TOLKNF,SURGE
LTG,TOLKNF,WAVE ALPHA
LTG,TOLKNF,WAVE® PLUS BLACK/SILVER
LTG,TOLKNF,WAVEÂ® PLUS BLACK
LTG,TOLKNF,WAVEÂ® PLUS S/S
LTG,TOLKNF,WINGMAN®
LTG,TOLKNF,X SUPER TOOL® 300 BLACK
LTG,TOLKNF,X SUPER TOOL® 300 SS
LTG,TOLMLT,SKELETOOL KBX
LTG,TOLMLT,SURGE
LTG,TOLMLT,SURGE® BLACK/SILVER
LTG,TOLMSC,BIT KIT
LTG,TOLMSC,SHEATH - MOLLE USA
LTG,TOLMSC,SHEATH - NYLON BLACK
LTG,TOLMSC,SHEATH - SIDEKICK/LEATHER
LTG,TOLMSC,SHEATH - STANDARD
LUNAED,ACS,BALANCED ROCK LANDSCAPE
LUNAED,ACS,BICYCLE STICKER
LUNAED,ACS,KEYCHAIN - ASSORTED
LUNAED,ACS,MAGNET - ASSORTED
LUNAED,ACS,RAVEN LANDSCAPE
LUNAED,ACS,TIC TAC TOE BOARD - MOAB
LYNNS,MCHCAP,HAT - GEARHEADS LOGO
LYNNS,MCHCAP,HAT - MOAB LOGO
LYNNS,MCHCAP,VISOR - GEARHEADS LOGO
LYNNS,MCHCAP,VISOR - MOAB LOGO
MACARD,GAMBRD,WILDERNESS PLAYING CARDS
MAINE,MCHSTK,OVAL STICKER - LARGE
MAINE,MCHSTK,OVAL STICKER - SMALL
MAJA,MCHJWLLOC,BELAY-TIONSHIP BRACELET
MAJA,MCHJWLLOC,BINER ANKLET
MAJA,MCHJWLLOC,BINER BRACELET
MAJA,MCHJWLLOC,BINER EARRING
MAJA,MCHJWLLOC,BINER NECKLACE
MAJA,MCHJWLLOC,CACTUS PENDANT
MAJA,MCHMAG,BINER MAGNET
MAJA,MCHSTK,GLASS BINER ROUND LARGE
MAJA,MCHSTK,GLASS BINER ROUND SMALL
MAJA,MCHSTK,GLITTER BINER
MAJA,MCHSTK,PINK VAN
MAJA,MCHTAT,BINER TEMP TATTOO
MALLOW,FODMSH,NORTH MALLOW
MAMMUT,CLIBAG,NEON ROPE BAG
MAMMUT,CLIBELAS,SMART 2.0
MAMMUT,CLICARLOK,WORKHORSE HMS SG CARABINER
MAMMUT,CLICARNLK,ELEMENT STEEL KEY LOCK
MAMMUT,CLICARQD,SENDER WIRE 12 CM 6-PACK
MAMMUT,CLICARQD,SENDER WIRE 60 CM QUICKDRAW
MAMMUT,CLIMSC,NEON ROPE TARP
MAMMUT,CLISFTROP,9.0 CRAG SENDER DRY ROPE
MAMMUT,CLISFTROP,9.5 ALPINE DRY ROPE 70M
MAMMUT,CLISFTROP,9.5 CRAG CLASSIC ROPE DUODESS
MAMMUT,CLISFTROP,9.5 CRAG DRY ROPE
MAMMUT,CLISFTROP,9.5 CRAG WE CARE CLASSIC ROPE
MAMMUT,CLISFTROP,9.5 CRAG WE CARE DRY ROPE
MAMMUT,CLISFTSLG,CONTACT SLING 8.0
MAMMUT,CLISFTSLG,CONTACT SLING 8.0 120CM
MAMMUT,CLISFTSLG,CONTACT SLING 8.0 240CM
MAMMUT,CLISFTSLG,CONTACT SLING 8.0 60CM
MAMMUT,CLISFTSLG,CROCODILE SLING 13.0
MAMMUT,CLISFTSLG,MAGIC SLING 12.0 60CM
MARMOT,CLAGLVMEN,BASIC WORK GLOVE
MARMOT,CLAGLVMEN,M'S AIRTIME GLOVE
MARMOT,CLAGLVMEN,M'S GLIDE SOFTSHELL GLOVE
MARMOT,CLAHATCAP,M'S AULIN CAP
MARMOT,CLAHATWNT,ANDROO LITE BEANIE
MARMOT,CLAHATWNT,HAYPRESS HAT
MARMOT,CLAHATWNT,MARTY BEANIE
MARMOT,CLAHATWNT,RIDGEFIELD BEANIE
MARMOT,CLAHATWNT,SHADOWS BEANIE
MARMOT,CLAHATWNT,STEEPHOLLOW BEANIE
MARMOT,CLAHATWNT,SUMMIT HAT
MARMOT,CLAHATWNT,W'S SNOASIS HAT
MARMOT,CLOFLAMEN,M'S DORAN MW FLANNEL LS
MARMOT,CLOFLAMEN,M'S ENFIELD FLANNEL LS
MARMOT,CLOFLAMEN,M'S FAIRFAX HEATHER LW FLANNEL
MARMOT,CLOFLAMEN,M'S FAIRFAX NOVELTY LW FLANNEL
MARMOT,CLOFLAMEN,M'S INCLINE HW FLANNEL LS
MARMOT,CLOFLAWMN,W'S FAIRFAX BOYFRIEND FLANNEL
MARMOT,CLOFLAWMN,W'S FAIRFAX NOVELTY FLANNEL
MARMOT,CLOFLAWMN,W'S INCLINE HW FLANNEL OVERSHI
MARMOT,CLOFLAWMN,W'S SEASIDE UL FLANNEL LS
MARMOT,CLOHDYMEN,M'S AIREX. SOLSHLD HDY
MARMOT,CLOHDYMEN,M'S AIREX. UPF 50 HDY
MARMOT,CLOHDYMEN,M'S AIRFLEECE HOODY
MARMOT,CLOHDYMEN,M'S COASTAL HDY
MARMOT,CLOHDYMEN,M'S LECONTE FZ HDY
MARMOT,CLOHDYMEN,M'S NOVUS LT HDY
MARMOT,CLOHDYMEN,M'S ONWARD INSULATED HOODY
MARMOT,CLOHDYMEN,M'S PEAKS HDY
MARMOT,CLOHDYMEN,M'S PINNACLE DRICLIME HDY
MARMOT,CLOHDYMEN,M'S WNDRDG HDY
MARMOT,CLOHDYWMN,W'S AIREX. SOLSHLD HDY
MARMOT,CLOHDYWMN,W'S AIREX. UPF 50 HDY
MARMOT,CLOHDYWMN,W'S COASTAL HDY
MARMOT,CLOHDYWMN,W'S LECONTE FLEECE HDY
MARMOT,CLOHDYWMN,W'S ROCKBOUND FLEECE HOODY
MARMOT,CLOHDYWMN,W'S WINDRIDGE HDY
MARMOT,CLOJKTMEN,B'S ETHER HOODY
MARMOT,CLOJKTMEN,G'S KYLIE HOODY
MARMOT,CLOJKTMEN,G'S LASSEN FLEECE
MARMOT,CLOJKTMEN,M'S ANSGAR JACKET
MARMOT,CLOJKTMEN,M'S AROS FLEECE JKT
MARMOT,CLOJKTMEN,M'S BANTAMWEIGHT JACKET
MARMOT,CLOJKTMEN,M'S CASCADE JKT
MARMOT,CLOJKTMEN,M'S ECHO FEATHERLESS HOODY
MARMOT,CLOJKTMEN,M'S ECHO FEATHERLESS JKT
MARMOT,CLOJKTMEN,M'S ETHER DRICLIME HOODY
MARMOT,CLOJKTMEN,M'S FEATHERLESS HYBRID JKT
MARMOT,CLOJKTMEN,M'S FERROL HOODY
MARMOT,CLOJKTMEN,M'S MIN. PERTEX 3-IN-1 JKT
MARMOT,CLOJKTMEN,M'S ONWARD INSULATED JACKET
MARMOT,CLOJKTMEN,M'S RYE JACKET
MARMOT,CLOJKTMEN,M'S STRETCH FLEECE HOODY
MARMOT,CLOJKTMEN,M'S SUPERALLOY RAIN JKT
MARMOT,CLOJKTMEN,M'S THERMO HOODY
MARMOT,CLOJKTWMN,W'S BANTAMWEIGHT JACKET
MARMOT,CLOJKTWMN,W'S CASCADE JKT
MARMOT,CLOJKTWMN,W'S DROP LINE JKT
MARMOT,CLOJKTWMN,W'S ECHO FEATHERLESS HDY
MARMOT,CLOJKTWMN,W'S ECHO FEATHERLESS JKT
MARMOT,CLOJKTWMN,W'S HIGHLANDER JKT
MARMOT,CLOJKTWMN,W'S LECONTE FLEECE JKT
MARMOT,CLOJKTWMN,W'S MARMOT FEATHERLESS HOODY
MARMOT,CLOJKTWMN,W'S NOVUS LT JKT
MARMOT,CLOJKTWMN,W'S ROCKLIN FZ JKT
MARMOT,CLOKIDSHI,B'S CYCLONE SS
MARMOT,CLOKIDSHT,B'S OG SHORT
MARMOT,CLOKIDSHT,G'S GINNY SHORT
MARMOT,CLOLSSMEN,M'S AIREX. SOLSHLD OVSHRT
MARMOT,CLOLSSMEN,M'S AIREX. UPF 40 LS SHIRT
MARMOT,CLOLSSMEN,M'S AIREXCHANGE UPF 40 LS SHIR
MARMOT,CLOLSSMEN,M'S AIREXCHANGE UPF 40 OVERSHI
MARMOT,CLOLSSMEN,M'S ALPINE HAVEN KNIT FLANL LS
MARMOT,CLOLSSMEN,M'S BOREAS LS
MARMOT,CLOLSSMEN,M'S RUSH CREEK LW FLANL LS
MARMOT,CLOLSSMEN,M'S STONEPEAK LW PERFORMANCE F
MARMOT,CLOLSSMEN,M'S TRIENT LS
MARMOT,CLOLSSMEN,M'S WINDRIDGE LS
MARMOT,CLOLSSWMN,W'S AIREX. SOLSHLD LS SHIRT
MARMOT,CLOLSSWMN,W'S AIREX. SOLSHLD OVSHRT
MARMOT,CLOLSSWMN,W'S AIREX. UPF 40 LS SHIRT
MARMOT,CLOLSSWMN,W'S AIREXCHANGE LS SHIRT
MARMOT,CLOLSSWMN,W'S AIREXCHANGE UPF 40 LS SHIR
MARMOT,CLOLSSWMN,W'S ALPINE HAVEN KNIT FLANL LS
MARMOT,CLOLSSWMN,W'S RUSH CREEK LW FLANL LS
MARMOT,CLOLSSWMN,W'S WINDRIDGE LS
MARMOT,CLOLSWMEN,M'S AIREX. UPF 50 CREW LS
MARMOT,CLOLSWMEN,M'S AIRFLEECE 1/2 ZIP
MARMOT,CLOLSWMEN,M'S DROP LINE HZ
MARMOT,CLOLSWMEN,M'S ROCKLIN HZ
MARMOT,CLOLSWWMN,W'S DROP LINE HZ
MARMOT,CLOLSWWMN,W'S HW DROP LINE PRINTED HZ
MARMOT,CLOLSWWMN,W'S RETRO ROCKLIN HZ
MARMOT,CLOLSWWMN,W'S ROCKBOUND FLEECE PULLOVER
MARMOT,CLOLSWWMN,W'S ROCKLIN HZ
MARMOT,CLOMENPNT,M'S ARCH RCK CNVRT PNT
MARMOT,CLOMENPNT,M'S ARCH RCK PNT
MARMOT,CLOMENPNT,M'S ARCH ROCK CONV PANT
MARMOT,CLOMENPNT,M'S HOLGATE PANT
MARMOT,CLOMENPNT,M'S MORRISON JEAN REGULAR
MARMOT,CLOMENSHI,M'S AEROBORA LS
MARMOT,CLOMENSHI,M'S AEROBORA NOVELTY SS
MARMOT,CLOMENSHI,M'S AEROBORA SS
MARMOT,CLOMENSHI,M'S AEROFOHN LS
MARMOT,CLOMENSHI,M'S AGROZONDA SS
MARMOT,CLOMENSHI,M'S ASCENDER TEE SS
MARMOT,CLOMENSHI,M'S CLOVE HITCH TEE SS
MARMOT,CLOMENSHI,M'S FERROL LS
MARMOT,CLOMENSHI,M'S FOREST TEE SS
MARMOT,CLOMENSHI,M'S KAPALINO LS
MARMOT,CLOMENSHI,M'S LYKKEN SS
MARMOT,CLOMENSHI,M'S MARMOT COASTAL TEE SS
MARMOT,CLOMENSHI,M'S MMW GRADIENT TEE
MARMOT,CLOMENSHI,M'S MMW GRADIENT TEE SS
MARMOT,CLOMENSHI,M'S MMW TEE SS
MARMOT,CLOMENSHI,M'S NORTHGATE PEAK SS
MARMOT,CLOMENSHI,M'S PT REYES TEE SS
MARMOT,CLOMENSHI,M'S RETRO RCKLIN 1/2 ZP
MARMOT,CLOMENSHI,M'S RETRO TRCKR HT
MARMOT,CLOMENSHI,M'S SYROCCO SS
MARMOT,CLOMENSHI,M'S WINDRIDGE GRAPHIC LS
MARMOT,CLOMENSHI,M'S WINDRIDGE SS
MARMOT,CLOMENSHT,M'S ALLOMARE SHORT
MARMOT,CLOMENSHT,"M'S ARCH RCK SHT 8"""
MARMOT,CLOMENSHT,"M'S ELCHE SHORT 7"""
MARMOT,CLOMENSHT,M'S ELCHE SHORT 8
MARMOT,CLOMENSHT,"M'S ELCHE SHORT 8"""
MARMOT,CLOMENSHT,M'S ESCALANTE SHORT 11''
MARMOT,CLOMENSHT,M'S REDWOOD SHORT 8IN
MARMOT,CLOMENSHT,M'S ZEPHYR SHORT
MARMOT,CLOPNTMEN,M'S AIREX. SOLSHLD PNT
MARMOT,CLOPNTMEN,M'S AIREX. UPF 40 PNT
MARMOT,CLOPNTMEN,M'S ARCH ROCK CONVERTIBLE PNT
MARMOT,CLOPNTMEN,M'S ARCH ROCK PANT REGULAR
MARMOT,CLOPNTMEN,M'S ARCH ROCK PNT
MARMOT,CLOPNTMEN,M'S SCREE PNT
MARMOT,CLOPNTMEN,M'S TRANSCEND CONV LONG
MARMOT,CLOPNTWMN,W'S AIREX. SOLSHLD JOGGER
MARMOT,CLOPNTWMN,W'S ARCH ROCK CONVERTIBLE PNT
MARMOT,CLOPNTWMN,W'S ARCH ROCK PNT
MARMOT,CLOPNTWMN,W'S SCREE PNT
MARMOT,CLORNJGRL,G'S PRECIP JACKET
MARMOT,CLORNJMEN,M'S CASCADE JKT
MARMOT,CLORNJMEN,M'S MNMLST PTX JKT
MARMOT,CLORNJMEN,M'S NOVUS LT HDY
MARMOT,CLORNJMEN,M'S PRECIP ECO JACKET
MARMOT,CLORNJMEN,M'S PRECIP ECO PRO JACKET
MARMOT,CLORNJMEN,M'S PRECIP JACKET
MARMOT,CLORNJWMN,W'S CASCADE JKT
MARMOT,CLORNJWMN,W'S MNMLST PTX JKT
MARMOT,CLORNJWMN,W'S NOVUS LT HDY
MARMOT,CLORNJWMN,W'S PRECIP ECO JACKET
MARMOT,CLORNJWMN,W'S PRECIP ECO PANT
MARMOT,CLORNJWMN,W'S PRECIP ECO PRO JACKET
MARMOT,CLORNJWMN,W'S PRECIP JACKET
MARMOT,CLORNPMEN,M'S PRECIP ECO FZ PANT
MARMOT,CLORNPMEN,M'S PRECIP ECO PANT
MARMOT,CLORNPMEN,M'S PRECIP ECO PANT-LONG
MARMOT,CLORNPWMN,W'S PRECIP ECO FZ PANT
MARMOT,CLORNPWMN,W'S PRECIP PANT SHORT
MARMOT,CLORNPYTH,K'S PRECIP PANTS
MARMOT,CLOSHOMEN,"M'S AIREX. SOLSHLD SHORT 7"""
MARMOT,CLOSHOMEN,M'S ARCH ROCK SHORT
MARMOT,CLOSHOMEN,"M'S ARCH ROCK SHORT 8"""
MARMOT,CLOSHOMEN,M'S ARCH ROCK SHORT 9
MARMOT,CLOSHOMEN,M'S VERDE SHORT
MARMOT,CLOSHOMEN,M'S WEST RIDGE SHORT
MARMOT,CLOSHOWMN,"W'S AIREX. SOLSHLD SHORT 4"""
MARMOT,CLOSHOWMN,"W'S ARCH ROCK SHORT 5"""
MARMOT,CLOSHOWMN,"W'S UNPAVED LINED SHORT 3"""
MARMOT,CLOSHOWMN,"W'S UPBEAT SHORT 4"""
MARMOT,CLOSKTWMN,W'S AIREX. SOLSHLD SKORT
MARMOT,CLOSNHMEN,M'S AIREX. SOLSHLD CREW LS
MARMOT,CLOSNTMEN,M'S WINDRIDGE LS
MARMOT,CLOSSTMEN,M'S AIREX. SOLSHLD CREW SS
MARMOT,CLOSSTMEN,M'S AIREX. SOLSHLD NOVELTY SS
MARMOT,CLOSSTMEN,M'S AIREX. UPF 40 SS
MARMOT,CLOSSTMEN,M'S AIREX. UPF 50 CREW SS
MARMOT,CLOSSTMEN,M'S COASTAL TEE SS
MARMOT,CLOSSTMEN,M'S ELDRIDGE NOV. CLSIC. SS
MARMOT,CLOSSTMEN,M'S ELDRIDGE SS
MARMOT,CLOSSTMEN,M'S NOTUS SS
MARMOT,CLOSSTMEN,M'S WINDRIDGE GRAPHIC SS
MARMOT,CLOSSTWMN,W'S AIREX. SOLSHLD CREW SS
MARMOT,CLOSSTWMN,W'S AIREX. UPF 50 CREW SS
MARMOT,CLOSSTWMN,W'S AIREXCHANGE SS SHIRT
MARMOT,CLOSSTWMN,W'S BORN TO BLOOM TEE SS
MARMOT,CLOSSTWMN,W'S COASTAL TEE SS
MARMOT,CLOSSTWMN,W'S UPTRAIL SS
MARMOT,CLOSSTWMN,W'S WINDRIDGE SS
MARMOT,CLOTNKWMN,W'S AIREX. SOLSHLD HN TANK
MARMOT,CLOTNKWMN,W'S WINDRIDGE TANK
MARMOT,CLOWMNDRS,W'S ESTEL DRESS
MARMOT,CLOWMNPNT,W'S ARCH RCK PNT
MARMOT,CLOWMNPNT,W'S AVISION JOGGER
MARMOT,CLOWMNPNT,W'S EVERYDAY TIGHT
MARMOT,CLOWMNPNT,W'S KODACHROME CONV PANT
MARMOT,CLOWMNPNT,W'S KODACHROME PANT
MARMOT,CLOWMNPNT,W'S LOBO PANT
MARMOT,CLOWMNPNT,W'S RAINA PANT
MARMOT,CLOWMNPNT,W'S RCK HAVEN 7/8 TGHT
MARMOT,CLOWMNPNT,W'S RCK HAVEN HYBRD TGHT
MARMOT,CLOWMNPNT,W'S ROCK HAVEN 7/8 TIGHT
MARMOT,CLOWMNPNT,W'S ROCK HAVEN HYBRID TIGHT
MARMOT,CLOWMNSHI,W'S AEOLIAN LS
MARMOT,CLOWMNSHI,W'S AERO SS
MARMOT,CLOWMNSHI,W'S ALL AROUND TEE SS
MARMOT,CLOWMNSHI,W'S ANNIKA LS
MARMOT,CLOWMNSHI,W'S ASCENDER TEE SS
MARMOT,CLOWMNSHI,W'S ASTER SS
MARMOT,CLOWMNSHI,W'S AURA SS
MARMOT,CLOWMNSHI,W'S AURA TANK
MARMOT,CLOWMNSHI,W'S BETA TANK
MARMOT,CLOWMNSHI,W'S CABRILLO LS
MARMOT,CLOWMNSHI,W'S CALIGATA TEE SS
MARMOT,CLOWMNSHI,W'S CHORDATA TEE SS
MARMOT,CLOWMNSHI,W'S CROSSOVER HOODY
MARMOT,CLOWMNSHI,W'S CRYSTAL LS
MARMOT,CLOWMNSHI,W'S CRYSTAL SS
MARMOT,CLOWMNSHI,W'S CSTL TEE SS
MARMOT,CLOWMNSHI,W'S DENIA LS
MARMOT,CLOWMNSHI,W'S ELDA CROP
MARMOT,CLOWMNSHI,W'S ELLIE SS
MARMOT,CLOWMNSHI,W'S ELLIE TANK
MARMOT,CLOWMNSHI,W'S EVELYN LS
MARMOT,CLOWMNSHI,W'S HOMESTEAD FLEECE 1/2 ZIP
MARMOT,CLOWMNSHI,W'S INCLINE FLANNEL OVERSHIRT
MARMOT,CLOWMNSHI,W'S JAYNE LS
MARMOT,CLOWMNSHI,W'S LAJA SS
MARMOT,CLOWMNSHI,W'S LECONTE FLC HOODY
MARMOT,CLOWMNSHI,W'S LEDA TANK
MARMOT,CLOWMNSHI,W'S MMW BOXY SWEATSHIRT
MARMOT,CLOWMNSHI,W'S MMW TE
MARMOT,CLOWMNSHI,W'S MT SHASTA LS
MARMOT,CLOWMNSHI,W'S NATURE FOR LIFE HOODY
MARMOT,CLOWMNSHI,W'S ROICE 1/2 ZIP
MARMOT,CLOWMNSHI,W'S ROICE CREW
MARMOT,CLOWMNSHI,W'S SELENE LS
MARMOT,CLOWMNSHI,W'S SIMONE LS
MARMOT,CLOWMNSHI,W'S SWITCHBACK LS
MARMOT,CLOWMNSHI,W'S SWITCHBACK SS
MARMOT,CLOWMNSHI,W'S SWITCHBACK TANK
MARMOT,CLOWMNSHI,W'S WNDRDG HDY
MARMOT,CLOWMNSHI,W'S WNDRDG SS
MARMOT,CLOWMNSHI,W'S WOODBLOCK TEE SS
MARMOT,CLOWMNSHT,W'S ADELINE SHORT
MARMOT,CLOWMNSHT,W'S ARCH RCK CNVRTBL PNT
MARMOT,CLOWMNSHT,"W'S ARCH ROCK SHORT 7"""
MARMOT,CLOWMNSHT,W'S CLIFF CLIMBER CAPRI
MARMOT,CLOWMNSHT,W'S DEVONIAN SHORT
MARMOT,CLOWMNSHT,W'S ELDA SHORT 4
MARMOT,CLOWMNSHT,W'S ELDA SKORT
MARMOT,CLOWMNSHT,"W'S JNPR SPRGS SHORT 5"""
MARMOT,CLOWMNSHT,"W'S JNPR SPRNGS SHRT 3"""
MARMOT,CLOWMNSHT,W'S KODACHROME SHORT
MARMOT,CLOWMNSHT,W'S KODACHROME SHORT 7
MARMOT,CLOWMNSHT,W'S RAINA SHORT 5''
MARMOT,CMPTNT,TUNGSTEN 4P
MARMOT,HATCAP,ARCH RCK HT
MARMOT,HATCAP,KDCHRM SUN HT
MARMOT,HATCAP,MARMOT TWILL CAP
MARMOT,HATCAP,PENNGROVE 5 PNL CP
MARMOT,HATCAP,PRECIP BASEBALL CAP
MARMOT,HATCAP,RETRO TRUCKER HAT
MARMOT,PAKDAY,ELDORADO
MARMOT,PAKDAY,KOMPRESSOR STAR
MARMOT,PAKDAY,TURBINE
MARMOT,SLPBAG,HIBERNEST 30
MARMOT,SLPBAG,HIBERNEST 30 LONG
MARMOT,SLPBAG,HIBERNEST 30 SHORT
MARMOT,SLPBAG,LOST COAST 15 - REG
MARMOT,SLPBAG,NANOWAVE 45 LONG
MARMOT,SLPBAG,NANOWAVE 45 REG
MARMOT,SLPBAG,TRESTLE 0 LONG
MARMOT,SLPBAG,TRESTLES 15 LONG
MARMOT,SLPBAG,TRESTLES 30 LONG
MARMOT,SLPBAG,TRESTLES 30 REGULAR
MARMOT,SLPBAG,TRESTLES 30 X-WIDE  REGULAR
MARMOT,SLPBAG,TRESTLES ELITE ECO 0
MARMOT,SLPBAG,TRESTLES ELITE ECO 0 LONG
MARMOT,SLPBAG,TRESTLES ELITE ECO 20
MARMOT,SLPBAG,TRESTLES ELITE ECO 20 LONG
MARMOT,SLPBAG,TRESTLES ELITE ECO 20 X WIDE
MARMOT,SLPBAG,TRESTLES ELITE ECO 30
MARMOT,SLPBAG,TRESTLES ELITE ECO 30 LONG
MARMOT,SLPBAG,W'S TRESTLES 15 REG
MARMOT,SLPBAG,W'S TRESTLES ELITE ECO 20
MARMOT,SLPBAG,W'S TRESTLES ELITE ECO 20 LN
MARMOT,SLPBAG,W'S TRESTLES ELITE ECO 30
MARMOT,SLPBAG,WRAPTOR 20 SYNTHETIC
MARMOT,SLPBAG,WRAPTOR 20 SYNTHETIC LONG
MARMOT,SLPBAG,WRAPTOR 20 SYNTHETIC SHORT
MARMOT,SLPBAG,WRAPTOR 30 DOWN
MARMOT,SLPBAG,WRAPTOR 30 DOWN LONG
MARMOT,SLPBAG,WRAPTOR 30 DOWN SHORT
MARMOT,TNTBP,TUNGSTEN 1P
MARMOT,TNTBP 2P,TUNGSTEN UL 2P
MARMOT,TNTBP 3P,TUNGSTEN UL 3P
MARMOT,TNTCAR,TUNGSTEN 2P
MARMOT,TNTCAR,TUNGSTEN 3P
MARMOT,TRVACS,COMPACT HAULER
MATDOR,TRVACS,DROPLET XL DRY BAG
MATDOR,TRVACS,FREERAIN24 BACKPACK
MATDOR,TRVACS,MINI POCKET BLANKET - GREY
MATDOR,TRVACS,NANODRY TOWEL - CHARCOAL
MATDOR,TRVACS,NANODRY TOWEL - MOSS
MATDOR,TRVACS,NANODRY TOWEL LRG - CHARCOAL
MATDOR,TRVACS,NANODRY TOWEL LRG - MOSS
MATDOR,TRVACS,POCKET BLANKET - ORIGINAL RED
MATDOR,TRVACS,TRANSIT TOTE - GREY
MATDOR,TRVACS,TRANSIT30 DUFFLE - GREY
MAUI,EYESUN,GREEN MIRROR LEHOPULU MATTE TR
MAUI,EYESUN,GREY HOOPILI MATTE BLACK
MAUI,EYESUN,GREY HOOPILI METALLIC MATTE GR
MAUI,EYESUN,GREY KOKO HEAD MATTE BLACK
MAUI,EYESUN,GREY LEHOPULU MATTE BLACK
MAUI,EYESUN,GREY PAILOLO MATTE BLACK
MAUI,EYESUN,H.LAVA HOOKIPA ULTRA MTT DRK B
MAUI,EYESUN,HCL HOOPILI METTALIC MATTE BRO
MAUI,EYESUN,HCL OCEAN SHINY DARK HAVANA
MAUI,EYESUN,M.SUNRISE HOOKIPA S TRANS CYCL
MAUI,EYESUN,MAUIGREENÂ® HOOKIPA ULTRA META
MAUI,SUN,ALELELE BRIDGE HCLÂ® BRONZE
MAUI,SUN,ALELELE BRIDGE® BLACK GLOSS
MAUI,SUN,ALENUIHAHA
MAUI,SUN,ANUENUE TRANS GREY
MAUI,SUN,ANUENUE TRANS ROOTBEER
MAUI,SUN,BABY BEACH
MAUI,SUN,BABY BEACH HCLÂ® BRONZE
MAUI,SUN,BABY BEACH® GRAY SILVER
MAUI,SUN,BANYANS HCL® BRONZE
MAUI,SUN,BANYANS NEUTRAL GREY
MAUI,SUN,BAYANS TORT 3P HCL
MAUI,SUN,BIG WAVE BLUE HAWAII
MAUI,SUN,BLUE HAWAII KEHA
MAUI,SUN,BLUE HAWAII PALULU
MAUI,SUN,BLUE HAWAII WIKI WIKI
MAUI,SUN,BLUE PINEAPPLE BLACK MATTE
MAUI,SUN,CASTLES
MAUI,SUN,CLIFF HOUSE
MAUI,SUN,CLIFF HOUSE HCL® GOLD
MAUI,SUN,CLIFF HOUSE® BLACK GLOSS
MAUI,SUN,CLIFF HOUSE® BLACK GLOSS LAVA
MAUI,SUN,CLIFF HOUSE® BLUE SILVER READE
MAUI,SUN,CLOUD BREAK
MAUI,SUN,CUT MOUNTAIN HCLÂ® BRONZE
MAUI,SUN,DRAGON'S TEETH HCL® BRONZE
MAUI,SUN,EQUATOR CARAMEL TORT
MAUI,SUN,EQUATOR GREY TORTOISE
MAUI,SUN,GLORY GLORY BLACK GLOSS
MAUI,SUN,GLORY GLORY HCLÂ® MILKY ALMOND
MAUI,SUN,GLORY GLORY HCLÂ® ROSE
MAUI,SUN,GOOD FUN
MAUI,SUN,GREEN MIR LOCAL KINE
MAUI,SUN,GREEN MIRROR EQUATOR
MAUI,SUN,GREY ALENUIHAHA GREY BLACK
MAUI,SUN,GREY ALENUIHAHA GREY BLK STRIP
MAUI,SUN,GREY ANEMONE SATIN BLK
MAUI,SUN,GREY HALF MOON TITANIUM
MAUI,SUN,GREY KAALA SILVER
MAUI,SUN,GREY KANAIO COAST - BLACK
MAUI,SUN,GREY KOKO® MATTE TORTOISE
MAUI,SUN,GREY LOKELANI BLK/SIL
MAUI,SUN,GREY SHORE BREAK MT TRANS
MAUI,SUN,GREY WAILUA TRANSLUCENT GRY
MAUI,SUN,GREY WEDGES
MAUI,SUN,GRY GUARDRAILS
MAUI,SUN,GRY WIKI WIKI SILVER
MAUI,SUN,HALF MOON SATIN SEPIA
MAUI,SUN,HAWAII ALENUIHAHA BLUE BLACK
MAUI,SUN,HAWAII LAVA CRUZEM BLACK
MAUI,SUN,HAWAII LAVA KEOKEA RED BLACK
MAUI,SUN,HAWAII LAVA SHORE BREAK MATTE
MAUI,SUN,HCL AEKO SATIN SEPIA
MAUI,SUN,HCL ANEMONE BRUSHED CHOCO
MAUI,SUN,HCL ATOLL
MAUI,SUN,HCL BAMBOO
MAUI,SUN,HCL HONI SHINY BLACK
MAUI,SUN,HCL HONI SHINY DRK HAVANA
MAUI,SUN,HCL KIOPAA
MAUI,SUN,HCL LITTLE BELL TRANS LIGHT ES
MAUI,SUN,HCL LOKENLANI TORT W/GOLD
MAUI,SUN,HCL SHORE BREAK MT TORT
MAUI,SUN,HCL WAILUA TRANSLUCENT ROOTB
MAUI,SUN,HCL WALAKA SATIN SEPIA
MAUI,SUN,HEMA HCLÂ® ROOTBEAR
MAUI,SUN,HEMA MAUI ROSEÂ®
MAUI,SUN,HEMA MAUI® SUNRISE
MAUI,SUN,HIGH TIDE
MAUI,SUN,HIKINA® BLACK GLOSS
MAUI,SUN,HIKINA® BLUE HAWAII
MAUI,SUN,HIKINA® ROOTBEER
MAUI,SUN,HO'OKIPA ULTRA
MAUI,SUN,HONI HCL
MAUI,SUN,HONI HCLÂ® GREY TORTOISE STRIP
MAUI,SUN,HONOKALANI
MAUI,SUN,HOOKIPA HCL® GLOSS BLACK
MAUI,SUN,HOOKIPA® BLUE SMOKE GREY
MAUI,SUN,HOOKIPA® ROSE TORTOISE
MAUI,SUN,HUELO TRANSLUCENT GREY
MAUI,SUN,HULILI
MAUI,SUN,IKAIKA HCL® BRONZE
MAUI,SUN,ISLAND TIME
MAUI,SUN,JOY RIDE TORTOISE CRYSTAL
MAUI,SUN,KAALA HCL® BRONZE
MAUI,SUN,KAHIKO
MAUI,SUN,KAIWI CHANNEL
MAUI,SUN,KALENA
MAUI,SUN,KANAHA® PC GRAY GLOSS BLACK
MAUI,SUN,KANAIO COAST HCL ® BRONZE
MAUI,SUN,KANAIO COAST® BLUE HAWAII
MAUI,SUN,KAUPO GAP
MAUI,SUN,KAWIKA
MAUI,SUN,KAWIKA® BLACK PEWTER/LAVA
MAUI,SUN,KAWIKA® BLK GLOSS PETWER
MAUI,SUN,KAWIKA® BLUE HAWAII
MAUI,SUN,KAWIKA® TORTOISE GOLD
MAUI,SUN,KEANAE® HCL OLIVE TORTOISE
MAUI,SUN,KEOKEA BLACK GLOSS
MAUI,SUN,KEOKEA GRN MIRROR/TRANS GRAY
MAUI,SUN,KEOKEA TORTOISE HCL
MAUI,SUN,KIAWE® BLUE HAWAII
MAUI,SUN,KIAWE® GREY STRIPE
MAUI,SUN,KIKONIA
MAUI,SUN,KIKONIA XL
MAUI,SUN,KOKI BEACH MAUI ROSE®
MAUI,SUN,KOKI BEACH® HCL OLIVE TORT
MAUI,SUN,KOMOHANA HCLÂ® BRONZE
MAUI,SUN,KOMOHANA® NEUTRAL GREY
MAUI,SUN,LAULIMA
MAUI,SUN,LEGACY
MAUI,SUN,LELE KAWA
MAUI,SUN,LIGHTHOUSE® NEUTRAL GREY
MAUI,SUN,LIGHTHOUSE® ROOTBEER
MAUI,SUN,LIQUID SUNSHINE
MAUI,SUN,LIQUID SUNSHINE ROSE
MAUI,SUN,LOCAL KINE
MAUI,SUN,LOCAL KINE HCL® BLACK/GREEN
MAUI,SUN,LOCAL KINE HCL® BRONZE
MAUI,SUN,LOCAL KINE® SHINY BLACK/GREY
MAUI,SUN,LONG BOARD® GREY BLACK MATTE
MAUI,SUN,LOTUS
MAUI,SUN,LOTUS GREY BLACK FADE
MAUI,SUN,MA'UKELE
MAUI,SUN,MAILE®
MAUI,SUN,MAKAHA READER
MAUI,SUN,MAKAHA READER 2.50
MAUI,SUN,MAVERICKS
MAUI,SUN,MAVERICKS HCL® BRONZE
MAUI,SUN,MAVERICKS HCL® GOLD READER
MAUI,SUN,MAVERICKS SILVER
MAUI,SUN,MAVERICKS® MAUI SUNRISE
MAUI,SUN,MOKOA® MAUIGREEN™ MT BLACK
MAUI,SUN,MONGOOSE MAUIGREEN™ GREY
MAUI,SUN,NAAUAO MT BLK VARNISH
MAUI,SUN,NAHIKU HCL® BRONZE
MAUI,SUN,OALULU
MAUI,SUN,OCEAN® ROSE
MAUI,SUN,OCEAN® TORTOISE W/PEACOCK
MAUI,SUN,OFFSHORE
MAUI,SUN,OLU'OLU MAUI SUNRISE
MAUI,SUN,ONSHOR® BLUE HAWAII
MAUI,SUN,ONSHOR® BRONZE
MAUI,SUN,ONSHOR® GREY
MAUI,SUN,PAILOLO
MAUI,SUN,PALULU
MAUI,SUN,PAULELE AF MT BLK
MAUI,SUN,PAULELE AF MT GREEN
MAUI,SUN,PC GRY HOOKIPA® GLOSS BLACK
MAUI,SUN,PC HCL HOT SANDS
MAUI,SUN,PEAHI HCL® MATTE BLACK
MAUI,SUN,PEAHI® BLUE HAWAII
MAUI,SUN,PEHU
MAUI,SUN,POKOWAI ARCH® BLUE HAWAII
MAUI,SUN,POKOWAI ARCH® LAVA
MAUI,SUN,PUNCHBOWL®
MAUI,SUN,PUNIKAI MT DRK HVANA
MAUI,SUN,PUNIKAI SHINY BLACK
MAUI,SUN,PUNIKAI SHINY BROWN
MAUI,SUN,RATTAN CARE KIT
MAUI,SUN,RED SANDS
MAUI,SUN,RED SANDS® BLK/GREY TORTOISE
MAUI,SUN,RED SANDS® BLUE/BLACK MATTE
MAUI,SUN,RED SANDS® NEUTRAL GREY
MAUI,SUN,ROSE KANANI
MAUI,SUN,ROSE STARFISH
MAUI,SUN,SHOAL® GREEN/BRUSHED GUNMETAL
MAUI,SUN,SOUTH SWELL® NEUTRAL GREY
MAUI,SUN,SOUTHERN CROSS GREY
MAUI,SUN,SOUTHERN CROSS HCL® BRONZE
MAUI,SUN,STARFISH HCLÂ® BRONZE
MAUI,SUN,STARFISH® NEUTRAL GREY
MAUI,SUN,STINGRAY HCLÂ® BRONZE
MAUI,SUN,STINGRAY® NEUTRAL GREY
MAUI,SUN,SUGAR BEACH HCL® BRONZE
MAUI,SUN,SUGAR BEACH HCL® ROOTBEER
MAUI,SUN,SUGAR CANE® ROSE
MAUI,SUN,SUMMER TIME® ROSE/PINK TOKYO T
MAUI,SUN,SUNRISE AKAU TORTOISE MATTE
MAUI,SUN,SUNRISE BABY BEACH ROSE
MAUI,SUN,SWEPT AWAY® BLUE
MAUI,SUN,TAIL SIDE® MATTE BLACK
MAUI,SUN,THE FLATS
MAUI,SUN,TUMBLELAND® MT CRYSTAL
MAUI,SUN,TWIN FALLS HCL® BRONZE
MAUI,SUN,WASSUP® ROSE
MAUI,SUN,WORLD CUP
MAXIM,CLISFTCRD,6MMX300FT ACCS CORD GOLD PURPL
MAXIM,CLISFTCRD,7MMX265FT ESCAPE ROPE
MAXIM,CLISFTCRD,7MMX60M ESCAPE ROPE
MAXIM,CLISFTROP,9.5MMX70M PINNACLE 2X-DRY
MAXIM,CLISFTROP,9.8MM X 70M PLATINUM 2X-DRY
MAXIM,CLISFTROP,9.9MMX70M 2X-DRY GLIDER PINK
MAXIM,CLISFTROP,9.9MMX70M GLIDER BI-PATTERN
MAXIM,CLISFTROP,9.9MMX70M GLIDER VENUS BI-PATT
MAXIM,CLISFTROP,AIRLINER 9.1MMX60M 2XDRY BI-PA
MAXIM,CLISFTROP,CANYON CLASSIC 9.5 BLUE
MBOOKS,BOKCLI,BIG WALL CLIMBING
MBOOKS,BOKCLI,CLIMBING SELF RESCUE
MBOOKS,BOKCLI,CLIMBING TRAINING FOR PEAK PER
MBOOKS,BOKCLI,"ROCK CLIMBING ANCHORS, 2ND ED"
MBOOKS,BOKCLI,SELECTED CLIMBS DESERT SW
MBOOKS,BOKCLI,THE BEST UTAH CHILDREN'S HIKES
MBOOKS,BOKHIK,100 CLASSIC HIKES: UTAH
MBOOKS,BOKHIK,BEARS EARS NATIONAL MONUMENT H
MBOOKS,BOKHIK,BEST CANYONLANDS NP HIKES
MBOOKS,BOKHIK,BEST GRAND JUNCTION HIKES
MBOOKS,BOKHIK,BEST MOAB & ARCHES NAT'L PARK
MBOOKS,BOKHIK,CRACK CLIMBING
MBOOKS,BOKHIK,DONE IN A DAY MOAB
MBOOKS,BOKHIK,DRAWN
MBOOKS,BOKHIK,HIKE THE PARKS JOSHUA TREE NAT
MBOOKS,BOKHIK,HIKE THE PARKS ZION/BRYCE CANY
MBOOKS,BOKHIK,HIKING SOUTHWEST GEOLOGY
MBOOKS,BOKHIK,MOUNTAINEERING FREEDOM OF THE
MBOOKS,BOKHIK,TRACKING THE WILD COOMBA
MBOOKS,BOKHIK,UTAH'S BIG FIVE NATIONAL PARKS
MBOOKS,BOKHIK,WEEKEND ROCK ARIZONA
MBOOKS,BOKHIK,YOSEMITE NATIONAL PARK
MCGOV,HATACS,BANA - ARCHES NAT'L PARK NIGHT
MCGOV,HATACS,BANA - CANYONLANDS MESA ARCH P
MCGOV,KITCO,ARCHES NATIONAL PARK MUG
MCGOV,KITCO,DEAD HORSE POINT MUG
MCLIMB,CLABELUNI,CRASH BELT
MCLIMB,CLAGLVMEN,GRIP GLOVE
MCLIMB,CLAGLVMEN,X GRIP GLOVE 3/4
MCLIMB,CLIACS,CAM LUBE - 2 OZ
MCLIMB,CLIACS,DANGER BELT
MCLIMB,CLIACS,QUICK RELEASE BELT
MCLIMB,CLIACS,SECURITY BELT
MCLIMB,CLIAID,BASIC STICK CLIP
MCLIMB,CLIAID,ROLL UP STICK CLIP
MCLIMB,CLIAID,SUPERCLIP
MCLIMB,CLIAID,SUPERCLIP RESCUE
MCLIMB,CLIAIDASN,ASCENDER LEFT - BLUE
MCLIMB,CLIAIDASN,ASCENDER RIGHT - RED
MCLIMB,CLIAIDASN,ASCENDER SET
MCLIMB,CLIAIDDAS,DYNAMIC DAISY
MCLIMB,CLIAIDDAS,DYNAMIC DAISY CHAIN MIX
MCLIMB,CLIAIDDAS,DYNAMIC PAS - MIX
MCLIMB,CLIAIDDAS,EASY DAISY
MCLIMB,CLIAIDDAS,EASY DAISY - REPL WEB
MCLIMB,CLIAIDDAS,EASY DAISY REPLACEMENT WEB
MCLIMB,CLIAIDLAD,"5STEP AIDER 1"" BLUE"
MCLIMB,CLIAIDLAD,"5STEP AIDER 1"" RED"
MCLIMB,CLIAIDLAD,"5STEP PCKT AIDER 3/4"""
MCLIMB,CLIAIDLAD,ALPINE AIDER 3/4IN  4 STEP
MCLIMB,CLIAIDLAD,EASY AIDER  LEFT
MCLIMB,CLIAIDLAD,EASY AIDER  RIGHT
MCLIMB,CLIATCHNG,ENVIRO HANGER
MCLIMB,CLIATCHNG,S S HANGER
MCLIMB,CLIATCHNG,SPRING FORCE BOLT HANGER
MCLIMB,CLIBAG,ACCESS FUND COMP SMITH
MCLIMB,CLIBAG,ACCESS FUND COMP TETONS
MCLIMB,CLIBAG,ACCESS FUND COMP YOSEMITE
MCLIMB,CLIBAG,BIG WALL BUCKET
MCLIMB,CLIBAG,BIG WALL BUCKET - ORANGE
MCLIMB,CLIBAG,BIG WALL BUCKET - XL
MCLIMB,CLIBAG,BIG WALL STUFF SACK
MCLIMB,CLIBAG,CRAG STATION GREEN
MCLIMB,CLIBAG,CROSS CLIPPER COMP
MCLIMB,CLIBAG,DIRT BAG II
MCLIMB,CLIBAG,EL CAPITAN HAUL BAG GREEN
MCLIMB,CLIBAG,FREERIDER
MCLIMB,CLIBAG,HALF DOME
MCLIMB,CLIBAG,MESCALITO PACK - SQUASH
MCLIMB,CLIBAG,QUARTER DOME GREEN
MCLIMB,CLIBAG,ROPE TARP
MCLIMB,CLIBAG,ROPEMASTER HC
MCLIMB,CLIBAG,SENTINEL HAUL BAG
MCLIMB,CLIBAG,SPEEDSTER
MCLIMB,CLIBAG,X BIG WALL BUCKET
MCLIMB,CLIBAGCHK,CHALK BAG - LOGO
MCLIMB,CLIBAGCHK,CHALK BAG - WILDLIFE
MCLIMB,CLIBAGCHK,CHALK BAG-LOGO
MCLIMB,CLIBAGCHK,DIGI CAMO COMP CB
MCLIMB,CLIBAGCHK,LEAF CAMO CB
MCLIMB,CLIBELGLS,UPSHOT BELAY GLASSES
MCLIMB,CLICAMOFS,OFFSET TCU #0/1
MCLIMB,CLICAMOFS,OFFSET TCU #00/0
MCLIMB,CLICAMOFS,OFFSET TCU #1/2
MCLIMB,CLICAMOFS,OFFSET TCU #2/3
MCLIMB,CLICAMOFS,OFFSET TCU #3/4
MCLIMB,CLICAMOFS,ULTRALIGHT OFFSET MASTER CAM
MCLIMB,CLICAMSTD,SUPERCAM - LARGE
MCLIMB,CLICAMSTD,SUPERCAM - MEDIUM
MCLIMB,CLICAMSTD,SUPERCAM - SMALL
MCLIMB,CLICAMSTD,UL FAT CAM #2
MCLIMB,CLICAMSTD,UL FAT CAM #3
MCLIMB,CLICAMSTD,UL FAT CAM #4
MCLIMB,CLICAMSTD,UL FAT CAM #5
MCLIMB,CLICAMSTD,UL FAT CAM #6
MCLIMB,CLICAMSTD,UL FAT CAM #7
MCLIMB,CLICAMSTD,UL MASTER CAM #0
MCLIMB,CLICAMSTD,UL MASTER CAM #00
MCLIMB,CLICAMSTD,UL MASTER CAM #1
MCLIMB,CLICAMSTD,UL MASTER CAM #2
MCLIMB,CLICAMSTD,UL MASTER CAM #3
MCLIMB,CLICAMSTD,UL MASTER CAM #4
MCLIMB,CLICAMSTD,UL MASTER CAM #8
MCLIMB,CLICAMSTD,UL POWER CAM #0
MCLIMB,CLICAMSTD,UL POWER CAM #00
MCLIMB,CLICAMSTD,UL POWER CAM #1
MCLIMB,CLICAMSTD,UL POWER CAM #2
MCLIMB,CLICAMSTD,UL POWER CAM #3
MCLIMB,CLICAMSTD,UL POWER CAM #4
MCLIMB,CLICAMSTD,UL POWER CAM #5
MCLIMB,CLICAMSTD,UL POWER CAM #6
MCLIMB,CLICAMSTD,UL POWER CAM #7
MCLIMB,CLICAMSTD,UL POWER CAM #8
MCLIMB,CLICAMSTD,UL TCU #0
MCLIMB,CLICAMSTD,UL TCU #00
MCLIMB,CLICAMSTD,UL TCU #1
MCLIMB,CLICAMSTD,UL TCU #2
MCLIMB,CLICAMSTD,UL TCU #3
MCLIMB,CLICAMSTD,UL TCU #4
MCLIMB,CLICAMSTD,UL TCU FREE #1-4
MCLIMB,CLICAMSTD,ULTRALIGHT MASTER CAM
MCLIMB,CLICAMSTD,ULTRALIGHT MASTER CAM #1
MCLIMB,CLICAMSTD,ULTRALIGHT TCU PKG
MCLIMB,CLICARLK,BRAVO SCREWLOCK
MCLIMB,CLICARLK,CORROSION RESIT SCREW LOCK
MCLIMB,CLICARLK,ELEMENT II AUTO LOCKER
MCLIMB,CLICARLK,ELEMENT II SCREW LOCK BLACK
MCLIMB,CLICARLK,ELEMENT LOCKER
MCLIMB,CLICARLK,GATEKEEPER AUTO LOCK
MCLIMB,CLICARLK,GATEKEEPER SCREW LOCK
MCLIMB,CLICARLK,RIG AUTO LOCK
MCLIMB,CLICARLK,RIG SCREW LOCK
MCLIMB,CLICARLK,STEEL AUTO LOCK BINER
MCLIMB,CLICARLK,STEEL SCREW LOCK BINER
MCLIMB,CLICARNLK,BRAVO II JET SET - 6PK
MCLIMB,CLICARNLK,BRAVO II WIREGATE
MCLIMB,CLICARNLK,BRAVO STRAIGHT GATE
MCLIMB,CLICARNLK,FS MINI II
MCLIMB,CLICARNLK,FS MINI II JET SET 6PK
MCLIMB,CLICARNLK,INFERNO II WIREGATE
MCLIMB,CLICARNLK,STEEL BINER W/PIN
MCLIMB,CLICARQD,BRAVO II LONG DRAW - 12 IN
MCLIMB,CLICARQD,BRAVO II LONG DRAW - 16 IN
MCLIMB,CLICHK,CHALK BLOCK - 2 OZ
MCLIMB,CLICHK,ECO BALL
MCLIMB,CLICHK,SUPER CHALK - 15 OZ
MCLIMB,CLICHK,SUPER CHALK - 2.5 OZ
MCLIMB,CLICHK,SUPER CHALK - 4.5 OZ
MCLIMB,CLICHK,SUPER CHALK - 9 OZ
MCLIMB,CLICHK,SUPER CHALK SOCK - REFILLABLE
MCLIMB,CLICHK,SUPER CHALK SOCK - STANDARD
MCLIMB,CLICHKBSH,BAMBOO BOAR'S HAIR BRUSH
MCLIMB,CLICHKBSH,RAZORBACK BOAR'S HAIR BRUSH
MCLIMB,CLICHKBSH,RAZORBACK BOARS HAIR BRUSH
MCLIMB,CLICHKBSH,VEGAN BRUSH
MCLIMB,CLIGLVBEL,BELAY GLOVE-FULL FINGER
MCLIMB,CLIGLVBEL,CLIMBING GLOVE 3/4 FINGER
MCLIMB,CLIGLVBEL,TALON BELAY GLOVE 3/4
MCLIMB,CLIGLVBEL,TALON BELAY GLOVES
MCLIMB,CLIGLVCRK,CRACK GLOVE
MCLIMB,CLIHELUNI,HARDTOP HELMET
MCLIMB,CLIHNSUNI,SAFE TECH ALL-AROUND  SB
MCLIMB,CLIMSC,CONTACT BOARD
MCLIMB,CLIMSC,G-WHIZ
MCLIMB,CLINUT,ASTRO NUT - AID SET
MCLIMB,CLINUT,ASTRO NUT FREE 6-10
MCLIMB,CLINUT,BIG NUT PACKAGE
MCLIMB,CLINUT,BIG NUTS
MCLIMB,CLINUT,ULA CURVE NUT 1
MCLIMB,CLINUT,ULA CURVE NUT 1-10
MCLIMB,CLINUT,ULA CURVE NUT 10
MCLIMB,CLINUT,ULA CURVE NUT 2
MCLIMB,CLINUT,ULA CURVE NUT 3
MCLIMB,CLINUT,ULA CURVE NUT 4
MCLIMB,CLINUT,ULA CURVE NUT 5
MCLIMB,CLINUT,ULA CURVE NUT 6
MCLIMB,CLINUT,ULA CURVE NUT 7
MCLIMB,CLINUT,ULA CURVE NUT 8
MCLIMB,CLINUT,ULA CURVE NUT 9
MCLIMB,CLINUTTOL,FEATHER NUT TOOL
MCLIMB,CLINUTTOL,TORQUE NUT TOOL
MCLIMB,CLIPAD,BASE CAMP PAD
MCLIMB,CLIPAD,BASIC CRASH PAD
MCLIMB,CLIPAD,MAGNUM CRASH PAD
MCLIMB,CLIPAD,RECON - BLACK/GRAY
MCLIMB,CLIPAD,SESSION PAD II
MCLIMB,CLISFTCRD,11MM OPEN SLING - 120 CM
MCLIMB,CLISFTCRD,11MM OPEN SLING - 240 CM
MCLIMB,CLISFTCRD,11MM OPEN SLING - 25 CM
MCLIMB,CLISFTCRD,11MM OPEN SLING - 480 CM
MCLIMB,CLISFTCRD,11MM OPEN SLING - 60 CM
MCLIMB,CLISFTCRD,13MM OPEN SLING - 120 CM
MCLIMB,CLISFTCRD,13MM OPEN SLING - 60 CM
MCLIMB,CLISFTCRD,18MM NYLON - 120CM
MCLIMB,CLISFTCRD,18MM NYLON - 25CM
MCLIMB,CLISFTCRD,18MM NYLON - 60CM
MCLIMB,CLISFTCRD,18MM OPEN SLING - 480 CM
MCLIMB,CLISFTCRD,ADJUSTABLE GEAR SLING
MCLIMB,CLISFTCRD,BIG WALL GEAR SLING
MCLIMB,CLISFTCRD,BIG WALL GEAR SLING MULTILOOP
MCLIMB,CLISFTCRD,DYNAMIC SLING
MCLIMB,CLISFTCRD,DYNAMIC SLING - 60 CM
MCLIMB,CLISFTCRD,MULTILOOP DBLD GEAR SLING
MCLIMB,CLISFTCRD,MULTILOOP GEAR SLING
MCLIMB,CLISFTCRD,PRUSIK CORD SET
MCLIMB,CLISFTPAS,ALPINE PAS
MCLIMB,CLISFTPAS,ANCHOR CHAIN
MCLIMB,CLISFTPAS,DYNAMIC PAS
MCLIMB,CLISFTPAS,PAS 22 KN
MCLIMB,CLISFTPAS,ULTIMATE DAISY
MCLIMB,CLISFTROP,5MM ACCESSORY CORD-SPOOL
MCLIMB,CLISFTROP,6MM ACCESSORY CORD-SPOOL
MCLIMB,CLISFTSLG,RABBIT RUNNER
MCLIMB,CLITAP,CLIMBING TAPE - CASE OF 32
MCLIMB,CLITAP,CLIMBING TAPE ROLL
MCLIMB,CLITAP,"FINGER TAPE 1/2"" DOUBLE ROLL"
MCLIMB,CLITRN,GRIPSAVER PLUS - HARD
MCLIMB,CLITRN,GRIPSAVER PLUS - MEDIUM
MCLIMB,CLITRN,GRIPSAVER PLUS - SOFT
MCLIMB,CLITRN,GRIPSAVER PLUS 3PK
MCLIMB,CLITRN,ROCK RINGS 3D
MCLIMB,CLITRN,SIMULATOR 3D
MCLIMB,CLITRN,WOOD GRIP DELUXE BOARD
MCLIMB,PAKDAY,EXPRESS
MCLIMB,RPRBUK,CRASH PAD BUCKLE
MCLIMB,TLTBLM,HAND REPAIR BALM 0.5OZ
MCLIMB,TLTBLM,HAND REPAIR BALM 1OZ
MCLIMB,TLTCRPBAG,WASTE CASE
MCLIMB,XXX,COMPETITION ASSTD
MCLIMB,XXX,DOUBLE-D ATTACHMENT
MCNETT,RPR,"1/2"" TENT POLE SPLINT"
MCNETT,RPR,1IN SNAP BAR REPAIR BUCKLE
MCNETT,RPR,3/4IN SNAP BAR REPAIR BUCKLE
MCNETT,RPR,"5/8"" TENT POLE SPLINT"
MCNETT,RPR,550 PARAC 30FT BLACK REFL
MCNETT,RPR,550 PARAC 30FT ORANGE REFL
MCNETT,RPR,550 PARAC 30FT SAGE TAN
MCNETT,RPR,AQSL+SR SHOE REPAIR 1OZ
MCNETT,RPR,AQUASEAL + NEO CONTACT CMT
MCNETT,RPR,AQUASEAL FD REPAIR KIT
MCNETT,RPR,DUAL ADJUST BUCKLE-1 IN
MCNETT,RPR,DUAL ADJUST BUCKLE-3/4 IN
MCNETT,RPR,ELASTIC SHOCK CORD
MCNETT,RPR,ELLIPSE CORD LOCKS
MCNETT,RPR,FIRESTAND 550 PARA 50FT
MCNETT,RPR,GEAR AID ZIPPER LUBE STICK
MCNETT,RPR,GORETEX FABRIC REPAIR KIT
MCNETT,RPR,LEATHER GEL BOOT CARE KIT
MCNETT,RPR,PLASTIC SNAP HOOKS
MCNETT,RPR,REVIVEX BOOT ER 4OZ
MCNETT,RPR,REVIVEX DOWN CLEANER
MCNETT,RPR,REVIVEX RUBBER BOOT TREATMENT
MCNETT,RPR,REVIVEX UV PROTECTANT
MCNETT,RPR,SEA DROPS 1-1/4OZ BLISTERED
MCNETT,RPR,SEAM GRIP 1OZ W/ BRUSHTIP
MCNETT,RPR,SEAM GRIP 8OZ TUBE
MCNETT,RPR,SEAM GRIP TF SEALANT 4OZ
MCNETT,RPR,SEAMGRIP FC SEALANT
MCNETT,RPR,SEAQUICK SPRAY 1/2OZ BLISTERED
MCNETT,RPR,TENACIOUS HEX PATCH
MCNETT,RPR,TENACIOUS MINI PATCHES CLEAR/B
MCNETT,RPR,TENACIOUS NEOPRENE PATCH
MCNETT,RPR,TENACIOUS SILNYLON PATCH KIT
MCNETT,RPR,"TENACIOUS TAPE 3""X20"" CLEAR"
MCNETT,RPR,"TENACIOUS TAPE 3""X20"" WHITE"
MCNETT,RPR,TENACIOUS TAPE 3INX20IN BLACK
MCNETT,RPR,TENACIOUS TAPE FLEX PATCHES
MCNETT,RPR,TENACIOUS TAPE MESH PATCHES
MCNETT,RPR,TENACIOUS TAPE REFLECTIVE
MCNETT,RPR,TENACIOUS TAPE REPAIR
MCNETT,RPR,"TENACIOUS TAPE- 3"" X 20"""
MCNETT,RPR,TENT SEALANT 1.5OZ
MCNETT,RPR,"TRIGLIDE KIT 1"""
MCNETT,RPRSEW,GEAR AID OUTDOOR SEWING KIT
MCNETT,RPRSMS,AQUASEAL FD ADHESIVE
MCNETT,RPRSMS,AQUASEAL FD ADHESIVE RPR+CURE
MCNETT,RPRSMS,AQUASEAL UV FIELD REPAIR
MCNETT,RPRSMS,SEAM GRIP 1/4OZ FIELD RPR KIT
MCNETT,RPRTAP,MINI PATCH KIT TAPE
MCNETT,RPRTAP,"TENACIOUS TAPE 3"" X 20"" BLACK"
MCNETT,RPRTAP,"TENACIOUS TAPE 3"" X 20"" CLEAR"
MCNETT,RPRTAP,"TENACIOUS TAPE 3"" X 20"" WHITE"
MCNETT,RPRZIP,GEAR AID ZIPPER CLEANER & LUBE
MCNETT,RPRZIP,GEAR AID ZIPPER REPAIR KIT
MCNETT,TOLBIN,HEROCLIP MEDIUM BLUE
MCNETT,TOLBIN,HEROCLIP MINI BLUE STEEL
MCNETT,TOLBIN,HEROCLIP MINI HOT ROD RED
MELITA,KITCO,#2 100 COUNT BROWN
MELITA,KITCO,#2 40 COUNT BROWN
MELITA,KITCO,READY SET JOE FILTER CONE
MERKID,FW HIKYTH,MOAB SPEED 2 LOW WP
MERKID,FW HIKYTH,MOAB SPEED 2 MID AC WTRPF
MERKID,FW HIKYTH,MOAB SPEED 2 MID WTRPF
MERKID,FW HIKYTH,Y'S FREE ROAM CHROMA MOC
MERKID,FW HIKYTH,Y'S HYDRO LAGOON
MERKID,FW HIKYTH,Y'S JUNGLE MOC
MERKID,FW HIKYTH,Y'S MOAB 3 LOW WP
MERKID,FW HIKYTH,Y'S MOAB 3 MID WP
MERKID,FW HIKYTH,Y'S MOAB SPD 2 LOW AC WP
MERKID,FW HIKYTH,Y'S MOAB SPEED 2 LOW WP
MERKID,FW HIKYTH,Y'S MOAB SPEED 2 MID AC WP
MERKID,FW HIKYTH,Y'S MOAB SPEED 2 MID WP
MERKID,FW HIKYTH,Y'S TRAIL CHASER 2
MERR,FW HIKMEN,M'S MOAB 3
MERR,FW HIKMEN,M'S MOAB 3 MID
MERR,FW HIKMEN,M'S MOAB 3 MID WP
MERR,FW HIKMEN,M'S MOAB 3 WP
MERR,FW HIKMEN,M'S SPEED STRIKE 2
MERR,FW HIKWMN,W'S MOAB 3
MERR,FW HIKWMN,W'S MOAB 3 MID - FINAL SALE
MERR,FW HIKWMN,W'S MOAB 3 MID WP
MERR,FW HIKWMN,W'S MOAB 3 WP
MERR,FW HIKWMN,W'S SPEED STRIKE 2
MGP,CLIBAGCHK,MOAB CHALK BAG - ASSORTED
MHW,ACS,M'S ALLOY NUT BELT
MHW,ACS,M'S DOUBLE BACK BELT
MHW,CLAGLVMEN,POWER STRETCH STIM GLOVE
MHW,CLAHATCAP,RECYCLED TRUCKER HAT
MHW,CLAHATSUN,CANVAS CAMP HAT
MHW,CLAHATSUN,STRYDERÂ„¢ SUN HAT
MHW,CLAHATSUN,STRYDER™ BUCKET HAT
MHW,CLAHATWNT,CAELUM DOME
MHW,CLAHATWNT,CATTRACK U BEANIE-DARK TANNIN
MHW,CLAHATWNT,CATTRACK U BEANIE-FIERY RED
MHW,CLAHATWNT,CATTRACK U BEANIE-SEA LEVEL
MHW,CLAHATWNT,CATTRACK™ BEANIE
MHW,CLAHATWNT,EVERYONES FAVORITE U BEA-HEATH
MHW,CLAHATWNT,EVERYONES™ FAVORITE BEANIE
MHW,CLOBLTMEN,M'S MOUNTAIN STRETCH HOODY
MHW,CLOBLTMEN,POLARTEC  MICROFLEECE FZ
MHW,CLODRSWMN,W'S DYNAMA DRESS
MHW,CLOHDYMEN,AIRMESH HDY
MHW,CLOHDYMEN,DELORO DOWN FZ HDY
MHW,CLOHDYMEN,GLACIAL TRAIL HDY
MHW,CLOHDYMEN,HICAMP FLEECE HDY
MHW,CLOHDYMEN,HICAMP FLEECE PRINTED HDY
MHW,CLOHDYMEN,M'S CRATER LAKE L/S HDY
MHW,CLOHDYMEN,M'S CRATER LAKE™ LS HDY
MHW,CLOHDYMEN,M'S KOR AIRSHELL HDY
MHW,CLOHDYMEN,M'S MICROCHILL™ HDY
MHW,CLOHDYMEN,M'S SUMMIT GRID™ HDY
MHW,CLOHDYMEN,M'S SUNBLOCKER HDY
MHW,CLOHDYMEN,M'S SUNSHIELD™ HDY
MHW,CLOHDYMEN,MOUNTAIN STRETCH HDY
MHW,CLOHDYMEN,POLARTEC POWER GRID FZ HDY
MHW,CLOHDYMEN,STRETCHDOWN HDY
MHW,CLOHDYWMN,W'S CRATER LAKE HZ CROP HDY
MHW,CLOHDYWMN,W'S CRATER LAKE LS HDY
MHW,CLOHDYWMN,W'S CRATER LAKE™ LS HDY
MHW,CLOHDYWMN,W'S MICROCHILL™ HDY
MHW,CLOHDYWMN,W'S SUMMIT GRID™ HZ HDY
MHW,CLOHDYWMN,W'S SUNBLOCKER LS HDY
MHW,CLOHDYWMN,W'S SUNSHIELD™ HDY
MHW,CLOJKTMEN,DELORO DOWN JACKET
MHW,CLOJKTMEN,HARDWEAR LOGO FZ HOODY
MHW,CLOJKTMEN,J TREE INSULATED SHACKET
MHW,CLOJKTMEN,KOR AIRSHELL  WARM JACKET
MHW,CLOJKTMEN,M'S GHOST WHISPERER DOWN HOODE
MHW,CLOJKTMEN,M'S GHOST WHISPERER DOWN JKT
MHW,CLOJKTMEN,M'S KOR AIRSHELLÂ„¢ JKT
MHW,CLOJKTMEN,M'S KOR AIRSHELL™ HOODED JKT
MHW,CLOJKTMEN,M'S MICROCHILL FZ JKT
MHW,CLOJKTMEN,M'S STRETCH OZONIC JKT
MHW,CLOJKTMEN,M'S STRETCHDOWN M JACKE
MHW,CLOJKTMEN,MICROCHILL FZ JACKET
MHW,CLOJKTMEN,NEVADAN DOWN VEST
MHW,CLOJKTMEN,POLARTEC HIGH LOFT JACKET
MHW,CLOJKTMEN,STRETCHDOWN  HOODY
MHW,CLOJKTMEN,STRETCHDOWN  LIGHT PULLOVER
MHW,CLOJKTMEN,STRETCHDOWN JACKET
MHW,CLOJKTWMN,CHOCKSTONE W JACKET
MHW,CLOJKTWMN,STRETCHDOWN HIGH-HIP JACKET
MHW,CLOJKTWMN,STRETCHDOWN LIGHT JACKET
MHW,CLOJKTWMN,W'S ACADIA™ JACKET
MHW,CLOJKTWMN,W'S DELORO  DOWN VEST
MHW,CLOJKTWMN,W'S KOR AIRSHELL FULL ZIP
MHW,CLOJKTWMN,W'S KOR AIRSHELL™ JKT
MHW,CLOJKTWMN,W'S KOR AIRSHELL™ HOODED JK
MHW,CLOJKTWMN,W'S MICROCHILL 2.0 ZIP T
MHW,CLOJKTWMN,W'S MICROCHILL FZ JKT
MHW,CLOJKTWMN,W'S STRETH OZONIC JKT
MHW,CLOLSSMEN,M'S CANYON LS
MHW,CLOLSSMEN,M'S CANYON LS SHIRT
MHW,CLOLSSMEN,M'S CANYON™ LS SHIRT
MHW,CLOLSSMEN,M'S CRATER LAKE L/S
MHW,CLOLSSMEN,M'S CRATER LAKE™ LS
MHW,CLOLSSWMN,W'S CANYON LS
MHW,CLOLSSWMN,W'S CRATER LAKE LS
MHW,CLOLSWMEN,M'S MICROCHILL 1/4 ZIP P/O
MHW,CLOMENPNT,BASIN TREK PANT
MHW,CLOMENPNT,CEDERBERG UTILITY PANT
MHW,CLOMENPNT,CHOCKSTONE TRAIL PANT
MHW,CLOMENPNT,CHOCKSTONE TRAIL SHORT
MHW,CLOMENPNT,HARDWEAR AP ACTIVE PANT
MHW,CLOMENPNT,M'S BASIN TREK PANT
MHW,CLOMENPNT,M'S CASTIL CONV PANT SHORT
MHW,CLOMENPNT,M'S CEDERBERG™ PANT REGULAR
MHW,CLOMENPNT,M'S CHOCKSTONE™ HIKE PANT
MHW,CLOMENPNT,M'S HARDWEAR AP ACTIVE PANT
MHW,CLOMENPNT,M'S HARDWEAR AP PANT
MHW,CLOMENPNT,STRYDER PANT
MHW,CLOMENRJ,EXPOSURE 2  GORE-TEX PACLITE
MHW,CLOMENRJ,M ACADIA™ JACKET
MHW,CLOMENSHI,AIRMESH 1/2 ZIP
MHW,CLOMENSHI,CANYON L/S SHIRT
MHW,CLOMENSHI,CRATER LAKE HOODY
MHW,CLOMENSHI,CRATER LAKE L/S CREW
MHW,CLOMENSHI,DUSK CREEK FLANNEL L/S SHIRT
MHW,CLOMENSHI,FRANKLIN L/S SHIRT
MHW,CLOMENSHI,M'S ASHBY™ LS SHIRT
MHW,CLOMENSHI,M'S AXE CLIMBING SS T
MHW,CLOMENSHI,M'S BIG COTTONWOOD L/S
MHW,CLOMENSHI,M'S BOX LOGO SS
MHW,CLOMENSHI,M'S BUTTERMAN™ CREW
MHW,CLOMENSHI,M'S CANYON SS SHIRT
MHW,CLOMENSHI,M'S CANYON™ SS SHIRT
MHW,CLOMENSHI,M'S CONNESS LAKES™ SS SHIRT
MHW,CLOMENSHI,M'S CRATER LAKE L/S T
MHW,CLOMENSHI,M'S CRATER LAKE SS
MHW,CLOMENSHI,M'S FRANZ™ SS SHIRT
MHW,CLOMENSHI,M'S GHEE™ L/S 1/2 ZIP
MHW,CLOMENSHI,M'S GHEE™ L/S CREW
MHW,CLOMENSHI,M'S GROVE HIDE OUT SS
MHW,CLOMENSHI,M'S HARDWEAR ICE AXE SS
MHW,CLOMENSHI,M'S HOTEL BASECAMP™ SS POCKET
MHW,CLOMENSHI,M'S HOTEL BASECAMP™ SS T
MHW,CLOMENSHI,M'S J TREE SS SHIRT
MHW,CLOMENSHI,M'S MHW GEAR™ S/S T
MHW,CLOMENSHI,M'S SINKS CANYON M L/S
MHW,CLOMENSHI,M'S STRETCHSTONE™ LS SHIRT
MHW,CLOMENSHI,M'S TECHNICIAN L/S SHIRT
MHW,CLOMENSHI,M'S WICKED TECH™ S/S T
MHW,CLOMENSHI,MICROCHILL 1/4 ZIP P/O
MHW,CLOMENSHI,MOUNTAIN STRETCH HOODY
MHW,CLOMENSHI,PLUSHER L/S SHIRT
MHW,CLOMENSHI,ROGERS PASS™ L/S SHIRT
MHW,CLOMENSHI,SUNBLOCKER HOODY
MHW,CLOMENSHI,VOYAGER ONE™ L/S SHIRT
MHW,CLOMENSHI,WICKED TECH L/S
MHW,CLOMENSHI,WICKED TECH S/S
MHW,CLOMENSHT,BASIN PULL-ON SHORT
MHW,CLOMENSHT,HARDWEAR AP SHORT
MHW,CLOMENSHT,M'S CASCADE PASS™ CARGO SHORT
MHW,CLOMENSHT,M'S HARDWEAR AP ACTIVE SHORT
MHW,CLOMENSHT,M'S J TREE™ SHORT
MHW,CLOMENSHT,M'S LOGAN CANYON™ 3/4 PANT
MHW,CLOMENSHT,M'S LOGAN CANYON™ SHORT
MHW,CLOMENSHT,M'S RAILAY REDPOINT™ SHORT
MHW,CLOMENSHT,M'S RAILAY™ SHORT
MHW,CLOMENSHT,M'S STRYDER SWIM SHORT
MHW,CLOMENSHT,STRYDER BELTED SHORT
MHW,CLOMENSHT,STRYDER SWIM SHORT
MHW,CLOPNTMEN,M'S DYNAMA PNT
MHW,CLOPNTMEN,M'S STRETCH OZONIC PANT
MHW,CLOPNTMEN,M'S STRYDER PANT
MHW,CLOPNTWMN,W'S DYNAMA HR ANKLE PANT
MHW,CLOPNTWMN,W'S DYNAMA™ ANKLE PNT
MHW,CLOPNTWMN,W'S STRETCH OZONIC PANT
MHW,CLORNJMEN,M'S STRETCH OZONIC INS. RJ
MHW,CLORNJMEN,M'S STRETCH OZONIC RAIN JKT
MHW,CLORNJWMN,W'S STRETCH OZONIC RAIN JKT
MHW,CLORNPMEN,M'S STRETCH OZONIC RAIN PANT
MHW,CLORNPWMN,W'S STRETCH OZONIC RAIN PANT
MHW,CLOSHOMEN,M'S DYNAMA™ SHORT
MHW,CLOSHOMEN,M'S STRYDER BELTED SHORT
MHW,CLOSHOMEN,M'S STRYDER™ BELTED SHORT
MHW,CLOSHOMEN,PEAK PASS CARGO SHORT 11INS
MHW,CLOSHOWMN,W'S DYNAMA BERMUDA
MHW,CLOSHOWMN,W'S DYNAMA SHORT
MHW,CLOSHOWMN,W'S DYNAMA™ BERMUDA
MHW,CLOSHOWMN,W'S SHADE LITE™ SHORT
MHW,CLOSHOWMN,W'S STRYDER™ BELTED SHORT
MHW,CLOSHOWMN,W'S STRYDER™ SHORT
MHW,CLOSHOWMN,W'S TRAIL SENDER™ SHORT
MHW,CLOSNHMEN,M'S SUNBLOCKER HDY
MHW,CLOSNHWMN,W'S SUNBLOCKER LS HDY
MHW,CLOSNTMEN,M'S SUNBLOCKER L/S
MHW,CLOSSTMEN,M'S COTTONWOOD CAMP LITE SS
MHW,CLOSSTMEN,M'S COTTONWOOD LITE SS
MHW,CLOSSTMEN,M'S CRATER LAKE SS
MHW,CLOSSTMEN,M'S TRAIL SENDER™ SS
MHW,CLOSSTWMN,W'S CRATER LAKE LS CROP
MHW,CLOSSTWMN,W'S DYNAMA™ CROP
MHW,CLOTNKWMN,W'S CRATER LAKE TANK
MHW,CLOTNKWMN,W'S MOUNTAIN STRECH TANKLETTE
MHW,CLOWMNBL,POLARTEC HIGH LOFT  PULLOVER
MHW,CLOWMNBL,W'S CRATER LAKE L/S HOODY
MHW,CLOWMNBL,W'S EXPLORE FLEECE  JACKET
MHW,CLOWMNBL,W'S GHEE™ TIGHT
MHW,CLOWMNBL,W'S POLARTEC  MICROFLEECE
MHW,CLOWMNBL,W'S SNOWPASS™ FZ FLEECE
MHW,CLOWMNBL,W'S SYNERGIST TIGHT
MHW,CLOWMNPNT,DYNAMA/2 CAPRI
MHW,CLOWMNPNT,MIRADA CONV PANT REG
MHW,CLOWMNPNT,MOUNTAIN STRETCH TIGHT
MHW,CLOWMNPNT,W'S CANYON PRO™ PANT
MHW,CLOWMNPNT,W'S DYNAMA HIGH RISE PANT
MHW,CLOWMNPNT,W'S DYNAMA/2 ANKLE
MHW,CLOWMNPNT,W'S DYNAMA/2 CAPRI
MHW,CLOWMNPNT,W'S DYNAMA™ ANKLE
MHW,CLOWMNPNT,W'S DYNAMA™ CAPRI
MHW,CLOWMNPNT,W'S DYNAMA™ PANT
MHW,CLOWMNPNT,W'S HARDWEAR AP™ PANT
MHW,CLOWMNPNT,W'S HARDWEAR AP™ SHORT
MHW,CLOWMNPNT,W'S MOUNTAIN STRETCH TIGHT
MHW,CLOWMNPNT,W'S TREKKIN  INSULATED MINI SK
MHW,CLOWMNRJ,W'S SO INSULATED JACKET
MHW,CLOWMNSHI,CANYON L/S SHIRT
MHW,CLOWMNSHI,CRATER LAKE L/S HOODY
MHW,CLOWMNSHI,CRATER LAKE TANK
MHW,CLOWMNSHI,DRYSPUN PERF W ELBOW T
MHW,CLOWMNSHI,EVERYDAY PERFECT™ 3/4 T
MHW,CLOWMNSHI,GLACIAL TRAIL P/O HDY
MHW,CLOWMNSHI,M'S WICKED TECH™ RECYCLED L/S
MHW,CLOWMNSHI,MIGHTY ACTIVA SOL W TANK
MHW,CLOWMNSHI,POLARTEC HIGH LOFT P/O
MHW,CLOWMNSHI,POLARTEC POWER GRID FZ HDY
MHW,CLOWMNSHI,SUNSHADOW L/S HOODY
MHW,CLOWMNSHI,W GHEE™ L/S CREW
MHW,CLOWMNSHI,W'S BERRYESSA™ L/S SHIRT
MHW,CLOWMNSHI,W'S CANYON LS SHIRT
MHW,CLOWMNSHI,W'S CANYON™ L/S SHIRT
MHW,CLOWMNSHI,W'S CRATER LAKE ACTIVE HDY
MHW,CLOWMNSHI,W'S CRATER LAKE LS HOODY
MHW,CLOWMNSHI,W'S CRATER LAKE S/S
MHW,CLOWMNSHI,W'S CRATER LAKE SS
MHW,CLOWMNSHI,W'S CRATER LAKE™ TANK
MHW,CLOWMNSHI,W'S KOR AIRSHELL HDY
MHW,CLOWMNSHI,W'S MHW LOGO SHORT SLEEVE
MHW,CLOWMNSHI,W'S MIGHTY STRIPE S/S
MHW,CLOWMNSHI,W'S MIGHTY STRIPE™ TANK
MHW,CLOWMNSHI,W'S NATURE LOVER S/S
MHW,CLOWMNSHI,W'S RILEY™ L/S SHIRT
MHW,CLOWMNSHI,W'S STRYDER ANORAK
MHW,CLOWMNSHI,W'S TONSAI™ BRALETTE
MHW,CLOWMNSHI,W'S WICKED TECH TANK
MHW,CLOWMNSHI,W'S WICKED TECH™ L/S T
MHW,CLOWMNSHI,W'S WICKED™ PRINTED SS T
MHW,CLOWMNSHT,CHILLACTION SHORT
MHW,CLOWMNSHT,DYNAMA HIGH BERMUDA SHORT
MHW,CLOWMNSHT,W HARDWEAR AP SHORT-RUSTED
MHW,CLOWMNSHT,W'S CANYON PRO™ SHORT
MHW,CLOWMNSHT,W'S CASCADE PASS SHORT
MHW,CLOWMNSHT,W'S DYNAMA SKORT
MHW,CLOWMNSHT,W'S DYNAMA/2™ CAPRI
MHW,CLOWMNSHT,W'S DYNAMA™ BERMUDA
MHW,CLOWMNSHT,W'S DYNAMA™ CAPRI
MHW,CLOWMNSHT,W'S DYNAMA™ SHORT
MHW,CLOWMNSHT,W'S RAILAY LITE SHORT
MHW,CLOWMNSHT,W'S REDWOOD CAMP™ SHORT
MHW,CLOWMNSHT,W'S RIGHT BANK SHORT
MHW,CLOWMNSHT,W'S TRAIL SENDER SHORT
MHW,CLOWMNSHT,W'S WONDERVALLEY SHORT
MHW,FW ACSGTR,SETA RUNNING GAITER
MHW,HATCAP,FULL LOCK UP™ TRUCKER HAT
MHW,HATCAP,JEFFRO™ TRUCKER HAT
MHW,HATCAP,MHW U TRUCKER HAT
MHW,HATCAP,SEVEN SUMMITS U TRUCKER
MHW,HATCAP,SOMA™ TRUCKER HAT
MHW,HATCAP,TRAILSEEKER™ TRUCKER HAT
MHW,HATSUN,CANYON WIDE BRIM HAT II
MHW,HATSUN,CHILLER WIDE BRIM HAT
MHW,PAKDAY,ALAKAZAM 45L BACKPACK
MHW,PAKDAY,LICKETY SPLIT 20L BACKPACK
MHW,PAKDAY,LICKETY SPLIT™ 20L BACKPACK
MHW,PAKDAY,SCRAMBLER 25 BACKPACK
MHW,PAKDAY,SCRAMBLER 35 BACKPACK
MHW,PAKDAY,SCRAMBLER 35L BACKPACK
MHW,PAKDAY,SCRAMBLER RT 20
MHW,PAKDAY,SCRAMBLER™ 25L BACKPACK
MHW,PAKDAY,SCRAMBLER™ 35L BACKPACK
MHW,PAKDAY,SINGLE TRACK 12
MHW,PAKDAY,SINGLETRACK  18
MHW,PAKDAY,UL 20 BACKPACK
MHW,SLPBAG,BISHOP PASS 0 LONG- LH
MHW,SLPBAG,BISHOP PASS 0 REG- LH
MHW,SLPBAG,BISHOP PASS 15F/-9C
MHW,SLPBAG,BISHOP PASS M 15 LONG
MHW,SLPBAG,BISHOP PASS M 15 REG
MHW,SLPBAG,BISHOP PASS W 15 LONG
MHW,SLPBAG,BISHOP PASS W 15 REG
MHW,SLPBAG,BISHOP PASS W 15F/-9C
MHW,SLPBAG,BOZEMAN 0 LONG
MHW,SLPBAG,BOZEMAN 0 REG
MHW,SLPBAG,BOZEMAN 0 SHORT
MHW,SLPBAG,BOZEMAN 15 LNG
MHW,SLPBAG,BOZEMAN 15 REG
MHW,SLPBAG,BOZEMAN 15 WMNS LONG
MHW,SLPBAG,BOZEMAN 15 WMNS REG
MHW,SLPBAG,BOZEMAN™ QUILT REGULAR
MHW,SLPBAG,GHOUL 20Â°F/-7Â°C
MHW,SLPBAG,LAMINA -20 2 LONG
MHW,SLPBAG,LAMINA -20 2 REG
MHW,SLPBAG,LAMINA 0  SHORT
MHW,SLPBAG,LAMINA 0F LONG -RH
MHW,SLPBAG,LAMINA 0F/-18C REG RH
MHW,SLPBAG,LAMINA 0F/-18C REG- LH
MHW,SLPBAG,LAMINA 0F/-18C SHORT-LH
MHW,SLPBAG,LAMINA 15F/-9C
MHW,SLPBAG,LAMINA ECO AF 30  SHORT
MHW,SLPBAG,LAMINA W 0  LONG
MHW,SLPBAG,LAMINA W 0  REG
MHW,SLPBAG,LAMINA W 15F/-9C
MHW,SLPBAG,LAMINA Z 5 LONG
MHW,SLPBAG,PHANTOM 0F/-18C
MHW,TNTCAR,MERIDIAN 3 TENT
MHW,TNTCAR,MINERAL KING 2 TENT
MHW,TNTCAR,MINERAL KING 3 TENT
MHW,TNTCAR,MINERAL KING™ 2 ALL SEASON
MHW,TNTCAR,MINERAL KING™ 2 TENT
MHW,TNTCAR,MINERAL KING™ 3 ALL SEASON
MHW,TNTCAR,MINERAL KING™ 3 TENT
MHW,TNTCAR,NIMBUS UL 1 TENT
MHW,TNTCAR,NIMBUS UL 2 TENT
MHW,TNTCAR2P,ASPECT 2 TENT
MHW,TNTCAR4P,ASPECT 3 TENT
MHW,TRVDFL,LW EXP DUFFLE 131L 30IN
MHW,XXX,M'S ENLIGHTENED EXP RELAXED
MHW,XXX,M'S SUMMIT GRID HZ
MHW,XXX,W'S MICROCHILL HZ
MINUS3,CLAHB,HEADBAND REVERSIBLE
MINUS3,CLAHB,HEADBAND REVERSIBLE ASH/NAVY
MINUS3,CLAHB,HEADBAND REVERSIBLE B/S
MINUS3,CLAHB,HEADBAND REVERSIBLE BLAZE/BLK
MINUS3,CLAHB,HEADBAND REVERSIBLE DARK/RADI
MINUS3,CLAHB,KNIT TWIST HEADBAND
MINUS3,CLAHB,KNIT TWIST HEADBAND BURGANDY
MINUS3,CLAHB,KNIT TWIST HEADBAND CHAR GRAY
MINUS3,CLAUNDWMN,BIKINI W'S UNDERWEAR LARGE
MINUS3,CLAUNDWMN,BIKINI W'S UNDERWEAR MEDIUM
MINUS3,CLAUNDWMN,BIKINI W'S UNDERWEAR SMALL
MINUS3,CLAUNDWMN,BIKINI W'S UNDERWEAR XL
MINUS3,CLAUNDWMN,BIKINI W'S UNDERWEAR XSMALL
MINUS3,CLAUNDWMN,BOYSHORTS UNDERWEAR W'S L
MINUS3,CLAUNDWMN,BOYSHORTS UNDERWEAR W'S LARGE
MINUS3,CLAUNDWMN,BOYSHORTS UNDERWEAR W'S MEDIUM
MINUS3,CLAUNDWMN,BOYSHORTS UNDERWEAR W'S SMALL
MINUS3,CLAUNDWMN,BOYSHORTS UNDERWEAR W'S XL
MINUS3,CLAUNDWMN,BOYSHORTS UNDERWEAR W'S XL OL
MINUS3,CLAUNDWMN,BOYSHORTS W'S UNDERWEAR L
MINUS3,CLAUNDWMN,BOYSHORTS W'S UNDERWEAR LARGE
MINUS3,CLAUNDWMN,BOYSHORTS W'S UNDERWEAR M
MINUS3,CLAUNDWMN,BOYSHORTS W'S UNDERWEAR MEDIUM
MINUS3,CLAUNDWMN,BOYSHORTS W'S UNDERWEAR S
MINUS3,CLAUNDWMN,BOYSHORTS W'S UNDERWEAR SMALL
MINUS3,CLAUNDWMN,BOYSHORTS W'S UNDERWEAR XL
MINUS3,CLAUNDWMN,BOYSHORTS W'S UNDERWEAR XSMALL
MINUS3,CLAUNDWMN,W'S BOXER BRIEFS L
MINUS3,CLAUNDWMN,W'S BOXER BRIEFS LAR
MINUS3,CLAUNDWMN,W'S BOXER BRIEFS LARGE
MINUS3,CLAUNDWMN,W'S BOXER BRIEFS M
MINUS3,CLAUNDWMN,W'S BOXER BRIEFS MED
MINUS3,CLAUNDWMN,W'S BOXER BRIEFS MEDIUM
MINUS3,CLAUNDWMN,W'S BOXER BRIEFS S
MINUS3,CLAUNDWMN,W'S BOXER BRIEFS SM
MINUS3,CLAUNDWMN,W'S BOXER BRIEFS SMALL
MINUS3,CLAUNDWMN,W'S BOXER BRIEFS XL
MINUS3,CLAUNDWMN,W'S BOXER BRIEFS XLAR
MINUS3,CLAUNDWMN,W'S BOXER BRIEFS XS
MLINE,CLOMENSHI,M'S CAPTAIN BIRDBEARD
MLINE,CLOMENSHI,M'S FEATHER LIGHT
MLINE,CLOMENSHI,M'S FEATHERWAVE
MLINE,CLOMENSHI,M'S FOREST TIGER SS TEE
MLINE,CLOMENSHI,M'S KEEP IT COMIN
MLINE,CLOMENSHI,M'S LAND OF OZ
MLINE,CLOWMNSHI,W'S BIRD BABE WAVES SS TEE
MLINE,CLOWMNSHI,W'S CAPTAIN BIRDBEARD
MLINE,CLOWMNSHI,W'S FEATHER LITE - TEE
MLINE,CLOWMNSHI,W'S FEATHERWAVE
MLINE,CLOWMNSHI,W'S FOREST TIGER SS TEE
MLINE,CLOWMNSHI,W'S RED WOLF
MLINE,CLOWMNSHI,W'S TIGER VINES SS TEE
MM,KCHMSC,MR. MISTER- BLACK
MM,KCHMSC,MR. MISTER- BLUE
MM,KCHMSC,MR. MISTER- GREEN
MM,KCHMSC,MR. MISTER- WHITE
MMA,MCHSTK,DELICATE ARCH STICKER
MMA,MCHSTK,RAVEN ARCH STICKER
MMA,MCHSTK,SHEEP UTAH STICKER
MONT,FWACS,ENDURO-SOLE LP YELLOW
MONT,FWACS,ENDURO-SOLES BLACK
MS,CMPCOL,THE TAKEOUT
MS,COLSFT,COOLER CUBE
MS,COLSFT,COOLER TUBE SLING
MS,COLSFT,THE SIXER
MS,COLSFT,THE TAKEOUT
MS,HIKPOL,ANDESITE
MS,HIKPOL,ANDESITE NEO-CARBON
MS,HIKPOL,CARBONLITE PRO
MS,HIKPOL,CARBONLITE PRO-CARBON
MS,HIKPOL,DOLOMITE 7075 OLS
MS,HIKPOL,DOLOMITE 7075 OLS - MOROCCAN B
MS,HIKPOL,GLOBETROTTER - GRAPHITE
MS,HIKPOL,GLOBETROTTER POLE
MS,HIKPOL,HALITE 7075
MS,HIKPOL,HALITE WSD 7075
MS,HIKPOL,PINNACLE GLACIER BLUE
MS,HIKPOL,PINNACLE SAND
MS,HIKPOL,PINNACLE SINGLE
MS,HIKPOL,PINNACLE SINGLE POLE
MS,HIKPOL,PYRITE 7075 - AMBER ORANGE
MS,HIKPOL,PYRITE 7075 - LAVA RED
MS,HIKPOL,RAMBLER 7075
MS,HIKPOL,RHYOLITE 6061
MS,HIKPOL,RHYOLITE 6061 - DEEP BLUE
MS,HIKPOL,RHYOLITE 6061 POLE
MS,HIKPOL,TELLURITE 7075 OLS
MS,HIKPOL,TELLURITE 7075 WSD
MS,HIKPOL,TELLURITE WSD 7075
MS,HIKPOL,TREKKER FX LITE - CARBON
MS,HIKPOLTIP,RUBBER BOOT TIP BULK
MS,HIKPOLTIP,TP RUBBER BOOT TIPS
MS,PAKACS,STRAPETTES
MS,PAKCRS,SWOOP
MS,PAKCRS,TIMBER SLING
MS,PAKDAYUNI,ZERK 13 W/ REZ
MS,PAKDAYUNI,ZERK 20
MS,PAKHIP,DAY
MS,PAKHIP,DRIFT
MS,PAKHIP,DRY KICK
MS,PAKHIP,EPIC
MS,PAKHIP,EPIC EVO (W/1L BLADDER)
MS,PAKHIP,EPIC UL (W/1L BLADDER)
MS,PAKHIP,GROOVE
MS,PAKHIP,KNOCKABOUT
MS,PAKHIP,SIDEKICK
MS,PAKHIP,SIDEKICK MED
MS,PAKHIP,SIDEKICK SM
MS,PAKHIP,SPRINT
MS,PAKHIP,TANACK 10
MS,PAKHIP,TIMBER
MS,PAKHIP,TIMBER SLING
MS,PAKHIP,TOUR
MS,PAKHIP,TOUR SMALL
MS,PAKHIP,TRIPPIN FANNY
MS,PAKHIP,TRIPPIN HIP PACK
MS,PAKHIP,TRIPPIN LIL'
MS,PAKHIP,VIBE
MS,TNTACS,STEEL TARP POLE
MS,TNTBP 2P,BEAR CREEK 2P
MS,TNTBP 2P,MORRISON  2P
MS,TNTBP 2P,MORRISON EVO 2P
MS,TNTBP 4P,BEAR CREEK 4P
MS,TNTBP 4P,MORRISON EVO 4P
MS,TNTUND,CONIFER 5+P
MS,TNTUND,MOUNTAIN DOME 2P
MS,TNTUND,MOUNTAIN DOME 3P
MSHADE,SUN,PLR MINI SHADES MIX
MSM,CLICHK,STICKUM SPRAY AEROSOL 4OZ
MSM,CLITAP,"EURO TAPE 1.5"""
MSM,CLITAP,"EURO TAPE 1.5"" BOX"
MSM,CLITAP,"EURO TAPE 2"""
MSM,CLITAP,"EURO TAPE 2"" BOX"
MSSI,CLABAN,MOAB PRINTED BANDANNA
MSSI,CLABAN,MOAB TIE-DYED BANDANNA
MSSI,CLAWAL,MOAB DBL ZIPPER COIN PURSE
MSSI,CLAWAL,MOAB ZIPPER COIN PURSE
MSSI,DW ALCACS,MOAB LICENSE PLATE SHOT
MSSI,DW BOTMTL,MOAB BOTTLE 28OZ
MSSI,DW CUP,MOAB CLEAR PINT
MSSI,DW CUP,MOAB PHOTO PINT
MSSI,DW CUP,MOAB PINT GLASS
MSSI,DW INS,CAN INSUALTOR
MSSI,DW INS,CAN INSULATOR - DEL ARCH
MSSI,DW INS,CAN INSULATOR - LIZARD
MSSI,DW INS,MOAB FOAM CAN HOLDERS
MSSI,ELTMSC,MOAB POP SOCKET
MSSI,GAM,MOAB 160PCS PUZZLE
MSSI,GAM,MOAB DOMINOS SET
MSSI,GAM,MOAB PLAYING CARDS
MSSI,GAM,MOAB TOWER PUZZLE
MSSI,HATCAP,ARCHES TRIANGLE PATCH HAT
MSSI,HATCAP,MESH BACK HAT
MSSI,HATCAP,MOAB DELICATE ARCH HAT
MSSI,HATCAP,MOAB LEATHER PATCH BILL HAT
MSSI,HATCAP,MOAB LETTERS HAT
MSSI,HATCAP,MOAB MESH HAT
MSSI,LITLAN,MOAB OTD LANTERN
MSSI,MCHKEY,KEYCHAIN - ASSORTED
MSSI,MCHKEY,MOAB  FULL COLOR LANYARD
MSSI,MCHKEY,MOAB ACRYLIC LICENSE PLATE KC
MSSI,MCHKEY,MOAB DELICATE ARCH BRASS KC
MSSI,MCHKEY,PARACORD CARB KEYCHAIN
MSSI,MCHMAG,MAGNETS - ASSORTED
MSSI,MCHMUG,CARABINER MUG
MSSI,MCHMUG,MUG - ASSORTED
MSSI,MCHPCD,UTAH POSTCARD
MSSI,MCHPCH,PATCH - ASSORTED
MSSI,MCHPIN,LAPEL PIN - ASSORTED
MSSI,MCHPIN,MOAB ARCH PIN
MSSI,MCHPIN,MOAB KOKOPELLI PIN
MSSI,MCHPIN,MOAB PIN
MSSI,MCHSG,ARCHES SHOT
MSSI,MCHSG,FROSTED MARBLE KOKOPELI SHOT
MSSI,MCHSG,FROSTED MARBLE SHOT
MSSI,MCHSG,METALLIC SKY SHOT
MSSI,MCHSG,MOAB FROSTED SHOT GLASS
MSSI,MCHSG,MOAB GLAZED SHOT GLASS
MSSI,MCHSG,MOAB GREETINGS SHOT GLASS
MSSI,MCHSG,SHOT GLASS - ASSORTED
MSSI,MCHSTK,STICKER - ASSORTED
MSSI,TLTCON,ROUND LEATHER KEYCHAIN
NAAK,FODBAR,ALMOND & CHOCOLATE
NAAK,FODBAR,ALMOND CHOCOLATE NUT BUTTER
NAAK,FODBAR,APPLE MAPLE SYRUP
NAAK,FODBAR,BERRIES & NUTS
NAAK,FODBAR,CARAMEL MACCHIATO
NAAK,FODBAR,LIME DRINK MIX
NAAK,FODBAR,PB & CHOCOLATE
NAAK,FODBAR,SWEET POTATOE BUTNUT SQUASH
NATGEO,MAP,ARCHES NATIONAL PARK
NATGEO,MAP,BLACK CANYON/GUNNISON CURECANT
NATGEO,MAP,BRYCE CANYON NAT'L PARK
NATGEO,MAP,CANYOLANDS ISLAND IN THE SKY
NATGEO,MAP,CANYOLANDS MAZE DISTRICT
NATGEO,MAP,CANYOLANDS NEEDLES DISTRICT
NATGEO,MAP,CANYONLANDS NAT'L PARK
NATGEO,MAP,CANYONS OF ESCALANTE
NATGEO,MAP,CAPITOL REEF NAT'L PARK
NATGEO,MAP,CO ROAD & REC ATLAS BENCHMARK
NATGEO,MAP,COLORADO NAT'L MONUMENT
NATGEO,MAP,DURANGO/CORTEZ
NATGEO,MAP,FLAGSTAFF SEDONA COCONINO ETC
NATGEO,MAP,FLAMING GORGE NRA
NATGEO,MAP,FOUR CORNERS DESTINATION MAP
NATGEO,MAP,GLEN CANYON NAT'L REC AREA
NATGEO,MAP,GRAND CANYON N&S RIMS
NATGEO,MAP,GRAND GULCH CEDAR MESA PLATEAU
NATGEO,MAP,GRAND JUNCTION/FRUITA
NATGEO,MAP,GRAND MESA
NATGEO,MAP,GRAND STAIRCASE PAUNSAUGUNT
NATGEO,MAP,GRAND TETON NAT'L PARK
NATGEO,MAP,GUIDE MAP COLORADO
NATGEO,MAP,GUIDE MAP UTAH
NATGEO,MAP,GUIDE TO NAT'L PARKS OF USA
NATGEO,MAP,HIGH UINTAS WILDERNESS
NATGEO,MAP,JOSHUA TREE NAT'L PARK
NATGEO,MAP,KID'S ULTIMATE ROAD ATLAS
NATGEO,MAP,MANTI LA SAL NAT'L FOREST
NATGEO,MAP,MOAB AREA MAP PACK
NATGEO,MAP,MOAB AREA NAT'L PARK DAY HIKES
NATGEO,MAP,MOAB DAY HIKES
NATGEO,MAP,MOAB EAST/ DEWEY
NATGEO,MAP,MOAB GREATER REGION
NATGEO,MAP,MOAB MAP PK BUNDLE
NATGEO,MAP,MOAB WEST/ KLOND
NATGEO,MAP,PAIUTE ATV TRAIL
NATGEO,MAP,PARIA CANYON KANAB
NATGEO,MAP,ROAD ATLAS ADVENTURE EDITION
NATGEO,MAP,ROAD ATLAS SCENIC DRIVES ED
NATGEO,MAP,ROCKY MOUNTAIN NAT'L PARK
NATGEO,MAP,SAN RAFAEL SWELL
NATGEO,MAP,THE WORLD FOR KIDS
NATGEO,MAP,TOPO - ARIZONA
NATGEO,MAP,TOPO - COLORADO
NATGEO,MAP,TOPO - UTAH
NATGEO,MAP,ULTIMATE OURTDOOR MAP KIT
NATGEO,MAP,UNCOMPAHGRE PLATEAU NORTH
NATGEO,MAP,UNCOMPAHGRE PLATEAU SOUTH
NATGEO,MAP,UNITED STATES SOUTHWEST MAP
NATGEO,MAP,UT ROAD & REC ATLAS BENCHMARK
NATGEO,MAP,UTAH NAT'L PARKS MAP BUNDLE
NATGEO,MAP,WEMINUCHE WILDERNESS
NATGEO,MAP,WORLD EXECUTIVE POSTER SIZE
NATGEO,MAP,YELLOWSTONE NAT'L PARK
NATGEO,MAP,YOSEMITE NAT'L PARK
NATGEO,MAP,ZION NATIONAL PARK
NATHAN,PAKACS,MERCURY 2
NATHAN,PAKACS,PEAK BLUE RADIANCE
NBN,BOKCLI,BEST CLIMBS DENVER/BOULDER 2
NBN,BOKCLI,BEST CLIMBS MOAB FALCON
NBN,BOKCLI,BEST CLIMBS RED ROCKS
NBN,BOKCLI,BEYOND THE VERTICAL
NBN,BOKCLI,BOULDERING COLORADO
NBN,BOKCLI,CANYONEERING 2ND
NBN,BOKCLI,CLASSIC ROCK CLIMBS NO 28
NBN,BOKCLI,CLIMBING ANCHORS FIELD GUIDE 2
NBN,BOKCLI,CLIMBING ANCHORS. 3RD ED.
NBN,BOKCLI,CRACK CLIMBING
NBN,BOKCLI,DESERT ROCK CLIMBS IN NAT'L PA
NBN,BOKCLI,HT ROCK CLIMB 5ED
NBN,BOKCLI,HTRC BIG WALLS
NBN,BOKCLI,HTRC KNOTS FOR CLIMBERS 3ED
NBN,BOKCLI,ROCK CLIMBERS EXERCISE GUIDE
NBN,BOKCLI,ROCK CLIMBING AMGA SINGLE PITC
NBN,BOKCLI,ROCK CLIMBING COLORADO 2ED
NBN,BOKCLI,ROCK CLIMBING ELDORADO CANYON
NBN,BOKCLI,ROCK CLIMBING UTAH 2
NBN,BOKCLI,TRAD CLIMBER'S BIBLE
NBN,BOKCLI,TRAINING FOR CLIMBING
NBN,BOKCLI,VERTICAL WORLD
NBN,BOKHIK,BASIC ILLUSTRATED MAP & COMPAS
NBN,BOKHIK,BEST DAY HIKES MOAB
NBN,BOKHIK,BEST HIKES SALT LAKE CITY
NBN,BOKHIK,BPM BACKPACKING BASICS
NBN,BOKHIK,BPM OUTDOOR GEAR MNT/RPR
NBN,BOKHIK,BPM TRAILSIDE FIRST AID
NBN,BOKHIK,BPM TRAILSIDE NAVIGATION
NBN,BOKHIK,DAY HIKES - CNYNLNDS & ARCHES
NBN,BOKHIK,DESERT HIKE TIPS
NBN,BOKHIK,HIKE CANYONLANDS & ARCHES 4
NBN,BOKHIK,HIKE GRAND CANYON NAT'L PARK
NBN,BOKHIK,HIKE RUINS SELDOM SEEN 2
NBN,BOKHIK,HIKE UTAH 4TH ED
NBN,BOKHIK,NATURALISTS GUIDE TO CANYON C
NBN,BOKHIK,TRAIL TESTED; THRUHIKERS 2ND
NBN,BOKHIK,TRAIL TESTED; THRUHIKERS GT
NBN,BOKRIV,PADDLING COLORADO
NBN,BOOKS,ALLEN & MIKE'S BACKPACKIN
NBN,BOOKS,BEDH ZION & BRYCE 3RD
NBN,BOOKS,BI EDIBLE WILD PLANT
NBN,BOOKS,BPM OUTDOOR KNOTS
NBN,BOOKS,BPM OUTDOOR SURVIVAL
NBN,BOOKS,BPM PREDICTING WEATHER
NBN,BOOKS,BPM USING A GPS
NBN,BOOKS,CAMP TOP SECRETS 25TH ANNIVERS
NBN,BOOKS,CAMPING SURVIVAL
NBN,BOOKS,CAMPING UTAH 2ND ED
NBN,BOOKS,CAMPSITE COOKING
NBN,BOOKS,HIKING COLORADO WESTERN SLOPE
NBN,BOOKS,LIGHTEN UP
NBN,BOOKS,LIPSMACKIN CAR CAMPING
NBN,BOOKS,MAP USA FOUR CORNERS 175
NBN,BOOKS,MTN BIKE DURANGO
NBN,BOOKS,MTN BIKE GRAND JUNCTION 2ND ED
NBN,BOOKS,MTN BIKING MOAB 2
NBN,BOOKS,MTN BIKING MOAB POCKET GUIDE
NBN,BOOKS,MTN BIKING POCKET GUIDE
NBN,BOOKS,MTN BIKING ST. GEORGE
NBN,BOOKS,MTN GUIDE MANUAL; THE COMPREHE
NBN,BOOKS,OUTLAW TALES UT 2ED
NBN,BOOKS,RAPPELING; ROPE DESCENDING
NBN,BOOKS,ROAD BIKING UTAH
NBN,BOOKS,ROCK AND ROAD
NBN,BOOKS,ROCK GEMS & MINERALS SW
NBN,BOOKS,ROCKHOUNDING UTAH
NBN,BOOKS,SCATS & TRACKS DESERT SW
NBN,BOOKS,SCATS & TRACKS OF DESERT SW
NBN,BOOKS,SELF RESCUE 2ED
NBN,BOOKS,TOPROPING
NBN,BOOKS,TOPROPING 2ND EDITION
NBN,BOOKS,USEFUL KNOTS
NBN,BOOKS,USING GPS 2ND
NBN,BOOKS,WILDERNESS CAMPING
NEMO,CMPFNT,STARGAZE RECLINER LUXURY
NEMO,FURCHR,MOONLITE ELITE RCL BP CHAIR
NEMO,FURCHR,MOONLITE ELITE RCL CAMP CHAIR
NEMO,FURCHR,MOONLITE ELITE RECLIN BKPK CHA
NEMO,FURCHR,SATELLITE RECLINER CHAIR
NEMO,FURCHR,STARGAZE EVO-X FOLD RCL CHAIR
NEMO,FURCHR,STARGAZE RECLINER CAMP
NEMO,FURTAB,MOONLANDER DUAL-HEIGHT CMP TBL
NEMO,SLPBAG,M'S DISCO 15 DEGREE- REG
NEMO,SLPBAG,W'S DISCO 15 DEGREE- LONG
NEMO,SLPBAG,W'S DISCO 15 DEGREE- REG
NEMO,SLPBAG,W'S FORTE 35 REG
NEMO,SLPBKT,VICTORY PATIO BLNKT
NEMO,SLPPAD,ECLIPSE AS LW INS. PAD
NEMO,SLPPAD,ROAMER SELF INFL. PAD
NEMO,SLPPAD,SWITCHBACK INSULATED
NEMO,SLPPAD,TENSOR ALL-SEASON UL INS
NEMO,SLPPAD,TENSOR TRAIL UL INS
NEMO,SLPPIL,FILLO CAMPING PILLOW-WIDE
NEMO,SLPPIL,FILLO ELITE UL PILLOW
NEMO,SLPPIL,FILLO KING LUX CAMP PILLOW
NEMO,SLPPIL,FILLO PILLOW
NEMO,TLTSWR,HELIO LX PRESSURE SHOWER
NEMO,TLTSWR,HELIO PRESSURE SHOWER
NEMO,TNTBIK,DRAGONFLY BIKEPACK OSMO
NEMO,TNTBP,AURORA BACKPACK
NEMO,TNTBP,AURORA BKPK TENT & FOOTPRINT
NEMO,TNTBP,AURORA BKPK TENT 3P
NEMO,TNTBP,DRAGONFLY  OSMO BACKPACK
NEMO,TNTBP,HORNET OSMO UL BACKPACK
NEMO,TNTBP 1P,HORNET OSMO UL BP TENT -1P
NEMO,TNTBP 2P,HORNET OSMO UL BP TENT -2P
NEMO,TNTBP 3P,AURORA BACKPACK
NEMO,TNTBP 3P,HORNET OSMO UL BP TENT -3P
NEMO,TNTCAR4P,AURORA HIGHRISE TENT -4P
NEMO,TNTCAR6P,AURORA HIGHRISE TENT -6P
NEMO,TNTFP,AURORA HIGHRISE FTPRNT
NEMO,TNTFP,DRAGONFLY 1 FOOTPRINT
NEMO,TNTFP,DRAGONFLY 2 FOOTPRINT
NEMO,TNTPRV,HELIOPOLIS PRIVACY SHELTER &
NEMO,TNTSUN,VICTORY SCREENHOUSE SHELTER
NEVE,FODSQZ,BOYSENBERRY BEET
NEVE,FODSQZ,TART CHERRY CACAO
NIKON,NOXACS,FOG KLEAR
NIKON,NOXACS,LENSPEN PRO KIT
NIKON,NOXACS,MICRO FIBER CLEANING CLOTH
NIKON,NOXACS,MICROFIBER LENS CLOTH
NIKON,NOXACS,PROSTAFF BINO HARNESS
NIKON,NOXACS,TRIPOD ADAPTER
NIKON,NOXBIN,ACTION EXTREME 8X40 ATB
NIKON,NOXBIN,ACULON A211 10X50
NIKON,NOXBIN,ACULON A211 8X42
NIKON,NOXBIN,ACULON A30 10X25
NIKON,NOXBIN,ACULON T02 10X21 BLACK
NIKON,NOXBIN,ACULON T02 8X21 WHITE
NIKON,NOXBIN,MONARCH M5 - 10X42
NIKON,NOXBIN,MONARCH M5 - 8X42
NIKON,NOXBIN,MONARCH M5 12X42
NIKON,NOXBIN,MONARCH M7 - 8X42
NIKON,NOXBIN,MONARCH M7 10X30
NIKON,NOXBIN,MONARCH M7 8X30
NIKON,NOXBIN,PROSTAFF 1000 - LRF
NIKON,NOXBIN,PROSTAFF 1000I - LRF
NIKON,NOXBIN,PROSTAFF 3 16-48X60MM FIELDSCO
NIKON,NOXBIN,PROSTAFF 5  12X50
NIKON,NOXBIN,PROSTAFF 5 10X50
NIKON,NOXBIN,PROSTAFF ATB 8X25
NIKON,NOXBIN,PROSTAFF ATB WP 10X25
NIKON,NOXBIN,PROSTAFF P3 10X30
NIKON,NOXBIN,PROSTAFF P3 10X42
NIKON,NOXBIN,PROSTAFF P3 8X30
NIKON,NOXBIN,PROSTAFF P3 8X42
NIKON,NOXBIN,PROSTAFF P7 10X30
NIKON,NOXBIN,PROSTAFF P7 10X42
NIKON,NOXBIN,PROSTAFF P7 8X30
NIKON,NOXBIN,PROSTAFF P7 8X42
NIKON,NOXBIN,SPORTSTAR ZOOM 8-24X25
NIKON,NOXBIN,TRAILBLAZER ATB 10X25
NIKON,NOXBIN,TRAILBLAZER ATB 8X25
NIKON,NOXBIN,TRAVELITE 8X25
NIKON,NOXRNG,LASER 30
NIKWAX,MSCHYG,BASEWASH 300ML
NIKWAX,MSCHYG,COTTON PROOF 300ML
NIKWAX,MSCHYG,DOWN PROOF 300ML
NIKWAX,MSCHYG,DOWN WASH 1L
NIKWAX,MSCHYG,DOWN WASH 300ML
NIKWAX,MSCHYG,FABRIC/LEATHER PROOF (SPRAY)
NIKWAX,MSCHYG,FOOTWEAR CLEANING GEL
NIKWAX,MSCHYG,FOOTWEAR REFRESH
NIKWAX,MSCHYG,HARDSHELL DUO-PACK 300ML
NIKWAX,MSCHYG,LEATHER CLEANER 300ML
NIKWAX,MSCHYG,LEATHER RESTORER
NIKWAX,MSCHYG,LEATHER WTPF WAX - CREAM 100ML
NIKWAX,MSCHYG,NUBUCK & SUEDE PROOF (SPRAY)
NIKWAX,MSCHYG,SOFTSHELL PROOF 300ML
NIKWAX,MSCHYG,SPORTS REFRESH 1L
NIKWAX,MSCHYG,TECH WASH 1L
NIKWAX,MSCHYG,TECH WASH 300ML
NIKWAX,MSCHYG,TENT & GEAR SOLARPROOF
NIKWAX,MSCHYG,TENT & GEAR SOLARWASH
NIKWAX,MSCHYG,TENT/GEAR DUO PACK
NIKWAX,MSCHYG,TX DIRECT SPRAY-ON 300ML
NIKWAX,MSCHYG,TX DIRECT WASH-IN 1L
NIKWAX,MSCHYG,TX DIRECT WASH-IN 300ML
NIKWAX,MSCHYG,WOOL WASH 1L
NIKWAX,MSCHYG,WOOL WASH 300ML
NITEZ,ACS,STEELIE® VENT MOUNT CAR KIT
NITEZ,BIKACS,HANDLEBAND CHARCOAL
NITEZ,CLAWAL,FINANCIAL TOOL® RFID WALLET BL
NITEZ,LITACS,RADIANT® RECH MICRO LANTERN
NITEZ,LITHL,RADIANT® 400 LANTERN
NITEZ,MCHKEY,KEY BAND-IT BLUE
NITEZ,MCHKEY,KEY BAND-IT GREEN
NITEZ,MCHKEY,X IDENTIKEY TAGS
NITEZ,MCHKEY,X SIDELOCK #3 BLUE
NITEZ,MCHKEY,X SIDELOCK® KEYRACK
NITEZ,PETBWL,RADDOG™ COLLAPSIBLE BOWL
NITEZ,PETCLR,NITEHOWL® MINI
NITEZ,PETCLR,NITEHOWL® RED
NITEZ,PETCLR,SPOTLIT COLLAR LIGHT
NITEZ,RPR,DOOHICKEY® KEY CHAIN KNIFE BLU
NITEZ,RPR,DOOHICKEY® KEY CHAIN KNIFE OLV
NITEZ,RVRPCH,RUNOFF WP PHONE BLT POUCH
NITEZ,RVRPCH,RUNOFF WP PHONE POUCH
NITEZ,TNTACS,FIGURE #9 TENT LINE KIT 4PK
NITEZ,TNTACS,GEAR LINE 4FT
NITEZ,TOLACS,"GEAR TIE 3"" 4PK ASST"
NITEZ,TOLACS,"GEAR TIE 6"" 2PK"
NITEZ,TOLACS,"GEAR TIE 6"" 2PK BROWN"
NITEZ,TOLACS,"GEAR TIE 6"" 2PK NEON"
NITEZ,TOLACS,GEAR TIE PROPACK-12 IN
NITEZ,TOLACS,GEAR TIE PROPACK-18 IN
NITEZ,TOLACS,GEAR TIE PROPACK-3 IN
NITEZ,TOLACS,GEAR TIE PROPACK-32 IN
NITEZ,TOLACS,GEAR TIE PROPACK-6 IN
NITEZ,TOLACS,GEAR TIE® CORDABLE™ TWIST TIE
NITEZ,TOLBIN,CAMJAM SLIDELOCK TIGHTENER
NITEZ,TOLBIN,FIIGURE #9 LARGE ANODIZED
NITEZ,TOLBIN,G-SERIES DUAL CHAMBER #2
NITEZ,TOLBIN,G-SERIES DUAL CHAMBER #2 - BLK
NITEZ,TOLBIN,KEYRACK LOCKER STAINLESS
NITEZ,TOLBIN,KEYRACK+ S-BINER
NITEZ,TOLBIN,KEYRING - S-BINER®
NITEZ,TOLBIN,S-BINER #1 BLACK 2PK
NITEZ,TOLBIN,S-BINER #1 SS 2PK
NITEZ,TOLBIN,S-BINER #2 BLACK
NITEZ,TOLBIN,S-BINER #2 SS
NITEZ,TOLBIN,S-BINER #3 - SS
NITEZ,TOLBIN,S-BINER #3 BLACK
NITEZ,TOLBIN,S-BINER #4 BLACK
NITEZ,TOLBIN,S-BINER #4 SS
NITEZ,TOLBIN,S-BINER #5 BLACK
NITEZ,TOLBIN,S-BINER #5 SS
NITEZ,TOLBIN,S-BINER AHHH BLACK
NITEZ,TOLBIN,S-BINER AHHH STAINLESS
NITEZ,TOLBIN,S-BINER ALUMINUM DUAL
NITEZ,TOLBIN,S-BINER MICROLOCK BLACK 2PK
NITEZ,TOLBIN,S-BINER MICROLOCK SS 2PK
NITEZ,TOLBIN,S-BINER SIDELOCK #2 BLACK
NITEZ,TOLBIN,S-BINER SIDELOCK #2 SS
NITEZ,TOLBIN,S-BINER SIDELOCK #3 BLACK
NITEZ,TOLBIN,S-BINER SIDELOCK #4 SS
NITEZ,TOLBIN,S-BINER SIDELOCK 4 BLACK
NITEZ,TOLBIN,SIDELOCK #2
NITEZ,TOLBIN,SIDELOCK #4
NITEZ,TOLBIN,SIDELOCK ALU #4 BINER RED
NITEZ,TOLBIN,SPOTLIT™ XL RECH BINER LIGHT
NITEZ,TOLMLT,DOOHICKEY MULTI TOOL BLACK
NITEZ,TOLMLT,DOOHICKEY MULTI TOOL STAINLESS
NITEZ,TOLMSC,GEAR TIE SQUARE ASSORTMENT
NITEZ,TOLMSC,GEAR TIE TUBE ASSORTMENT
NITEZ,TOLMSC,HIDEOUT
NITEZ,TOLMSC,HIDEOUT XL
NITEZ,XXX,INOVA T8R RECHRG DUAL COLOR FL
NOCS,NOXACS,CLEANING KIT
NOCS,NOXACS,FIELD ISSUE POUCH
NOCS,NOXACS,NOCLOC APPROACH NECK STRAP
NOCS,NOXACS,PHOTO RIG PHONE ADAPTER
NOCS,NOXACS,STANDARD ISSUE POUCH
NOCS,NOXACS,TUBE CADDY
NOCS,NOXACS,WOVEN TAP STRAP - BLACK/WHITE
NOCS,NOXACS,WOVEN TAP STRAP - MIDNIGHT
NOCS,NOXACS,WOVEN TAP STRAP - MULTICOLOR
NOCS,NOXACS,WOVEN TAP STRAP - WARM
NOCS,NOXACS,WOVEN TAPESTRY NECK STRAP
NOCS,NOXBIN,FIELD ISSUE 10X32 - BINOCULAR
NOCS,NOXBIN,FIELD ISSUE 10X32 WP BINOC
NOCS,NOXBIN,FIELD ISSUE 10X42 WP BINOC
NOCS,NOXBIN,FIELD ISSUE 8X32 -BINOCULAR
NOCS,NOXBIN,FIELD ISSUE 8X32 WP BINOC
NOCS,NOXBIN,FIELD ISSUE 8X42 WP BINOC
NOCS,NOXBIN,PRO ISSUE 10X42 - PERSIMMON OR
NOCS,NOXBIN,PRO ISSUE 10X42 - SLATE GRAY
NOCS,NOXBIN,PRO ISSUE 10X42 WP BINOC
NOCS,NOXBIN,PRO ISSUE 8X42 - ALPINE GREEN
NOCS,NOXBIN,PRO ISSUE 8X42 - GALAPAGOS BLU
NOCS,NOXBIN,PRO ISSUE 8X42 - OBSIDIAN BLK
NOCS,NOXBIN,PRO ISSUE 8X42 WP BINOC
NOCS,NOXBIN,STANDARD 10X25 - OLIVE
NOCS,NOXBIN,STANDARD 10X25 - PACIFIC BLUE
NOCS,NOXBIN,STANDARD 10X25 - SAGE GREEN
NOCS,NOXBIN,STANDARD 10X25 - SUNSET ORANGE
NOCS,NOXBIN,STANDARD 10X25 - WILLOW GRAY
NOCS,NOXBIN,STANDARD 8X25 - COBALT BLUE
NOCS,NOXBIN,STANDARD 8X25 - CYPRESS GREEN
NOCS,NOXBIN,STANDARD 8X25 - FLAT EARTH
NOCS,NOXBIN,STANDARD 8X25 - GRANITE GRAY
NOCS,NOXBIN,STANDARD 8X25 - MARIGOLD YEL
NOCS,NOXBIN,STANDARD 8X25 - SEAFOAM GREEN
NOCS,NOXBIN,STANDARD 8X25 - SQUID BLACK
NOCS,NOXBIN,STANDARD 8X25 - WESTERN TANG
NOCS,NOXBIN,STANDARD ISSUE 10X25 WP BINOC
NOCS,NOXBIN,STANDARD ISSUE 8X25 WP BINOC
NOCS,NOXMON,FIELD TUBE 8X32 MONOCULAR
NOCS,NOXMON,ZOOM TUBE 10X32 MONOCULAR
NOCS,NOXMON,ZOOM TUBE 8X32 MONOCULAR
NOMADX,FURMAT,FESTIVAL BLANKET
NOMADX,TLTTWL,BLANKET TOWEL
NOMADX,TLTTWL,FITNESS TOWEL
NOMADX,TLTTWL,MINI TOWEL
NOMADX,TLTTWL,ORIGINAL TOWEL
NOMADX,TLTTWL,TINY TOWEL
NOMADX,TLTTWL,ULTRALIGHT TOWEL
NORDIQ,MEDDEF,LEMON/ORANGE/GINGE R LIM SPF15
NORDIQ,MEDDEF,MOAB SPF 15 LIPBALM
NORDIQ,MEDDEF,MOAB SPF 15 SUNSCREEN
NORDIQ,MEDDEF,MOAB SPF 30 SUNSCREEN
NORDIQ,MEDDEF,S-P MANGO TANGO SPF15 LIPBALM
NORDIQ,MEDDEF,S-P MARGARITA SPF15 LIPBALM
NORDIQ,MEDDEF,S-P PREMIUM SPF15 LIPBALM
NORDIQ,MEDDEF,S-P TROPICAL FANTASY SPF15
NORDIQ,MEDDEF,SPF 15 2OZ SUNSCREEN
NORDIQ,MEDDEF,SPF 30 2OZ SUNSCREEN
NOSO,RPR,NOSO PATCHES - ARCHES
NOSO,RPR,NOSO PATCHES - ASSORTED 1
NOSO,RPR,NOSO PATCHES - ASSORTED 2
NOSO,RPR,NOSO PATCHES - MERINO BANDAGE
NOSO,RPR,NOSO PATCHES - MERINO SM HEART
NOSO,RPR,NOSO PATCHES - MICRO FLC BND
NOSO,RPR,NOSO PATCHES - MICRO FLC CIRC
NOSO,RPR,NOSO PATCHES - MICRO FLC L HRT
NOSO,RPR,NOSO PATCHES - MICRO FLC S HRT
NOSO,RPR,NOSO PATCHES - PATCHDAZZLE KIT
NRS,CLAGLVMEN,CASTAWAY GLOVE
NRS,CLAGLVMEN,COVE GLOVE
NRS,CLAGLVMEN,COVE GLOVE NEW
NRS,CLAGLVMEN,GUIDE GLOVES
NRS,CLAGLVMEN,H20ZONE SUN SLEEVE
NRS,CLAGLVMEN,H2OZONE NECK GAITER
NRS,CLAGLVMEN,HYDROSKIN GLOVES
NRS,CLAGLVMEN,M'S BOATERS GLOVES
NRS,CLAGLVMEN,NRS FUSE GLOVES
NRS,CLAGLVMEN,SKELETON GLOVE
NRS,CLAGLVMEN,SKELETON GLOVE NEW
NRS,CLORNJMEN,M'S ENDURANCE SPLASH
NRS,CLORNJWMN,W'S ENDURANCE SPLASH
NRS,FURMAT,CGEAR RV SAND-FREE
NRS,FURMAT,CGEAR SAND-FREE MULTIMATS BLUE
NRS,FURMAT,CGEAR SAND-FREE MULTIMATS ORAN
NRS,FURMAT,CGEAR SAND-FREE MULTIMATS SMAL
NRS,FURMAT,SAND FREE MULTIMAT - LARGE
NRS,FURMAT,SAND FREE MULTIMAT - XLARGE
NRS,HATCAP,RETRO TRUCKER HAT
NRS,HATSUN,FLEX FIT MESH
NRS,HATSUN,NRS GRADIENT VISOR KHAKI
NRS,HATSUN,TULA GARDNER HAT
NRS,HATSUN,TULA LATTICE GARDENER
NRS,HATSUN,TULA LIFEGAURD HAT
NRS,PETPFD,NRS CFD DOG LIFE JACKET
NRS,RPR,CLIFTON URETHANE ADHESIVE LA 4
NRS,RPR,STABOND ADHESIVE 4OZ
NRS,RPR,STABOND ADHESIVE 8OZ
NRS,RVRGLV,MAVERICK GLOVES
NRS,RVRMSC,..
NRS,RVRMSC,...
NRS,RVRMSC,CHAOS HELMET FULL CUT
NRS,RVRMSC,COIL PADDLE LEASH
NRS,RVRMSC,COMPACT THROW BAG 70'
NRS,RVRMSC,COMPACT THROW BAG 70' ORANGE
NRS,RVRMSC,COMPACT THROW BAG 70' RED
NRS,RVRMSC,COTTONMOUTH NOSE PLUGS
NRS,RVRMSC,CURRENT HELMET/VENT
NRS,RVRMSC,FLIP LINE-YELLOW/ORANGE
NRS,RVRMSC,KAYAK BILGE PUMP
NRS,RVRMSC,MINI ALUMINUM OARLOCK
NRS,RVRMSC,NRS COIL SUP LEASH
NRS,RVRMSC,NRS OUTLAW RAFT PVC FLOOR REP
NRS,RVRMSC,NRS QUICK RELEASE SUP LEASH
NRS,RVRMSC,PRO COMPACT RESCUE BAG
NRS,RVRMSC,PRO COMPACT RESCUE THROW BAG
NRS,RVRMSC,STANDARD RESCUE BAG
NRS,RVRMSC,STANDARD RESCUE BAG ORANGE
NRS,RVRMSC,SUPER PUMP
NRS,RVRMSC,THIRSTY KAYAK BILGE PUMP FLOAT
NRS,RVRMSC,WEDGE RESCUE THROW BAG
NRS,RVRPDL,NRS PT GUIDE PADDLE
NRS,RVRPDL,NRS PT KAYAK PADDLE
NRS,RVRPDL,NRS PTC RAFT PADDLE
NRS,RVRPDL,"PTE ECONOMY PADDLE 54"""
NRS,RVRPDL,"PTE ECONOMY PADDLE 57"""
NRS,RVRPDL,"PTE ECONOMY PADDLE 60"""
NRS,RVRPDL,PTR KAYAK PADDLE 197CM
NRS,RVRPDL,PTR TAKE-APART PADDLE 230CM
NRS,RVRPDL,PTR TAKE-APART PADDLE 240CM
NRS,RVRPDL,SOLID GATE PADDLE CRBNR
NRS,RVRPFD,AMBIENT PFD M/L
NRS,RVRPFD,AMBIENT PFD XS/M
NRS,RVRPFD,ION PFD L/XL
NRS,RVRPFD,ION PFD XS/M
NRS,RVRPFD,K'S RIO TOP PADDLE JACKET
NRS,RVRPFD,M'S ION PFD
NRS,RVRPFD,NRS BIG WATER V PFD GREEN
NRS,RVRPFD,NRS BIG WATER V YOUTH PFD GREE
NRS,RVRPFD,NRS BIG WATER V YOUTH PFD ORAN
NRS,RVRPFD,NRS BIG WATER V YOUTH PFD RED
NRS,RVRPFD,NRS NINJA PFD - RED
NRS,RVRPFD,NRS OSO PFD - BLUE
NRS,RVRPFD,NRS OSO PFD - RED
NRS,RVRPFD,NRS VAPOR PFD RED
NRS,RVRPFD,NRS VISTA PDF
NRS,RVRPFD,NRS VISTA PDF RED
NRS,RVRPFD,W'S SIREN PFD
NRS,RVRPFD,YOUTH NRS VISTA PDF LIME
NRS,RVRPFD,YOUTH NRS VISTA PDF RED
NRS,RVRSS,MIGHTYLIGHT DRY SACK
NRS,RVRSS,MIGHTYLIGHT DRY SACK 10L
NRS,RVRSS,MIGHTYLIGHT DRY SACK 15L
NRS,RVRSS,MIGHTYLIGHT DRY SACK 25L
NRS,RVRSS,MIGHTYLIGHT DRY SACK 5L
NRS,RVRSTR,"1"" CC STRAP 10FT"
NRS,RVRSTR,"1"" CC STRAP 12FT"
NRS,RVRSTR,"1"" CC STRAP 2FT"
NRS,RVRSTR,"1"" CC STRAP 4FT"
NRS,RVRSTR,"1"" HD STRAPS 4FT"
NRS,RVRSTR,"1"" PAIR HD STRAPS"
NRS,RVRSTR,"1"" PAIR LOOP STRAPS"
NRS,RVRSTR,"1.5"" HD STRAPS 12FT"
NRS,RVRSTR,"1.5"" HD STRAPS 3FT"
NRS,RVRSTR,"1.5"" HD STRAPS 4FT"
NRS,RVRSTR,"1.5"" HD STRAPS 6FT"
NRS,RVRSTR,"1.5"" HD STRAPS 9FT"
NRS,RVRSTR,"1.5"" NRS BUCKLE"
NRS,RVRSTR,"1.5"" PADDED STRAPS 12FT"
NRS,RVRSTR,"1.5"" PADDED STRAPS 15FT"
NRS,RVRSTR,"1.5"" PADDED STRAPS 20FT"
NRS,RVRSTR,"1.5"" PADDED STRAPS 9FT"
NRS,RVRSTR,"1.5"" PAIR HD STRAPS"
NRS,RVRSTR,5/8 MICRO 1.5'
NRS,RVRSTR,BUCKLE BUMPER STRAPS
NRS,RVRSTR,J-HOOK STRAP 6FT PAIR
NRS,RVRSTR,LOOP STRAP 4FT
NRS,RVRSTR,LOOP STRAP 9FT
NRS,RVRSTR,NRS BUCKLE
NRS,SOKMEN,BOUNDARY SOCKS W/ HYDROCUFF
NRS,SOKMEN,HYDROSKIN WETSOCKS 0.5
NRS,SOKMEN,NRS SANDAL SOCKS
NRS,SOKMEN,SEALSKINS MW MID SOCK
NRS,TLTCRPLOO,ECO-SAFE TOILET SYSTEM
NRS,TOLKNF,CO-PILOT KNIFE
NRS,TOLKNF,GREEN KNIFE
NRS,TOLKNF,NEKO BLUNT KNIFE BLACK
NRS,TOLKNF,NEKO BLUNT KNIFE GREEN
NRS,TOLKNF,NEKO KNIFE BLACK
NRS,TOLKNF,NEKO KNIFE GREEN
NRS,TOLKNF,PILOT ACCESS FOLDER
NRS,TOLKNF,PILOT KNIFE
NRS,TOLMSC,K PUMP 100 STANDARD
NRS,TOLMSC,K-PUMP 100
NRS,TOLMSC,K-PUMP 100 W/CHECK VALVE
NRS,TOLMSC,NRS SUPER 2 HP PUMP
NRS,TOLMSC,NRS SUPERPUMP REPL HOSE
NRS,TOLMSC,NRS SUPERPUMP REPL HOSE BLACK
NRS,TRVACS,MICRO DRY CASES 1010 BLUE
NRS,TRVACS,MICRO DRY CASES 1010 MOSS
NRS,TRVACS,MICRO DRY CASES 1015 BLACK
NRS,TRVACS,MICRO DRY CASES 1020 BLUE
NRS,TRVACS,MICRO DRY CASES 1020 MOSS
NRS,TRVACS,MICRO DRY CASES 1030 AQUA
NRS,TRVACS,MICRO DRY CASES 1030 BLUE
NRS,TRVACS,MICRO DRY CASES 1030 MOSS
NRS,TRVACS,MICRO DRY CASES 1030 RED
NRS,TRVACS,MICRO DRY CASES 1040 AQUA
NRS,TRVACS,MICRO DRY CASES 1040 BLUE
NRS,TRVACS,MICRO DRY CASES 1040 MOSS
NRS,TRVACS,MICRO DRY CASES 1050 BLUE
NRS,TRVACS,MICRO DRY CASES 1060 AQUA
NRS,TRVACS,MICRO DRY CASES 1060 BLUE
NRS,TRVACS,MICRO DRY CASES 1060 MOSS
NWE,WTRCONACS,100 MM NWE CAP
NWE,WTRCONACS,38 MM NWE CAP
NWE,WTRCONACS,48 MM NWE CAP
NWE,WTRCONHRD,1 GAL GLASS 38MM NECK
NWE,WTRCONHRD,1 GAL ROUND SCREW TOP
NWE,WTRCONHRD,1 GAL SQUARE SCREW TOP
NWE,WTRCONHRD,2 GAL REFRIGERATOR SCREW TOP
NWE,WTRCONHRD,2 GAL ROUND SCREW TOP
NWE,WTRCONHRD,3 GAL ROUND SCREW TOP
NWE,WTRCONHRD,5 GAL ROUND SCREW TOP
NWE,WTRCONHRD,64 OZ GLASS 38MM CAP
NWSTRP,MCHKEY,KEY FOB - GEARHEADS
NWSTRP,MCHKEY,KEY FOB - MOAB UTAH
NWSTRP,MCHKEY,LANYARD - GEARHEADS
NWSTRP,MCHKEY,LANYARD - MOAB UTAH
NWSTRP,RVRSTR,"1.5"" CAM STRAP 6FT"
OAKLEY,SUN,DROP IN
OAKLEY,SUN,FEEDBACK™ POLARIZED
OAKLEY,SUN,FROGSKINS
OAKLEY,SUN,FROGSKINS® DRIFTWOOD
OAKLEY,SUN,HALF JACKET 2.0 XL
OAKLEY,SUN,TAILPIN
OAKLEY,SUN,TRIGGERMAN
OCUN,CLAGLVMEN,CRACK GLOVES
OCUN,CLAGLVMEN,CRACK GLOVES - PRO
OCUN,CLIBAGCHK,OCUN LUCKY+ CHALKBAG ASST
OCUN,CLIBAGCHK,OCUN PUSH+ CHALKBAG ASST
OCUN,CLIGLVCRK,CRACK GLOVES - LITE
OLUKAI,FW SANBOY,B'S 'OHANA
OLUKAI,FW SANGRL,G'S 'KULAPA KAI
OLUKAI,FW SANGRL,G'S HO'OPIO
OLUKAI,FW SANMEN,M'S 'OHANA
OLUKAI,FW SANMEN,M'S HIAPO
OLUKAI,FW SANMEN,M'S HOKUA
OLUKAI,FW SANMEN,M'S HOKULE'A KIA
OLUKAI,FW SANMEN,M'S IKOI
OLUKAI,FW SANMEN,M'S KUA'AINA
OLUKAI,FW SANMEN,M'S KUPUNA
OLUKAI,FW SANMEN,M'S MEA OLA
OLUKAI,FW SANMEN,M'S MEKILA
OLUKAI,FW SANMEN,M'S NOHEA MOKU
OLUKAI,FW SANMEN,M'S NOHONA ULANA
OLUKAI,FW SANMEN,M'S NUI
OLUKAI,FW SANMEN,M'S OHANA KOA
OLUKAI,FW SANMEN,M'S PIKOI
OLUKAI,FW SANMEN,M'S PILI
OLUKAI,FW SANMEN,M'S TUAHINE
OLUKAI,FW SANMEN,M'S ULELE
OLUKAI,FW SANWMN,W'S 'OHANA
OLUKAI,FW SANWMN,W'S 'OHANA - 40
OLUKAI,FW SANWMN,W'S 'UIKI
OLUKAI,FW SANWMN,W'S 'UPENA
OLUKAI,FW SANWMN,W'S AUKAI
OLUKAI,FW SANWMN,W'S HI'ONA
OLUKAI,FW SANWMN,W'S HILA
OLUKAI,FW SANWMN,W'S HO'OPIO
OLUKAI,FW SANWMN,W'S HO'OPIO LEATHER
OLUKAI,FW SANWMN,W'S KAEKAE
OLUKAI,FW SANWMN,W'S KALAPU
OLUKAI,FW SANWMN,W'S KAPEHE LUANA
OLUKAI,FW SANWMN,W'S KULAPA KAI
OLUKAI,FW SANWMN,W'S KULAPA KAI - 40
OLUKAI,FW SANWMN,W'S NONOHE
OLUKAI,FW SANWMN,W'S PANIOLO
OLUKAI,FW SANWMN,W'S PUA
OLUKAI,FW SANWMN,W'S PUAWE
OLUKAI,FW SANWMN,W'S SOUTHSHORE
OLUKAI,FW SANWMN,W'S U'I
OLUKAI,FW SANWMN,W'S ‘AUKAI
OLUKAI,FW SANWMN,W'S ‘AWE‘AWE
OPINEL,TOLKNF,CORKSCREW N°10 KNIFE
OPINEL,TOLKNF,K'S N°07 OUTDOOR BLUE
OPINEL,TOLKNF,K'S N°07 OUTDOOR RED
OPINEL,TOLKNF,K'S N°07 ROUND ENDED
OPINEL,TOLKNF,LE PETIT CHEF SET
OPINEL,TOLKNF,NOMAD COOKING KIT
OPINEL,TOLKNF,N°06 STAINLESS STEEL OLIVEWOOD
OPINEL,TOLKNF,N°08 BLISTER STAINLESS STEEL
OPINEL,TOLKNF,N°08 OUTDOOR SPORT RED
OPINEL,TOLKNF,N°09 CLASSIC CARBON STEEL
OPINEL,TOLKNF,N°6 COLORAMA CLOUD
OPINEL,TOLKNF,N°6 COLORAMA LAVENDER
OPINEL,TOLKNF,N°6 COLORAMA STRAWBERRY
OPINEL,TOLKNF,N°6 COLORAMA VIOLET GREY
OPINEL,TOLKNF,N°7 COLORAMA ORANGE
OPINEL,TOLKNF,N°8 COLORAMA BURGUNDY
OPINEL,TOLKNF,N°8 COLORAMA DK BLUE
OPINEL,TOLKNF,N°8 OAK BLACK STUDIO
OPINEL,TOLSAW,N°12 FOLDING SAW
OPINEL,TOLSAW,N°18 FOLDING SAW
OR,CLABUFWNT,SOLEIL NECK GAITER
OR,CLAGLVMEN,DIRECT ROUTE GLOVES
OR,CLAGLVMEN,M'S ADRENALINE GLOVES
OR,CLAGLVMEN,M'S AKSEL WORK GLOVES
OR,CLAGLVMEN,M'S ALPINITE GORE-TEX GLOVES
OR,CLAGLVMEN,M'S ALTI GLOVES
OR,CLAGLVMEN,M'S ALTI II GORE-TEX MITTS
OR,CLAGLVMEN,M'S ARETE II GORE-TEX GLOVES
OR,CLAGLVMEN,M'S ARETE II GTX
OR,CLAGLVMEN,M'S BACKSTOP SENSOR GLOVES
OR,CLAGLVMEN,M'S BITTERBLAZE AEROGEL GLOVE
OR,CLAGLVMEN,M'S BITTERBLAZE AEROGEL GLOVES
OR,CLAGLVMEN,M'S COLDFRONT DOWN MITTS
OR,CLAGLVMEN,M'S DEMING SENSOR GLOVES
OR,CLAGLVMEN,M'S DEVIATOR GLOVES
OR,CLAGLVMEN,M'S DIRECT ROUTE II GLOVES
OR,CLAGLVMEN,M'S EXTRAVERT GLOVES
OR,CLAGLVMEN,M'S FAIRBANKS FINGERLESS GLOVE
OR,CLAGLVMEN,M'S FLURRY SENSOR GLOVES
OR,CLAGLVMEN,M'S GRIPPER SENSOR GLOVES
OR,CLAGLVMEN,M'S MERINO 220 SENSOR MITTS
OR,CLAGLVMEN,M'S MERINO WORK GLOVES
OR,CLAGLVMEN,M'S METHOW STRIDE
OR,CLAGLVMEN,M'S MIXALOT
OR,CLAGLVMEN,M'S RADIANTX GLOVES
OR,CLAGLVMEN,M'S SNOWCREW LEATHER GLOVES
OR,CLAGLVMEN,M'S SOLEIL SENSOR GLOVES
OR,CLAGLVMEN,M'S SPLITTER II GLOVES
OR,CLAGLVMEN,M'S SPLITTER WORK GLOVES
OR,CLAGLVMEN,M'S STORMTRACKER SENSOR GLOVES
OR,CLAGLVMEN,M'S STORMTRK SENSR WNDPR GLV
OR,CLAGLVMEN,M'S SURESHOT SOFTSHELL GLOVES
OR,CLAGLVMEN,M'S TRAIL MIX GLOVES
OR,CLAGLVMEN,M'S UPSURGE II PADDLE GLOVES
OR,CLAGLVMEN,M'S VERSALINER SENSOR GLOVES
OR,CLAGLVMEN,M'S VIGOR HW SENSOR GLOVES
OR,CLAGLVMEN,M'S VIGOR LW SENSOR GLOVES
OR,CLAGLVMEN,M'S VIGOR MW SENSOR GLOVES
OR,CLAGLVMEN,M'S WATERPROOF LINERS
OR,CLAGLVMEN,W'S LEATHER FIELD GLV
OR,CLAGLVSUN,ACTIVEICE CHROMA SUN GLOVES
OR,CLAGLVWMN,W'S ADRENALINE GLOVE
OR,CLAGLVWMN,W'S ADRENALINE GLOVES
OR,CLAGLVWMN,W'S BACKSTOP SENSOR GLOVES
OR,CLAGLVWMN,W'S FLURRY SENSOR GLOVES
OR,CLAGLVWMN,W'S SHADOW MITTS
OR,CLAGLVWMN,W'S SPECTRUM SUN GLOVES
OR,CLAGLVWMN,W'S STORMTRACKER SENSOR GLOVES
OR,CLAGLVWMN,W'S STORMTRK SENSR WNDPR GLV
OR,CLAGLVWMN,W'S SURESHOT SOFTSHELL GLOVES
OR,CLAGLVWMN,W'S TRAIL MIX GLOVES
OR,CLAGLVWMN,W'S VERSALINER SENSOR GLOVES
OR,CLAGLVWMN,W'S VIGOR HW SENSOR GLOVES
OR,CLAGLVWMN,W'S VIGOR LW SENSOR GLOVES
OR,CLAGLVWMN,W'S VIGOR MW SENSOR GLOVE
OR,CLAGLVWMN,W'S VIGOR MW SENSOR GLOVES
OR,CLAGLVYTH,TODDLERS' TRAIL MIX MITTS
OR,CLAGLVYTH,Y'S ADRENALINE GLOVES
OR,CLAGLVYTH,Y'S ADRENALINE MITTS
OR,CLAGLVYTH,Y'S TRAIL MIX MITTS
OR,CLAHATACS,OR ECHO UBERTUBE
OR,CLAHATCAP,FEEDBACK FLANNEL CAP
OR,CLAHATCAP,RADAR POCKET CAP
OR,CLAHATCAP,SUN RUNNER CAP
OR,CLAHATCAP,SWIFT CAP
OR,CLAHATCAP,SWIFT LITE BRIMMER
OR,CLAHATCAP,SWIFT RUN GAITER
OR,CLAHATCAP,SWIFT ULTRA LIGHT CAP
OR,CLAHATCAP,TRAIL MIX CAP
OR,CLAHATCAP,W'S SCRIPT TRUCKER CAP
OR,CLAHATSUN,HELIOS SUN HAT
OR,CLAHATSUN,PAPYRUS BRIM SUN HAT
OR,CLAHATSUN,RADAR VISOR
OR,CLAHATSUN,SOLAR ROLLER SUN HAT
OR,CLAHATSUN,SUN BUCKET HAT
OR,CLAHATSUN,SUN RUNNER CAP
OR,CLAHATSUN,SUNBRIOLET SUN HAT
OR,CLAHATSUN,SWIFT LITE BRIMMER
OR,CLAHATSUN,TRAIL MIX BUCKET
OR,CLAHATSUN,W'S MOJAVE II SUN HAT
OR,CLAHATSUN,W'S OASIS SUN HAT
OR,CLAHATSUN,W'S SOLAR ROLLER SUN HAT
OR,CLAHATSUN,Y'S KENDALL SUN HAT
OR,CLAHATSUN,Y'S SOLSTICE SUN BUCKET
OR,CLAHATWNT,BISHOP BEANIE
OR,CLAHATWNT,FLURRY BEANIE
OR,CLAHATWNT,FOUR PEAKS BEANIE
OR,CLAHATWNT,GRAYLAND FLEECE BEANIE
OR,CLAHATWNT,GRAYLAND FLEECE CAP
OR,CLAHATWNT,HOWLING WIND FLEECE CAP
OR,CLAHATWNT,JUNEAU BEANIE
OR,CLAHATWNT,JUNEAU SPECKLED BEANIE
OR,CLAHATWNT,KICK TURN BEANIE
OR,CLAHATWNT,NEWHALEM WNDSTPR BEANIE
OR,CLAHATWNT,NEWHALEM WNDSTPR HEADBAND
OR,CLAHATWNT,OR POLARTEC 100 BEANIE
OR,CLAHATWNT,SHADOW INSULATED 5 PANEL
OR,CLAHATWNT,SOLEIL EAR BAND
OR,CLAHATWNT,SPITSBERGEN BEANIE
OR,CLAHATWNT,SPITSBERGEN WNDSTPR BEANIE
OR,CLAHATWNT,TOASTY BEANIE
OR,CLAHATWNT,TRAIL MIX BEANIE
OR,CLAHATWNT,VIGOR GRID FLEECE BEANIE
OR,CLAHATWNT,W'S FRITTATA BEANIE
OR,CLAHATWNT,W'S MELODY BEANIE
OR,CLAHATWNT,W'S MELODY EAR BAND
OR,CLAHATWNT,WIND PRO BALACLAVA
OR,CLAHATWNT,WINDWARRIOR HAT
OR,CLAHATWNT,Y'S ALLEYOOP BEANIE
OR,CLAHATWNT,Y'S GLOWWORM BEANIE
OR,CLAHATWNT,Y'S JUNEAU BEANIE
OR,CLAHATWNT,YARDSALE BEANIE
OR,CLASLVSUN,ACTIVEICE SUN SLEEVES
OR,CLIGLVBEL,FOSSIL ROCK II GLOVE
OR,CLIGLVBEL,FOSSIL ROCK II GLOVES
OR,CLIGLVBEL,GRANITE GLOVES
OR,CLIGLVBEL,M'S GRANITE GLOVES
OR,CLOBLTMEN,M'S ALPINE ONSET MERINO 150
OR,CLOBLTMEN,M'S VIGOR FULL ZIP HOODIE
OR,CLOBLTWMN,W'S ALPINE ONSET 150 CREW
OR,CLOHDYMEN,M'S DEVIATOR HDY
OR,CLOHDYMEN,M'S DEVIATOR HOODIE
OR,CLOHDYMEN,M'S ECHO HOODIE
OR,CLOHDYMEN,M'S FERROSI DURAPRINT HDY
OR,CLOHDYMEN,M'S FERROSI HDY
OR,CLOHDYMEN,M'S SPECTRUM SUN HDY
OR,CLOHDYMEN,M'S SUPERSTRAND LT HOODY
OR,CLOHDYMEN,M'S VIGOR GRID FLEECE PULLOVER
OR,CLOHDYMEN,M'S VIGOR PLUS FLEECE HDY
OR,CLOHDYWMN,W'S ALPINE ONSET 150 HDY
OR,CLOHDYWMN,W'S ASTROMAN AIR SUN HDY
OR,CLOHDYWMN,W'S DEVIATOR HDY
OR,CLOHDYWMN,W'S ECHO HDY
OR,CLOHDYWMN,W'S ECHO HDY-PLUS
OR,CLOHDYWMN,W'S FERROSI HOODIE
OR,CLOHDYWMN,W'S MELODY FULL ZIP HOODIE
OR,CLOHDYWMN,W'S MELODY PULLOVER HOODIE
OR,CLOHDYWMN,W'S SUPERSTRAND LT HDY
OR,CLOHDYWMN,W'S TRAIL MIX HOODIE
OR,CLOHDYWMN,W'S TRAIL MIX PULLOVER HOODIE
OR,CLOHDYWMN,W'S VIGOR FULL ZIP HOODIE
OR,CLOHDYWMN,W'S VIGOR PLUS FLEECE HDY
OR,CLOJKTMEN,M'S FERROSI ANORAK
OR,CLOJKTMEN,M'S HELIUM UL JACKET
OR,CLOJKTMEN,M'S STRATOBURST STRETCH RAIN J
OR,CLOJKTMEN,M'S TANTRUM II HOODED JACKET
OR,CLOJKTMEN,M'S ULTIMA SOFTSHELL JKT
OR,CLOJKTWMN,W'S ASPIRE JACKET
OR,CLOJKTWMN,W'S FERROSI ANORAK
OR,CLOJKTWMN,W'S HELIUM DOWN JKT
OR,CLOJKTWMN,W'S STRATOBURST STRETCH
OR,CLOJKTWMN,W'S VIGOR PLUS FLEECE JACKET
OR,CLOLEGWMN,W'S MELODY TIGHTS
OR,CLOLEGWMN,W'S TRAIL MIX JOGGERS
OR,CLOLEGWMN,W'S VANTAGE 7/8 LEGGINGS
OR,CLOLSSMEN,M'S TANGENT II LS SHIRT
OR,CLOLSSMEN,M'S WAY STATION LS SHIRT
OR,CLOLSSMEN,M'S WAYWARD II LS SHIRT
OR,CLOLSSWMN,W'S ESSENCE LS ZIP
OR,CLOLSSWMN,W'S WAYWARD II LS SHIRT
OR,CLOLSTMEN,M'S ECHO LS TEE
OR,CLOLSTWMN,W'S ECHO LS TEE
OR,CLOMENSHI,M'S VIGOR GRID FLEECE P/O
OR,CLOMENSHI,M'S VIGOR GRID FLEECE PULLOVER
OR,CLOPNTMEN,M'S CIRQUE LITE PANTS
OR,CLOPNTMEN,M'S EQUINOX CONVERT SHORT PANT
OR,CLOPNTMEN,M'S FERROSI 3/4 PANTS
OR,CLOPNTMEN,"M'S FERROSI CONVERT PANT-32"" I"
OR,CLOPNTMEN,"M'S FERROSI CONVERT PNTS - 34"""
OR,CLOPNTMEN,"M'S FERROSI PANT-32"" INSEAM"
OR,CLOPNTMEN,"M'S FERROSI PANTS - 32"""
OR,CLOPNTMEN,M'S FERROSI PANTS REGULAR
OR,CLOPNTMEN,"M'S FERROSI PNT-32"" INS"
OR,CLOPNTMEN,"M'S FERROSI TRANSIT PNTS - 32"""
OR,CLOPNTMEN,M'S FIELD OUTDOOR PANT
OR,CLOPNTMEN,M'S FIELD OUTDOOR PNT
OR,CLOPNTMEN,M'S GOLDBAR PANTS
OR,CLOPNTMEN,M'S HELIUM UL PANT
OR,CLOPNTMEN,M'S STRATOBURST STRETCH RAIN P
OR,CLOPNTMEN,M'S TIMBERLINE 5 POCKET PANTS
OR,CLOPNTMEN,M'S VOODOO PANTS REGULAR
OR,CLOPNTMEN,"M'S WADI RUM PANTS - 32"""
OR,CLOPNTWMN,W'S CIRQUE LITE PANT
OR,CLOPNTWMN,W'S CIRQUE LITE PNT
OR,CLOPNTWMN,W'S FERROSI CAPRIS
OR,CLOPNTWMN,W'S FERROSI CNVRT PNT-REGULAR
OR,CLOPNTWMN,W'S FERROSI JOGGER
OR,CLOPNTWMN,W'S FERROSI JOGGERS
OR,CLOPNTWMN,W'S FERROSI PANTS REGULAR
OR,CLOPNTWMN,W'S FERROSI PNT-REGULAR INS
OR,CLOPNTWMN,W'S FERROSI TRANSIT PNT
OR,CLOPNTWMN,W'S HELIUM UL PANT
OR,CLOPNTWMN,W'S VIGOR BOTTOMS
OR,CLOPNTWMN,W'S WADI RUM JOGGERS
OR,CLORNJMEN,M'S APOLLO RAIN JACKET
OR,CLORNJMEN,M'S DRYLINE RAIN JACKET
OR,CLORNJMEN,M'S FERROSI HOODIE
OR,CLORNJMEN,M'S HELIUM RAIN JACKET
OR,CLORNJMEN,M'S STRATOBURST STRETCH RJ
OR,CLORNJWMN,W'S APOLLO RAIN JACKET
OR,CLORNJWMN,W'S FERROSI HDY
OR,CLORNJWMN,W'S HELIUM RAIN JACKET
OR,CLORNJWMN,W'S MOTIVE ASCENTSHELL JKT
OR,CLORNJWMN,W'S STRATOBURST STRETCH RJ
OR,CLORNPMEN,M'S APOLLO RAIN PANTS
OR,CLORNPMEN,M'S HELIUM RAIN PANTS
OR,CLORNPWMN,W'S APOLLO RAIN PANTS
OR,CLORNPWMN,W'S HELIUM RAIN PANT
OR,CLORNPWMN,W'S HELIUM RAIN PANTS
OR,CLORNPWMN,W'S STRATOBURST STRETCH RAIN P
OR,CLOSHOMEN,"M'S EQUINOX SHORTS - 10"""
OR,CLOSHOMEN,"M'S FERROSI SHORT-7"" INSEAM"
OR,CLOSHOMEN,"M'S FERROSI SHORTS - 10"""
OR,CLOSHOMEN,"M'S FERROSI SHORTS - 7"""
OR,CLOSHOMEN,"M'S FERROSI SHORTS - 8"""
OR,CLOSHOMEN,M'S FREEWHEEL MTB LT RIDE SHOR
OR,CLOSHOMEN,"M'S SWIFT LT HYB SHORTS - 7"""
OR,CLOSHOMEN,M'S TIMBERLINE SHORTS
OR,CLOSHOMEN,M'S WADI RUM SHORTS
OR,CLOSHOMEN,"M'S WADI RUM SHORTS - 10"""
OR,CLOSHOMEN,"M'S ZENDO SHORTS - 10"""
OR,CLOSHOWMN,"W'S ASTRO SHORTS - 3.5"""
OR,CLOSHOWMN,"W'S FERROSI SHORTS - 5"""
OR,CLOSHOWMN,"W'S FERROSI SHORTS - 7"""
OR,CLOSHOWMN,"W'S FERROSI SHORTS - PLUS 9"""
OR,CLOSHOWMN,W'S FREEWHEEL MTB LT RIDE SHOR
OR,CLOSHOWMN,W'S ODYSSEY MULTI SHOR
OR,CLOSHOWMN,"W'S SWIFT LT HYB SHORTS - 3.5"""
OR,CLOSHOWMN,"W'S SWIFT LT SHORTS - 2.5"""
OR,CLOSHOWMN,W'S WADI RUM SHORTS
OR,CLOSKTWMN,W'S COLDSNAP DOWN SKIRT
OR,CLOSNHMEN,M'S ACTIVEICE SPCTRM SUN HDY
OR,CLOSNHMEN,M'S ASTROMAN AIR SUN HDY
OR,CLOSNHWMN,W'S ACTIVEICE SPCTRM SUN HDY
OR,CLOSNHWMN,W'S SPECTRUM SUN HDY
OR,CLOSNTMEN,M'S ACTIVEICE SPCTRM SUN LS TE
OR,CLOSNTMEN,M'S ACTIVEICE SPCTRM SUN TEE
OR,CLOSNTMEN,M'S ACTIVEICE SPECTRUM SUN T-S
OR,CLOSNTMEN,M'S ASTROMAN LS SUN SHIRT
OR,CLOSNTMEN,M'S ASTROMAN SS SUN SHIRT
OR,CLOSNTWMN,W'S ACTIVEICE SPCTRM SUN LS TE
OR,CLOSNTWMN,W'S ACTIVEICE SPECTRUM SUN TEE
OR,CLOSNTWMN,W'S ASTROMAN LS SUN SHIRT
OR,CLOSNTWMN,W'S ASTROMAN SS SUN SHIRT
OR,CLOSSTMEN,M'S ACTIVEICE SPECTRUM SUN LON
OR,CLOSSTMEN,M'S ASTROMAN AIR SS SHIRT
OR,CLOSSTMEN,M'S ECHO SS TEE
OR,CLOSSTMEN,M'S ESSENTIAL POCKET TEE
OR,CLOSSTMEN,M'S GROWLER II SS SHIRT
OR,CLOSSTMEN,M'S PORTER SS SHIRT
OR,CLOSSTMEN,M'S ROOFTOP SS SHIRT
OR,CLOSSTMEN,M'S WANDERER SS SHIRT
OR,CLOSSTMEN,M'S WAYWARD SS SHIRT
OR,CLOSSTMEN,M'S WEISSE SHIRT
OR,CLOSSTWMN,W'S ECHO SS TEE
OR,CLOTNKWMN,W'S CHAIN REACTION TANK
OR,CLOTNKWMN,W'S ECHO TANK
OR,CLOTNKWMN,W'S ESSENTIAL TANK
OR,CLOTNKWMN,W'S PEAKS TANK
OR,CLOWJ MEN,M'S DEVIATOR WIND JKT
OR,CLOWJ MEN,M'S SHADOW WIND HDY
OR,CLOWJ WMN,W'S DEVIATOR WIND JKT
OR,CLOWJ WMN,W'S SHADOW WIND HDY
OR,CLOWMNPNT,W'S MELODY 7/8 LEGGINGS
OR,CLOWMNSHT,"W'S EQUINOX SHORTS - 9"""
OR,FW ACSGTR,FERROSI TRAIL GAITER
OR,FW ACSGTR,FERROSI TRAIL GAITERS
OR,FW ACSGTR,M'S CROCODILE GAITERS
OR,FW ACSGTR,ROCKY MOUNTAIN LOW GAITERS
OR,FW ACSGTR,THRU GAITERS
OR,HATCAP,KIDS' SUN RUNNER CAP
OR,SLPBAG,M'S TUNDRA AEROGEL BOOTIES
OR,SLPBAG,W'S TUNDRA AEROGEL BOOTIES
OR,TLTBUGNET,BUG BUCKET
ORFRZ,FODFRZ,MH BEEF CHEESY ENCHILADA BOWL
ORFRZ,FODFRZ,MH BEEF CHILI MAC
ORFRZ,FODFRZ,MH BEEF CHILI MAC PRO-PAK
ORFRZ,FODFRZ,MH BEEF IN KOREAN BULGOGI SAUC
ORFRZ,FODFRZ,MH BEEF LASAGNA W/MEATSAUCE
ORFRZ,FODFRZ,MH BEEF STEW
ORFRZ,FODFRZ,MH BEEF STEW PRO-PAK
ORFRZ,FODFRZ,MH BEEF STROGANOFF PRO-PAK
ORFRZ,FODFRZ,MH BEEF STROGANOFF W/NOODLES
ORFRZ,FODFRZ,MH BISCUITS & GRAVY
ORFRZ,FODFRZ,MH BREAKFAST SKILLET
ORFRZ,FODFRZ,MH BREAKFAST SKILLET CLASSIC
ORFRZ,FODFRZ,MH BREAKFAST SKILLET PRO-PAK
ORFRZ,FODFRZ,MH BREAKFAST TURKEY FRIED RICE
ORFRZ,FODFRZ,MH CAJUN STYLE JUMBALAYA
ORFRZ,FODFRZ,MH CHEESY PEPPERONI PIZZA BOWL
ORFRZ,FODFRZ,MH CHICKEN & DUMPLINGS
ORFRZ,FODFRZ,MH CHICKEN & DUMPLINGS PRO-PAK
ORFRZ,FODFRZ,MH CHICKEN & MASHED POTATOES
ORFRZ,FODFRZ,MH CHICKEN & RICE
ORFRZ,FODFRZ,MH CHICKEN & RICE PRO-PAK
ORFRZ,FODFRZ,MH CHICKEN BUFF MAC & CHEESE
ORFRZ,FODFRZ,MH CHICKEN FAJITA BOWL
ORFRZ,FODFRZ,MH CHICKEN FAJITA BOWL PRO-PAK
ORFRZ,FODFRZ,MH CHICKEN FETTUCCINE ALFREDO
ORFRZ,FODFRZ,MH CHICKEN FRIED RICE
ORFRZ,FODFRZ,MH CHICKEN KUNG PAO
ORFRZ,FODFRZ,MH CHICKEN MEXI ADOBO PRO-PAK
ORFRZ,FODFRZ,MH CHICKEN NOODLE CASS PRO-PAK
ORFRZ,FODFRZ,MH CHICKEN NOODLE CASSEROLE
ORFRZ,FODFRZ,MH CHICKEN PAD THAI
ORFRZ,FODFRZ,MH CHICKEN TERIYAKI W/ RICE
ORFRZ,FODFRZ,MH CHICKEN TIKKA MASALA
ORFRZ,FODFRZ,MH CHICKEN YELLOW CURRY
ORFRZ,FODFRZ,MH CLASSIC ASSORTMENT BUCKET
ORFRZ,FODFRZ,MH CREAMY MACARONI & CHEESE
ORFRZ,FODFRZ,MH FUSILLI PASTA & ITALIAN SAU
ORFRZ,FODFRZ,MH GRANOLA W/MILK & BLUEBERRY
ORFRZ,FODFRZ,MH HOMESTYLE TURKEY CASSEROLE
ORFRZ,FODFRZ,MH ICE CREAM SANDWICH MINT
ORFRZ,FODFRZ,MH ICE CREAM SANDWICH VANILLA
ORFRZ,FODFRZ,MH ITALIAN PEPPER STEAK W/RICE
ORFRZ,FODFRZ,MH PASTA PRIMAVERA
ORFRZ,FODFRZ,MH SCRAMB EGGS W/BACON PRO-PAK
ORFRZ,FODFRZ,MH SCRAMBLED EGGS W/BACON
ORFRZ,FODFRZ,MH SCRAMBLED EGGS W/HAM & PEPP
ORFRZ,FODFRZ,MH SPAGHETTI MEATSAUCE PRO-PAK
ORFRZ,FODFRZ,MH SPAGHETTI W/MEATSAUCE
ORFRZ,FODFRZ,MH SPICY SW BREAKFAST SKILLET
ORFRZ,FODFRZ,MH VEGGIE CHORIZO SCRAMBLE
OSPREY,CLAHATCAP,7 PANEL
OSPREY,CLAHATCAP,CLASSIC 5 PANEL
OSPREY,CLAHATCAP,CLASSIC TRUCKER
OSPREY,CLAHATCAP,TRAIL HAT
OSPREY,CLIBAGCHK,ZEALOT CHALK BAG
OSPREY,CLIBAGCHK,ZEALOT CHALK BUCKET
OSPREY,DW BOTRUN,DURO DYNA HNDHLD W FLASK
OSPREY,PAKACS,DAYLITE CINCH
OSPREY,PAKACS,POCO LT SUNSHADE
OSPREY,PAKACS,WILDWATER DRY BAG 8
OSPREY,PAKBP MEN,ATMOS AG 50
OSPREY,PAKBP MEN,ATMOS AG 65
OSPREY,PAKBP MEN,ATMOS AG LT 50
OSPREY,PAKBP MEN,ATMOS AG LT 65
OSPREY,PAKBP MEN,EXOS 48
OSPREY,PAKBP MEN,EXOS PRO 55
OSPREY,PAKBP MEN,ROOK 50
OSPREY,PAKBP MEN,ROOK 65
OSPREY,PAKBP MEN,TALON 44
OSPREY,PAKBP MEN,TALON PRO 40
OSPREY,PAKBP MEN,ZEALOT 45
OSPREY,PAKBP WMN,ARIEL 55
OSPREY,PAKBP WMN,AURA AG 50
OSPREY,PAKBP WMN,AURA AG LT 50
OSPREY,PAKBP WMN,EJA 48
OSPREY,PAKBP WMN,EJA PRO 55
OSPREY,PAKBP WMN,RENN 50
OSPREY,PAKBP WMN,RENN 65
OSPREY,PAKBP WMN,TEMPEST PRO 40
OSPREY,PAKBP WMN,W'S AURA AG LT 65
OSPREY,PAKBP YTH,ACE 50
OSPREY,PAKBP YTH,ACE 65
OSPREY,PAKCRSUNI,ARCANE SMALL CROSSBODY
OSPREY,PAKCRSUNI,DAYLITE CROSSBODY POUCH
OSPREY,PAKCRSUNI,DAYLITE SLING
OSPREY,PAKCRSUNI,DAYLITE SMALL CROSSBODY
OSPREY,PAKCRSUNI,QUASAR SLING
OSPREY,PAKCRSUNI,TRANSPORTER SLING
OSPREY,PAKCUB,PACK POCKET
OSPREY,PAKDAY,ARCANE WAIST
OSPREY,PAKDAY,DAYLITE 16 LAPTOP SLEEVE
OSPREY,PAKDAY,DAYLITE EXPDBL TRVL PK
OSPREY,PAKDAY,DURO DYNA LT
OSPREY,PAKDAY,NEBULA
OSPREY,PAKDAY,PACK POCKET ZIPPER
OSPREY,PAKDAY,SKARAB 18 W/RES
OSPREY,PAKDAY,SKIMMER 16 W/RES
OSPREY,PAKDAY,TRANSPORTER 40
OSPREY,PAKDAY,TRANSPORTER SLING
OSPREY,PAKDAY,ULTRALIGHT DRYSACK 20L
OSPREY,PAKDAY,ULTRALIGHT DRYSACK 6L
OSPREY,PAKDAYMEN,DOWNBURST 26
OSPREY,PAKDAYMEN,DOWNBURST 36
OSPREY,PAKDAYMEN,KESTREL LT 28
OSPREY,PAKDAYMEN,STRATOS 24
OSPREY,PAKDAYMEN,STRATOS 34
OSPREY,PAKDAYMEN,STRATOS 36
OSPREY,PAKDAYMEN,TALON 11
OSPREY,PAKDAYMEN,TALON 22
OSPREY,PAKDAYMEN,TALON 26
OSPREY,PAKDAYMEN,TALON 33
OSPREY,PAKDAYMEN,TALON 36
OSPREY,PAKDAYMEN,TALON 6
OSPREY,PAKDAYMEN,TALON VELOCITY 20
OSPREY,PAKDAYMEN,TALON VELOCITY 30
OSPREY,PAKDAYUNI,DAYLITE
OSPREY,PAKDAYUNI,DAYLITE CINCH
OSPREY,PAKDAYUNI,DAYLITE PLUS
OSPREY,PAKDAYUNI,HIKELITE 18
OSPREY,PAKDAYUNI,HIKELITE 26
OSPREY,PAKDAYUNI,HIKELITE 32
OSPREY,PAKDAYUNI,SPORTLITE 15
OSPREY,PAKDAYUNI,SPORTLITE 20
OSPREY,PAKDAYUNI,SPORTLITE 25
OSPREY,PAKDAYUNI,SPORTLITE 30
OSPREY,PAKDAYUNI,ULTRALIGHT STUFF PACK
OSPREY,PAKDAYWMN,DOWNBURST 24
OSPREY,PAKDAYWMN,KYTE LT 28
OSPREY,PAKDAYWMN,MIRA 32
OSPREY,PAKDAYWMN,SIRRUS 24
OSPREY,PAKDAYWMN,SIRRUS 34
OSPREY,PAKDAYWMN,SIRRUS 36
OSPREY,PAKDAYWMN,TEMPEST 11
OSPREY,PAKDAYWMN,TEMPEST 20
OSPREY,PAKDAYWMN,TEMPEST 22
OSPREY,PAKDAYWMN,TEMPEST 22 EF
OSPREY,PAKDAYWMN,TEMPEST 24
OSPREY,PAKDAYWMN,TEMPEST 26
OSPREY,PAKDAYWMN,TEMPEST 33
OSPREY,PAKDAYWMN,TEMPEST 6
OSPREY,PAKDAYWMN,TEMPEST 9
OSPREY,PAKDAYWMN,TEMPEST PRO 20
OSPREY,PAKDAYWMN,TEMPEST VELOCITY 20
OSPREY,PAKDAYWMN,TEMPEST VELOCITY 30
OSPREY,PAKDAYYTH,DAYLITE JR
OSPREY,PAKDAYYTH,JET 18
OSPREY,PAKDAYYTH,TALON JR
OSPREY,PAKDAYYTH,TEMPEST JR
OSPREY,PAKDUFNWP,TRANSPORTER
OSPREY,PAKDUFNWP,TRANSPORTER 40
OSPREY,PAKDUFNWP,TRANSPORTER 65
OSPREY,PAKDUFNWP,TRANSPORTER DUFFEL 30
OSPREY,PAKDUFNWP,TRANSPORTER DUFFEL 40
OSPREY,PAKDUFNWP,TRANSPORTER DUFFEL 65
OSPREY,PAKDUFNWP,TRANSPORTER DUFFEL 95
OSPREY,PAKDUFNWP,TRANSPORTER GEAR TOTE 28L
OSPREY,PAKDUFNWP,TRANSPORTER GEAR TOTE 60L
OSPREY,PAKDUFNWP,TRANSPORTER SQUFFEL 44
OSPREY,PAKDUFWP,TRANSPORTER RT WP 18
OSPREY,PAKDUFWP,TRANSPORTER RT WP 25
OSPREY,PAKDUFWP,TRANSPORTER WP 100
OSPREY,PAKDUFWP,TRANSPORTER WP 70
OSPREY,PAKDUFWP,TRANSPORTER WP DUFFEL 100
OSPREY,PAKDUFWP,TRANSPORTER WP DUFFEL 40
OSPREY,PAKDUFWP,TRANSPORTER WP DUFFEL 70
OSPREY,PAKHIP,DAYLITE MINI WAIST PACK
OSPREY,PAKHIP,DAYLITE WAIST
OSPREY,PAKHIP,DURO DYNA BELT W-FLASKS
OSPREY,PAKHIP,DURO DYNA LT BELT
OSPREY,PAKHIP,DURO DYNA LT BELT EF
OSPREY,PAKHIP,SAVU 2
OSPREY,PAKHIP,ULTRALIGHT STUFF WAIST PACK
OSPREY,PAKHIPUNI,DAYLITE WAIST
OSPREY,PAKHIPUNI,SAVU 2
OSPREY,PAKHIPUNI,SAVU 5
OSPREY,PAKHIPUNI,SERAL 4 W-RES
OSPREY,PAKHIPUNI,SERAL 4 W/RES
OSPREY,PAKHIPUNI,SERAL 7 W-RES
OSPREY,PAKHIPUNI,SERAL 7 W/RES
OSPREY,PAKHIPUNI,SYNCRO 12 W-RES
OSPREY,PAKHYD,BERM 12 W-RES
OSPREY,PAKHYD,BERM 2 W-RES
OSPREY,PAKHYD,BERM 4 W-RES
OSPREY,PAKHYD,BERM 8 W-RES
OSPREY,PAKHYD,DURO 1.5 W-FLASKS
OSPREY,PAKHYD,DURO 6 W-FLASKS
OSPREY,PAKHYD,DURO PRO 10 CASCADE BLUE
OSPREY,PAKHYD,DYNA 1.5 W-FLASKS
OSPREY,PAKHYD,DYNA 6 W-FLASKS
OSPREY,PAKHYD,DYNA PRO 10
OSPREY,PAKHYD,GLADE 5 W/RES
OSPREY,PAKHYD,MOKI 1.5 W/RES
OSPREY,PAKHYD,RAVEN 14
OSPREY,PAKHYD,ZEALOT 30
OSPREY,PAKHYDACS,HYD QUICK CONNECT KIT
OSPREY,PAKHYDACS,HYDRAULICS 500ML SOFT FLASK
OSPREY,PAKHYDACS,HYDRAULICS BITE VALVE
OSPREY,PAKHYDACS,HYDRAULICS BITE VALVE COVER
OSPREY,PAKHYDACS,HYDRAULICS BITE VALVE SHEATHS
OSPREY,PAKHYDACS,HYDRAULICS CLEANING KIT
OSPREY,PAKHYDACS,HYDRAULICS HOSE MAGNET KIT
OSPREY,PAKHYDACS,HYDRAULICS LS 1.5L LUMBAR RESE
OSPREY,PAKHYDACS,HYDRAULICS LS 1.5L RESERVOIR
OSPREY,PAKHYDACS,HYDRAULICS RESERVOIR HOSE
OSPREY,PAKHYDACS,HYDRAULICS SOFT FLASK -500ML
OSPREY,PAKHYDACS,THREE MAGNET KIT
OSPREY,PAKHYDMEN,KATARI 1.5 W/RES
OSPREY,PAKHYDMEN,KATARI 3 W/RES
OSPREY,PAKHYDMEN,KATARI 7 W/RES
OSPREY,PAKHYDMEN,MANTA 24 W/RES
OSPREY,PAKHYDMEN,MANTA 34 W/RES
OSPREY,PAKHYDMEN,RAPTOR 10 W/RES
OSPREY,PAKHYDMEN,RAPTOR 14
OSPREY,PAKHYDMEN,RAPTOR 14 EF W/RES
OSPREY,PAKHYDMEN,RAPTOR 14 W/RES
OSPREY,PAKHYDMEN,RAPTOR 4 W/RES
OSPREY,PAKHYDMEN,RAPTOR LT 12 W-RES
OSPREY,PAKHYDMEN,SYNCRO 12 W-RES
OSPREY,PAKHYDMEN,SYNCRO 12 W/RES
OSPREY,PAKHYDMEN,SYNCRO 20 W-RES
OSPREY,PAKHYDMEN,SYNCRO 20 W/RES
OSPREY,PAKHYDMEN,SYNCRO 5 W-RES
OSPREY,PAKHYDMEN,SYNCRO 5 W/RES
OSPREY,PAKHYDRES,HYDRAULICS 360ML SOFT FLASK
OSPREY,PAKHYDRES,HYDRAULICS 500ML SOFT FLASK
OSPREY,PAKHYDRES,HYDRAULICS LS 1.5L LUMBAR RESE
OSPREY,PAKHYDRES,HYDRAULICS LS 1.5L RESERVOIR
OSPREY,PAKHYDRES,HYDRAULICS LT RES 1.5L
OSPREY,PAKHYDRES,HYDRAULICS LT RES 2.5L
OSPREY,PAKHYDRES,HYDRAULICS LUMBAR RES LT 1.5L
OSPREY,PAKHYDRES,HYDRAULICS RES 2L
OSPREY,PAKHYDRES,HYDRAULICS RES 3L
OSPREY,PAKHYDUNI,GLADE 12 W/RES
OSPREY,PAKHYDUNI,GLADE 5 W/RES
OSPREY,PAKHYDUNI,SPORTLITE 15 HYDRAULICS
OSPREY,PAKHYDUNI,SPORTLITE 20 HYDRAULICS
OSPREY,PAKHYDWMN,KITSUMA 1.5 W/RES
OSPREY,PAKHYDWMN,KITSUMA 3 W/RES
OSPREY,PAKHYDWMN,KITSUMA 7 W/RES
OSPREY,PAKHYDWMN,MIRA 22 W/RES
OSPREY,PAKHYDWMN,RAVEN 10 W/RES
OSPREY,PAKHYDWMN,RAVEN 14 EF W/RES
OSPREY,PAKHYDWMN,RAVEN 14 W/RES
OSPREY,PAKHYDWMN,RAVEN 4 W/RES
OSPREY,PAKHYDWMN,RAVEN LT 12 W-RES
OSPREY,PAKHYDWMN,SYLVA 12 W/RES
OSPREY,PAKHYDYTH,HYDRAJET 12 RES
OSPREY,PAKHYDYTH,HYDRAJET 12 W-RES
OSPREY,PAKHYDYTH,MOKI 3
OSPREY,PAKHYDYTH,MOKI 3 W/RES
OSPREY,PAKHYDYTH,RAPTOR JR W-RES
OSPREY,PAKHYDYTH,RAVEN JR W-RES
OSPREY,PAKKIDCRY,POCO CHILD CARRIER
OSPREY,PAKKIDCRY,POCO CHILD CARRIER RAINCOVER
OSPREY,PAKKIDCRY,POCO PREMIUM CHILD CARRIER
OSPREY,PAKKIDCRY,POCO SLT CHILD CARRIER
OSPREY,PAKKIDCRY,POCO SOFT CHILD CARRIER
OSPREY,PAKKIDCRY,POCO SOFT CHILD CARRIER LT
OSPREY,PAKKIDCRY,POCO SOFT CHILD CARRIER LT EF
OSPREY,PAKTRV,DAYLITE TRAVEL PACK 35
OSPREY,PAKTRV,FAIRVIEW 40
OSPREY,PAKTRV,FAIRVIEW 55
OSPREY,PAKTRV,FARPOINT 40
OSPREY,PAKTRV,FARPOINT 55
OSPREY,PAKVSTMEN,DURO 1.5 W-RES
OSPREY,PAKVSTMEN,DURO 6 W/RES
OSPREY,PAKVSTMEN,DURO LT W/FLASKS
OSPREY,PAKVSTUNI,ESCAPIST VELOCITY 3 W-RES
OSPREY,PAKVSTUNI,ESCAPIST VELOCITY 6 W-RES
OSPREY,PAKVSTWMN,DYNA 1.5 W-RES
OSPREY,PAKVSTWMN,DYNA 6 W-RES
OSPREY,PAKVSTWMN,DYNA 6 W/RES
OSPREY,PAKVSTWMN,DYNA LT W/FLASKS
OSPREY,RVRDRY,DRYSACK 12L INDO
OSPREY,RVRDRY,DRYSACK 12L W/WINDOW
OSPREY,RVRDRY,DRYSACK 3L INDO
OSPREY,RVRDRY,DRYSACK 6L INDO
OSPREY,RVRDRY,DRYSACK 6L W-WINDOW
OSPREY,RVRDRY,ULTRALIGHT DRY STUFF PACK 20
OSPREY,RVRDRY,ULTRALIGHT DRYSACK 12L
OSPREY,RVRDRY,WILDWATER DRY BAG 25
OSPREY,RVRDRY,WILDWATER DRY BAG 35
OSPREY,TLTBAG,DAYLITE HANGING TOILETRY KIT
OYD,BOKKID,OPEN YOUR DOOR TO EXPLORE
PARKIT,MEDDEF,PROTECTION ROLL-ON 20ML
PARKIT,MEDDEF,PROTECTION SPRAY-ON 2.2OZ
PARKIT,MEDDEF,REFILL - 2 PELLET
PARKIT,MEDDEF,WRISTBANDS KIDS ASSORTED
PARKIT,MEDDEF,WRISTBANDS SOLID COLOR ASSORTE
PATGN,CLABELUNI,FRICTION BELT
PATGN,CLABELUNI,TECH WEB BELT
PATGN,CLABRAWMN,W'S ACTIVE MESH BRA
PATGN,CLABRAWMN,W'S BARELY BRA
PATGN,CLABRAWMN,W'S BARELY EVERYDAY BRA
PATGN,CLABRAWMN,W'S CAP LW CREW
PATGN,CLABRAWMN,W'S CROSS BETA SPORTS BRA
PATGN,CLABRAWMN,W'S LIVE SIMPLY BRA
PATGN,CLABRAWMN,W'S MAIPO LOW IMPACT ADJST BRA
PATGN,CLABRAWMN,W'S MAIPO LOW IMPACT ADJUSTABL
PATGN,CLABRAWMN,W'S MAIPO MID BRA
PATGN,CLABRAWMN,W'S MAIPO MID IMPACT BRA
PATGN,CLABRAWMN,W'S SHADOWLITE MID BRA
PATGN,CLABRAWMN,W'S SWITCHBACK SPORTS BRA
PATGN,CLAGLVMEN,M'S BETTER SWEATER GLOVES
PATGN,CLAGLVSUN,SUN GLOVES
PATGN,CLAGLVUNI,K'S SYNCH GLOVES
PATGN,CLAGLVUNI,SUN GLOVES
PATGN,CLAGLVUNI,SYNCH GLOVES
PATGN,CLAGLVWMN,W'S SYNCH GLOVES
PATGN,CLAHATCAP,AIRFARER CAP
PATGN,CLAHATCAP,BABY SUN BUCKET HAT
PATGN,CLAHATCAP,BACK FOR GOOD TRAD CAP
PATGN,CLAHATCAP,BOARDIE BADGE TRAD CAP
PATGN,CLAHATCAP,BOARDSHORT FUNFARER
PATGN,CLAHATCAP,BROADCASTER HAT
PATGN,CLAHATCAP,CAP COOL DAILY SUN MASK
PATGN,CLAHATCAP,CAPED MERGANZER HAT
PATGN,CLAHATCAP,CORDUROY CAP
PATGN,CLAHATCAP,DUCKBILL CAP
PATGN,CLAHATCAP,DUCKBILL TRUCKER HAT
PATGN,CLAHATCAP,EAT LOCAL GOAT TRAD CAP
PATGN,CLAHATCAP,F-R BISON TRUCKER HAT
PATGN,CLAHATCAP,F-R HORIZONS TRUCKER HAT
PATGN,CLAHATCAP,F-R SCOPE LOPRO TRUCKER HAT
PATGN,CLAHATCAP,FITZ ROY FISH LOPRO TRUCKER
PATGN,CLAHATCAP,FITZ ROY FISH TRUCKER
PATGN,CLAHATCAP,FITZ ROY HORIZONS
PATGN,CLAHATCAP,FITZ ROY HORIZONS TRUCKER
PATGN,CLAHATCAP,FITZ ROY ICON TRAD CAP
PATGN,CLAHATCAP,FITZ ROY TARPON LOPRO TRUCKER
PATGN,CLAHATCAP,FITZ ROY TROUT TRUCKER
PATGN,CLAHATCAP,FITZ ROY TROUT TRUCKER HAT
PATGN,CLAHATCAP,FLY CATCHER HAT
PATGN,CLAHATCAP,FR BEAR TRUCKER HAT
PATGN,CLAHATCAP,FR CREST LOPRO TRUCKER HAT
PATGN,CLAHATCAP,FR SCOPE ICON TRAD CAP
PATGN,CLAHATCAP,FR SCOPE LOPRO TRUCKER HAT
PATGN,CLAHATCAP,GRAPHIC MACLURE HAT
PATGN,CLAHATCAP,K'S FUNHOGGERS HAT
PATGN,CLAHATCAP,K'S INTERSTATE HAT
PATGN,CLAHATCAP,K'S TRUCKER HAT
PATGN,CLAHATCAP,L-L RIDGE LOPRO TRUCKER HAT
PATGN,CLAHATCAP,L-LOGO RIDGE LOPRO TRUCKER HAT
PATGN,CLAHATCAP,LINE LOGO RIDGE
PATGN,CLAHATCAP,LINE LOGO RIDGE LOPRO
PATGN,CLAHATCAP,LINE LOGO RIDGE TRUCKER
PATGN,CLAHATCAP,M'S CC DAILY SHIRT
PATGN,CLAHATCAP,M'S CC MRNO BL. SHIRT
PATGN,CLAHATCAP,M'S LS CC MRNO BL. SHIRT
PATGN,CLAHATCAP,P-6 LABEL LOPRO UNTRUCKER
PATGN,CLAHATCAP,P-6 LABEL MACLURE HAT
PATGN,CLAHATCAP,P-6 LABEL TRAD CAP
PATGN,CLAHATCAP,P-6 LOGO LOPRO TRUCKER
PATGN,CLAHATCAP,P-6 LOGO LOPRO TRUCKER HAT
PATGN,CLAHATCAP,P-6 LOGO ROGER THAT HAT
PATGN,CLAHATCAP,P-6 LOGO STRETCH FIT HAT
PATGN,CLAHATCAP,P-6 LOGO TRUCKER
PATGN,CLAHATCAP,P-6 LOGO TRUCKER HAT
PATGN,CLAHATCAP,P6 LABEL TRAD CAP
PATGN,CLAHATCAP,PATAGONIA BRIMMER
PATGN,CLAHATCAP,PROTECT YOUR PEAKS INTERSTATE
PATGN,CLAHATCAP,RELAXED TRUCKER HAT
PATGN,CLAHATCAP,SNOWFARER CAP
PATGN,CLAHATCAP,SS PATCH LOPRO TRUCKER HAT
PATGN,CLAHATCAP,SUMMIT ROAD LOPRO TRUCKER HAT
PATGN,CLAHATCAP,TAKE A STAND TRUCKER HAT
PATGN,CLAHATCAP,TERREBONNE VISOR
PATGN,CLAHATCAP,UP & OUT ROGER THAT HAT
PATGN,CLAHATCAP,W'S BACK FOR GOOD LB TRUCKER H
PATGN,CLAHATCAP,W'S FR BEAR LB TRUCKER HAT
PATGN,CLAHATCAP,W'S PASTEL P-6 L-L TRUCKER HAT
PATGN,CLAHATCAP,WAVE WORN INTERSTATE HAT
PATGN,CLAHATSUN,QUANDARY BRIMMER
PATGN,CLAHATWNT,BRODEO BEANIE
PATGN,CLAHATWNT,COASTAL CABLE BEANIE
PATGN,CLAHATWNT,EVERYDAY BEANIE
PATGN,CLAHATWNT,FISHERMANS ROLLED BEANIE
PATGN,CLAHATWNT,K'S LOGO BEANIE
PATGN,CLAHATWNT,K'S POWDER TOWN BEANIE
PATGN,CLAHATWNT,POWDER TOWN BEANIE
PATGN,CLAHATWNT,R1 AIR BEANIE
PATGN,CLAHATWNT,R1 DAILY BEANIE
PATGN,CLAHATWNT,RANGE EARFLAP CAP
PATGN,CLAHATWNT,SNOWBELLE BEANIE
PATGN,CLAHATWNT,SNOWDRIFTER BEANIE
PATGN,CLAHB,RE-TOOL HEADBAND
PATGN,CLAUNDMEN,M'S ESSENTIAL BOXER BRIEFS - 6
PATGN,CLOBLBMEN,M'S CAP 1 LW BOTTOMS
PATGN,CLOBLBMEN,M'S CAP 2 LW BOTTOMS
PATGN,CLOBLBMEN,M'S CAP 3 MW BOTTOMS
PATGN,CLOBLBMEN,M'S CAP 3 MW CREW
PATGN,CLOBLBMEN,M'S CAP MW BOTTOMS
PATGN,CLOBLBMEN,M'S CAP TW BOTTOMS
PATGN,CLOBLBWMN,W'S CAP 3 MW BOTTOMS
PATGN,CLOBLBWMN,W'S CAP MW BOTTOMS
PATGN,CLOBLTMEN,M'S CAP COOL LS MERINO
PATGN,CLOBLTMEN,M'S CAP MW CREW
PATGN,CLOBLTMEN,M'S CAP MW ZIP NECK
PATGN,CLOBLTMEN,M'S CAP TW CREW
PATGN,CLOBLTMEN,M'S CAP TW ZIP NECK
PATGN,CLOBLTMEN,M'S MERINO DAILY LS TEE
PATGN,CLOBLTWMN,W'S CAP 3 MW CREW
PATGN,CLOBLTWMN,W'S CAP MW CREW
PATGN,CLOBLTWMN,W'S CAP MW ZIP NECK
PATGN,CLODRSWMN,W'S AMBER DAWN DRESS
PATGN,CLODRSWMN,W'S FLEETWITH DRESS
PATGN,CLODRSWMN,W'S MAIPO DRESS
PATGN,CLODRSWMN,W'S SPRIGHT® DRESS
PATGN,CLODRSWMN,W'S SUNDOWN SALLY DRESS
PATGN,CLOFLAMEN,M'S LW FJORD FLANNEL
PATGN,CLOFLAWMN,W'S LW A/C BUTTONDOWN
PATGN,CLOFLAWMN,W'S MW FJORD FLANNEL
PATGN,CLOHDYGRL,G'S LOS GATOS HDY
PATGN,CLOHDYMEN,M'S CAP THERMAL HDY
PATGN,CLOHDYMEN,M'S CC DAILY GRAPHIC HDY
PATGN,CLOHDYMEN,M'S CC DAILY HDY
PATGN,CLOHDYMEN,M'S CC DAILY HDY-'73 SKYLI
PATGN,CLOHDYMEN,M'S CC DAILY HDY-CASTING L
PATGN,CLOHDYMEN,M'S CC DAILY HDY-STRATASPI
PATGN,CLOHDYMEN,M'S CC SUN HDY
PATGN,CLOHDYMEN,M'S CC SUN HDY-FITZ ROY TR
PATGN,CLOHDYMEN,M'S CC SUN HDY-PEAK VISION
PATGN,CLOHDYMEN,M'S CC ULTRA HDY
PATGN,CLOHDYMEN,M'S DAS LIGHT HDY
PATGN,CLOHDYMEN,M'S DOWN SWEATER HDY
PATGN,CLOHDYMEN,M'S M'S NANO PUFF HDY
PATGN,CLOHDYMEN,M'S M'S NANO-AIR ULTRALIGHT FU
PATGN,CLOHDYMEN,M'S M'S R1 AIR FULL-ZIP HDY
PATGN,CLOHDYMEN,M'S M'S R1 TECHFACE HDY
PATGN,CLOHDYMEN,M'S MICRO D HDY
PATGN,CLOHDYMEN,M'S NANO AIR LT HYBRID HDY
PATGN,CLOHDYMEN,M'S NANO PUFF HDY
PATGN,CLOHDYMEN,M'S R1 AIR FULL-ZIP HDY
PATGN,CLOHDYMEN,M'S R1 TECHFACE HDY
PATGN,CLOHDYMEN,M'S R1 TECHFACE HOODY
PATGN,CLOHDYMEN,M'S R1 THERMAL FULL-ZIP HDY
PATGN,CLOHDYMEN,M'S TROPIC COMFORT NATURAL GRA
PATGN,CLOHDYMEN,M'S TROPIC COMFORT NATURAL HDY
PATGN,CLOHDYMEN,M'S TRPC CMFT NAT GPH HDY
PATGN,CLOHDYWMN,W'S AHNYA FULL-ZIP HDY
PATGN,CLOHDYWMN,W'S AHNYA FZ HDY
PATGN,CLOHDYWMN,W'S CC DAILY GRAPHIC HDY
PATGN,CLOHDYWMN,W'S CC DAILY HDY
PATGN,CLOHDYWMN,W'S CC DAILY HDY-CASTING L
PATGN,CLOHDYWMN,W'S CC DAILY HDY-FITZ ROY
PATGN,CLOHDYWMN,W'S CC SUN HDY
PATGN,CLOHDYWMN,W'S CC SUN HDY-PEAK VISION
PATGN,CLOHDYWMN,W'S CC ULTRA HDY
PATGN,CLOHDYWMN,W'S CLOUD STACK HDY
PATGN,CLOHDYWMN,W'S DAS LIGHT HDY
PATGN,CLOHDYWMN,W'S DIAMOND QUILTED BOMBER
PATGN,CLOHDYWMN,W'S DIAMOND QUILTED BOMBER HOO
PATGN,CLOHDYWMN,W'S DOWN SWEATER HDY
PATGN,CLOHDYWMN,W'S GLORYA HOODED LS TOP
PATGN,CLOHDYWMN,W'S MICRO D FLEECE HDY
PATGN,CLOHDYWMN,W'S NANO PUFF HDY
PATGN,CLOHDYWMN,W'S NANO-AIR ULTRALIGHT FU
PATGN,CLOHDYWMN,W'S ORG CTN ESSENTIAL HDY
PATGN,CLOHDYWMN,W'S R1 AIR FULL-ZIP HDY
PATGN,CLOHDYWMN,W'S R1 CROSSSTRATA HDY
PATGN,CLOHDYWMN,W'S R1 THERMAL FULL-ZIP HDY
PATGN,CLOHDYWMN,W'S SEABROOK HDY
PATGN,CLOHDYWMN,W'S TROPIC COMFORT NATURAL HDY
PATGN,CLOJKTBOY,B'S DOWN SWEATER
PATGN,CLOJKTGRL,G'S NANO PUFF JKT
PATGN,CLOJKTMEN,M'S BETTER SWEATER JKT
PATGN,CLOJKTMEN,M'S DOWN SWEATER HDY
PATGN,CLOJKTMEN,M'S DOWN SWEATER JKT
PATGN,CLOJKTMEN,M'S HOUDINI JKT
PATGN,CLOJKTMEN,M'S M'S NANO PUFF JKT
PATGN,CLOJKTMEN,M'S M'S R1 AIR JKT
PATGN,CLOJKTMEN,M'S MICRO PUFF HDY
PATGN,CLOJKTMEN,M'S NANO PUFF HDY
PATGN,CLOJKTMEN,M'S NANO PUFF JKT
PATGN,CLOJKTMEN,M'S NANO-AIR LIGHT HYBRID JKT
PATGN,CLOJKTMEN,M'S R1 AIR JKT
PATGN,CLOJKTMEN,M'S R1® HDY
PATGN,CLOJKTMEN,M'S TORRENTSHELL 3L RAIN JKT
PATGN,CLOJKTWMN,W'S BETTER SWEATER JKT
PATGN,CLOJKTWMN,W'S CLASSIC MICRODINI JKT
PATGN,CLOJKTWMN,W'S DOWN SWEATER HDY
PATGN,CLOJKTWMN,W'S DOWN SWEATER JKT
PATGN,CLOJKTWMN,W'S HOUDINI JKT
PATGN,CLOJKTWMN,W'S MICRO PUFF HDY
PATGN,CLOJKTWMN,W'S MICRO PUFF JKT
PATGN,CLOJKTWMN,W'S NANO PUFF HDY
PATGN,CLOJKTWMN,W'S NANO PUFF JKT
PATGN,CLOJKTWMN,W'S R1 AIR FZ HDY
PATGN,CLOJKTWMN,W'S R1 AIR JKT
PATGN,CLOJKTWMN,W'S R1 THERMAL JKT
PATGN,CLOJKTWMN,W'S SYNCH JKT
PATGN,CLOJKTWMN,W'S TORRENTSHELL 3L RAIN JKT
PATGN,CLOJKTWMN,W'S TRIOLET JKT
PATGN,CLOLEGWMN,K'S MAIPO TIGHTS
PATGN,CLOLEGWMN,W'S ENDLESS RUN 7/8 TIGHTS
PATGN,CLOLEGWMN,W'S MAIPO 7/8 STASH TIGHTS
PATGN,CLOLEGWMN,W'S MAIPO 7/8 TIGHTS
PATGN,CLOLEGWMN,W'S PACK OUT HIKE TIGHTS
PATGN,CLOLEGWMN,W'S PACK OUT TIGHTS
PATGN,CLOLSSMEN,M'S A/C SHIRT
PATGN,CLOLSSMEN,M'S BACK STEP SHIRT
PATGN,CLOLSSMEN,M'S BAGGIES NATURALS
PATGN,CLOLSSMEN,M'S CC DAILY GPH SHRT
PATGN,CLOLSSMEN,M'S CC DAILY GPH SHRT-LANDS
PATGN,CLOLSSMEN,M'S CC DAILY SHIRT
PATGN,CLOLSSMEN,M'S CC DAILY SHIRT-'73 SKY
PATGN,CLOLSSMEN,M'S CC DAILY SHIRT-CLOUD C
PATGN,CLOLSSMEN,M'S CC DAILY SHIRT-STRATAS
PATGN,CLOLSSMEN,M'S CC MRNO BL. SHIRT
PATGN,CLOLSSMEN,M'S CC TRAIL SHIRT
PATGN,CLOLSSMEN,M'S CC TRAIL SHIRT-STRATAP
PATGN,CLOLSSMEN,M'S CC ULTRA SHIRT
PATGN,CLOLSSMEN,M'S FJORD FLANL SHIRT
PATGN,CLOLSSMEN,M'S FJORD LOFT SHIRT
PATGN,CLOLSSMEN,M'S GO TO SHIRT
PATGN,CLOLSSMEN,M'S GO TO WESTERN SHIRT
PATGN,CLOLSSMEN,M'S LS CC DAILY GPH SHRT
PATGN,CLOLSSMEN,M'S LS CC DAILY GPH SHRT-LANDS
PATGN,CLOLSSMEN,M'S LS CC DAILY SHIRT
PATGN,CLOLSSMEN,M'S LS CC DAILY SHIRT-'73
PATGN,CLOLSSMEN,M'S LS CC DAILY SHIRT-CLOU
PATGN,CLOLSSMEN,M'S LS CC DAILY SHIRT-FITZ
PATGN,CLOLSSMEN,M'S LS CC TRAIL SHIRT
PATGN,CLOLSSMEN,M'S LS CC TRAIL SHIRT-STRA
PATGN,CLOLSSMEN,M'S LS DIRT CRAFT JRSY
PATGN,CLOLSSMEN,M'S LS LW FJORD FLANNEL SHIRT
PATGN,CLOLSSMEN,M'S MRNO BL. 3Q SLV. BK. JRSY
PATGN,CLOLSSMEN,M'S MULTI TRAILS SHORTS-8 IN.
PATGN,CLOLSSMEN,M'S SLEEVELESS CC DAILY SH
PATGN,CLOLSSMEN,M'S SLEEVELESS CC DAILY SHIRT
PATGN,CLOLSSMEN,M'S VJOSA RIVER PC LS SHIRT
PATGN,CLOLSSWMN,W'S CANYONITE FLANL SHIRT
PATGN,CLOLSSWMN,W'S CC DAILY GPH SHRT
PATGN,CLOLSSWMN,W'S CC DAILY GPH SHRT - LANDS
PATGN,CLOLSSWMN,W'S CC DAILY GPH SHRT - WATERS
PATGN,CLOLSSWMN,W'S CC DAILY GPH SHRT-LANDS
PATGN,CLOLSSWMN,W'S CC DAILY SHIRT
PATGN,CLOLSSWMN,W'S CC DAILY SHIRT-FITZ RO
PATGN,CLOLSSWMN,W'S CC DAILY SHIRT-MOTHER
PATGN,CLOLSSWMN,W'S CC DAILY SHIRT-SPOKE S
PATGN,CLOLSSWMN,W'S CC DAILY SHIRT-TRAILCH
PATGN,CLOLSSWMN,W'S CC MRNO BL. GPH SHRT
PATGN,CLOLSSWMN,W'S CC MRNO BL. SHIRT
PATGN,CLOLSSWMN,W'S CC ULTRA SHIRT
PATGN,CLOLSSWMN,W'S FJORD FLANL SHIRT
PATGN,CLOLSSWMN,W'S LS CC DAILY GPH SHRT
PATGN,CLOLSSWMN,W'S LS CC DAILY GPH SHRT-WATER
PATGN,CLOLSSWMN,W'S LS CC DAILY SHIRT
PATGN,CLOLSSWMN,W'S LS CC DAILY SHIRT-FITZ
PATGN,CLOLSSWMN,W'S LW A/C BUTTONDOWN
PATGN,CLOLSSWMN,W'S LW A/C SHIRT
PATGN,CLOLSTBOY,B'S CAP COOL DAILY LS TEE
PATGN,CLOLSTBOY,B'S GRAPHIC LS TEE
PATGN,CLOLSTBOY,B'S GRAPHIC ORG LS TEE
PATGN,CLOLSTBOY,B'S SW RASHGUARD LS
PATGN,CLOLSTGRL,G'S CAP COOL DAILY LS TEE
PATGN,CLOLSTMEN,M'S CAP COOL DAILY LS SHIRT
PATGN,CLOLSTMEN,M'S CAP COOL LW LS SHIRT
PATGN,CLOLSTMEN,M'S CAP COOL TRAIL LS SHIRT
PATGN,CLOLSTMEN,M'S CAP COOL TRAIL SHIRT
PATGN,CLOLSTMEN,M'S CAP MW CREW
PATGN,CLOLSTMEN,M'S CHOUINARD CREST PKT
PATGN,CLOLSTMEN,M'S LINE LOGO RIDGE PKT
PATGN,CLOLSTMEN,M'S PIMA COTTON LS SHIRT
PATGN,CLOLSTMEN,M'S SELF GUIDED HIKE SHIRT LS
PATGN,CLOLSTMEN,M'S SOL PATROL II SHIRT
PATGN,CLOLSTWMN,W'S CAP COOL DAILY LS SHIRT
PATGN,CLOLSTWMN,W'S CAP COOL LS GRAPHIC
PATGN,CLOLSTWMN,W'S CAP COOL LW LS SHIRT
PATGN,CLOLSTWMN,W'S CAP COOL TRAIL LS SHIRT
PATGN,CLOLSTWMN,W'S GARDEN ISLAND TOP
PATGN,CLOLSTWMN,W'S REGENERATIVE COTTON LS
PATGN,CLOLSTWMN,W'S SOL PATROL LS SHIRT
PATGN,CLOLSTWMN,W'S SS MAINSTAY TOP
PATGN,CLOLSWMEN,M'S AIRSHED PRO P/O
PATGN,CLOLSWMEN,M'S BETTER SWEATER QZ
PATGN,CLOLSWMEN,M'S CAP MW CREW
PATGN,CLOLSWMEN,M'S CAP MW ZIP NECK
PATGN,CLOLSWMEN,M'S DOWN SWEATER
PATGN,CLOLSWMEN,M'S LS DAILY HENLEY
PATGN,CLOLSWMEN,M'S LW SYNCH SNAP T P/O
PATGN,CLOLSWMEN,M'S LW SYNCH SNAP-T P/O
PATGN,CLOLSWMEN,M'S M'S MICRO D P/O
PATGN,CLOLSWMEN,M'S M'S R1 AIR ZIP NECK
PATGN,CLOLSWMEN,M'S MICRO D P/O
PATGN,CLOLSWMEN,M'S MICRO D SNAP-T P/O
PATGN,CLOLSWMEN,M'S R1 AIR CREW
PATGN,CLOLSWMEN,M'S R1 AIR ZIP NECK
PATGN,CLOLSWUNI,BETTER SWEATER BEANIE
PATGN,CLOLSWWMN,W'S AIRSHED PRO P/O
PATGN,CLOLSWWMN,W'S BETTER SWEATER QZ
PATGN,CLOLSWWMN,W'S CAP MW CREW
PATGN,CLOLSWWMN,W'S CAP MW ZIP NECK
PATGN,CLOLSWWMN,W'S CAP TW ZIP NECK
PATGN,CLOLSWWMN,W'S DIRT CRAFT LS JERSEY
PATGN,CLOLSWWMN,W'S DOWN SWEATER
PATGN,CLOLSWWMN,W'S LW SYNCH SNAP T P/O
PATGN,CLOLSWWMN,W'S LW SYNCH SNAP-T P/O
PATGN,CLOLSWWMN,W'S MICRO D 1/2 ZIP FLEECE P/O
PATGN,CLOLSWWMN,W'S MICRO D 1/4 ZIP
PATGN,CLOLSWWMN,W'S MICRO D HZ FLEECE P/O
PATGN,CLOLSWWMN,W'S MICRO D QT ZIP
PATGN,CLOLSWWMN,W'S MICRO D QZ
PATGN,CLOLSWWMN,W'S MICRO D SNAP-T P/O
PATGN,CLOLSWWMN,W'S R1 AIR ZIP NECK
PATGN,CLOMENSHI,M'S CAP COOL DAILY GRAPH
PATGN,CLOPNTBOY,B'S BAG GI PANTS
PATGN,CLOPNTBOY,B'S DURABLE HIKE PANTS
PATGN,CLOPNTGRL,G'S DURABLE HIKE PANTS
PATGN,CLOPNTMEN,M'S CAP MW BOTTOMS
PATGN,CLOPNTMEN,M'S DAILY SWEATPANTS
PATGN,CLOPNTMEN,M'S M'S OUTDOOR EVERYDAY PNT
PATGN,CLOPNTMEN,M'S M'S QUANDARY PNT-REG
PATGN,CLOPNTMEN,M'S M'S QUANDARY PNT-SHORT
PATGN,CLOPNTMEN,M'S M'S TERREBONNE JOGGERS
PATGN,CLOPNTMEN,M'S QUANDARY CONV PANT
PATGN,CLOPNTMEN,M'S QUANDARY CONVERTIBLE PNT
PATGN,CLOPNTMEN,M'S QUANDARY PANTS
PATGN,CLOPNTMEN,M'S QUANDARY PANTS - SHORT
PATGN,CLOPNTMEN,M'S QUANDARY PNT-REG
PATGN,CLOPNTMEN,M'S QUANDARY PNT-SHORT
PATGN,CLOPNTMEN,M'S RPS ROCK PANTS
PATGN,CLOPNTMEN,M'S RPS ROCK PNT-REG
PATGN,CLOPNTMEN,M'S STRAIGHT FIT JEANS-REG
PATGN,CLOPNTMEN,M'S TERRAVIA TRAIL PANT
PATGN,CLOPNTMEN,M'S TERREBONNE JOGGERS
PATGN,CLOPNTMEN,M'S VENGA ROCK PANTS - REG
PATGN,CLOPNTMEN,M'S VENGA ROCK PANTS-REG
PATGN,CLOPNTMEN,M'S VENGA ROCK PNT-REG
PATGN,CLOPNTMEN,M'S VENGA ROCK PNT-SHORT
PATGN,CLOPNTWMN,W'S AHNYA PANTS
PATGN,CLOPNTWMN,W'S AHNYA PNT
PATGN,CLOPNTWMN,W'S CALIZA ROCK PANTS - REG
PATGN,CLOPNTWMN,W'S CALIZA ROCK PANTS-REG
PATGN,CLOPNTWMN,W'S CALIZA ROCK PNT - REG
PATGN,CLOPNTWMN,W'S CALIZA ROCK PNT-REG
PATGN,CLOPNTWMN,W'S CAP MW BOTTOMS
PATGN,CLOPNTWMN,W'S CHAMBEAU ROCK PANT
PATGN,CLOPNTWMN,W'S GARDEN ISLAND PNT
PATGN,CLOPNTWMN,W'S HAPPY HIKE STUDIO PANTS
PATGN,CLOPNTWMN,W'S HAPPY HIKE STUDIO PNT
PATGN,CLOPNTWMN,W'S MICRO D JOGGERS
PATGN,CLOPNTWMN,W'S ORG COTTON TERRY PANT
PATGN,CLOPNTWMN,W'S OUTDOOR EVERYDAY CARGO
PATGN,CLOPNTWMN,W'S OUTDOOR EVERYDAY CARGO PAN
PATGN,CLOPNTWMN,W'S OUTDOOR EVERYDAY CARGO PNT
PATGN,CLOPNTWMN,W'S QUANDARY PANTS - REG
PATGN,CLOPNTWMN,W'S QUANDARY PNT - REG
PATGN,CLOPNTWMN,W'S QUANDARY PNT - SHORT
PATGN,CLOPNTWMN,W'S QUANDARY PNT-REG
PATGN,CLOPNTWMN,W'S QUANDARY PNT-SHORT
PATGN,CLOPNTWMN,W'S SKYLINE TRAVELER PANT
PATGN,CLOPNTWMN,W'S TERRAVIA ALP PANT REG
PATGN,CLOPNTWMN,W'S TERREBONNE JOGGERS
PATGN,CLORNJMEN,M'S BOULDER FORK RAIN JKT
PATGN,CLORNJMEN,M'S TORRENTSHELL 3L RAIN JKT
PATGN,CLORNJWMN,W'S BOULDER FORK RAIN JKT
PATGN,CLORNJWMN,W'S CALCITE JKT
PATGN,CLORNJWMN,W'S TORRENTSHELL 3L RAIN JKT
PATGN,CLORNPMEN,M'S TORRENTSHELL 3L RAIN PNT
PATGN,CLOSHOBOY,B'S BAGGIES SHORTS
PATGN,CLOSHOBOY,"B'S BAGGIES SHORTS - 5"""
PATGN,CLOSHOGRL,G'S BAGGIES SHORTS
PATGN,CLOSHOGRL,G'S COSTA RICA BAGGIES SHORT
PATGN,CLOSHOMEN,"M'S ALL-WEAR SHORTS - 10"""
PATGN,CLOSHOMEN,"M'S ALL-WEAR SHORTS - 8"""
PATGN,CLOSHOMEN,M'S ALL-WEAR UTILITY SHORTS
PATGN,CLOSHOMEN,"M'S BAGGIES LIGHTS - 6"""
PATGN,CLOSHOMEN,"M'S BAGGIES LIGHTS-6"""
PATGN,CLOSHOMEN,"M'S BAGGIES LONGS - 7"""
PATGN,CLOSHOMEN,M'S BAGGIES LONGS-7 IN.
PATGN,CLOSHOMEN,"M'S BAGGIES LONGS-7"""
PATGN,CLOSHOMEN,"M'S BAGGIES SHORTS - 5"""
PATGN,CLOSHOMEN,M'S BAGGIES SHORTS LIGHT
PATGN,CLOSHOMEN,M'S BAGGIES SHORTS-5 IN.
PATGN,CLOSHOMEN,"M'S MULTI TRAILS SHORTS - 8"""
PATGN,CLOSHOMEN,M'S NINE TRAILS SHORTS
PATGN,CLOSHOMEN,"M'S OUTDOOR EVERYDAY SHORTS-6"""
PATGN,CLOSHOMEN,"M'S OUTDOOR EVRYDY SHORT 7"""
PATGN,CLOSHOMEN,"M'S QUANDARY SHORTS - 10"""
PATGN,CLOSHOMEN,"M'S QUANDARY SHORTS - 8"""
PATGN,CLOSHOMEN,M'S QUANDARY SHORTS-10 IN.
PATGN,CLOSHOMEN,"M'S QUANDARY SHORTS-10"""
PATGN,CLOSHOMEN,"M'S QUANDARY SHORTS-8"""
PATGN,CLOSHOMEN,"M'S STR PRO SHORTS-5"""
PATGN,CLOSHOMEN,"M'S STR PRO SHORTS-7"""
PATGN,CLOSHOMEN,"M'S STRIDER PRO SHORTS - 5"""
PATGN,CLOSHOMEN,"M'S STRIDER PRO SHORTS - 7"""
PATGN,CLOSHOMEN,"M'S STRIDER SHORTS - 7"""
PATGN,CLOSHOMEN,"M'S TERRAVIA TRAIL SHORTS-10"""
PATGN,CLOSHOMEN,M'S VENGA ROCK KNICKERS
PATGN,CLOSHOMEN,M'S VENGA ROCK SHORTS
PATGN,CLOSHOWMN,W'S BAGGIES SHORTS
PATGN,CLOSHOWMN,"W'S BAGGIES SHORTS - 5"""
PATGN,CLOSHOWMN,W'S BAGGIES SHORTS-2 1/2 IN.
PATGN,CLOSHOWMN,W'S BAGGIES SHORTS-5 IN.
PATGN,CLOSHOWMN,"W'S BARELY BAGGIES SHORT -2.5"""
PATGN,CLOSHOWMN,"W'S ENDLESS RUN SHORT - 4.5"""
PATGN,CLOSHOWMN,W'S ENDLESS RUN SHORTS
PATGN,CLOSHOWMN,W'S HAPPY HIKE SHORTS
PATGN,CLOSHOWMN,"W'S HAPPY HIKE SHORTS - 6"""
PATGN,CLOSHOWMN,W'S ISLAND HEMP BAGGIES SHORTS
PATGN,CLOSHOWMN,W'S MAIPO SHORTS - 8 IN.
PATGN,CLOSHOWMN,"W'S MAIPO SHORTS - 8"""
PATGN,CLOSHOWMN,W'S MAIPO SHORTS-8 IN.
PATGN,CLOSHOWMN,"W'S MULTI TRAILS SHORTS - 5"""
PATGN,CLOSHOWMN,W'S OUTDOOR EVERYDAY SHORTS
PATGN,CLOSHOWMN,"W'S QUANDARY SHORTS - 5"""
PATGN,CLOSHOWMN,W'S QUANDARY SHORTS - 7 IN.
PATGN,CLOSHOWMN,"W'S QUANDARY SHORTS - 7"""
PATGN,CLOSHOWMN,W'S QUANDARY SHORTS-5 IN.
PATGN,CLOSHOWMN,W'S QUANDARY SHORTS-7 IN.
PATGN,CLOSHOWMN,W'S SKYLINE TRAVELER SHORTS
PATGN,CLOSHOWMN,W'S STR PRO SHORTS - 3.5 IN.
PATGN,CLOSHOWMN,W'S STR PRO SHORTS-3.5 IN.
PATGN,CLOSHOWMN,"W'S STRIDER PRO SHORTS - 3.5"""
PATGN,CLOSHOWMN,"W'S STRIDER SHORTS - 3.5"""
PATGN,CLOSHOWMN,"W'S STRT ALLWEAR SHORTS - 8"""
PATGN,CLOSHOWMN,W'S TERREBONNE SHORTS
PATGN,CLOSKTWMN,W'S FLEETWITH SKORT
PATGN,CLOSKTWMN,W'S MAIPO SKORT
PATGN,CLOSKTWMN,W'S OUTDOOR EVERYDAY SKORT
PATGN,CLOSNHGRL,G'S CAP COOL DAILY SUN HDY
PATGN,CLOSNHMEN,M'S CAP COOL DAILY HDY
PATGN,CLOSNHMEN,M'S CAP COOL GRAPHIC HDY
PATGN,CLOSNHMEN,M'S SUNSHADE TECHNICAL HDY
PATGN,CLOSNHMEN,M'S TROPIC COMFORT HDY
PATGN,CLOSNHWMN,W'S CAP COOL DAILY HDY
PATGN,CLOSNHWMN,W'S CAP COOL GRAPHIC HDY
PATGN,CLOSNHWMN,W'S SWIFT DRIFT SUN HDY
PATGN,CLOSNTMEN,M'S LS CC SUN SHIRT
PATGN,CLOSNTMEN,M'S LS CC SUN SHIRT-CLOUD
PATGN,CLOSNTMEN,M'S LS CC SUN SHIRT-PEAK V
PATGN,CLOSNTMEN,M'S LS SUN SHIRT
PATGN,CLOSNTMEN,M'S SS SUN SHIRT
PATGN,CLOSNTWMN,W'S LS CC SUN SHIRT
PATGN,CLOSNTWMN,W'S LS CC SUN SHIRT-PEAK V
PATGN,CLOSNTWMN,W'S LS SUN SHIRT
PATGN,CLOSNTWMN,W'S SELF GUIDED LS SUN SHIRT
PATGN,CLOSNTWMN,W'S SUN STRETCH LS SHIRT
PATGN,CLOSSTBOY,B'S CAP COOL DAILY TEE
PATGN,CLOSSTBOY,B'S FLYING FISH ORG TEE
PATGN,CLOSSTBOY,B'S GRAPHIC ORG TEE
PATGN,CLOSSTBOY,B'S GRAPHIC TEE
PATGN,CLOSSTGRL,G'S CAP COOL DAILY SS TEE
PATGN,CLOSSTGRL,G'S GRAPHIC ORG LS TEE
PATGN,CLOSSTGRL,G'S GRAPHIC ORG TEE
PATGN,CLOSSTGRL,G'S GRAPHIC TEE
PATGN,CLOSSTGRL,G'S P-6 LOGO TEE
PATGN,CLOSSTMEN,M'S '73 SKYLINE ORGANIC TEE
PATGN,CLOSSTMEN,M'S A/C SHIRT
PATGN,CLOSSTMEN,M'S BACK STEP SHIRT
PATGN,CLOSSTMEN,M'S CAP COOL DAILY GRAPHIC
PATGN,CLOSSTMEN,M'S CAP COOL LW SHIRT
PATGN,CLOSSTMEN,M'S CAP DAILY TEE
PATGN,CLOSSTMEN,M'S CC DAILY GPH SHRT
PATGN,CLOSSTMEN,M'S CC DAILY SHIRT
PATGN,CLOSSTMEN,M'S CC RSP-TEE
PATGN,CLOSSTMEN,M'S FR BEAR ORG TEE
PATGN,CLOSSTMEN,M'S LS '73 TEXT LOGO RESP-TEE
PATGN,CLOSSTMEN,M'S LS CC DAILY GPH SHRT
PATGN,CLOSSTMEN,M'S LS CC DAILY GPH SHRT-LANDS
PATGN,CLOSSTMEN,M'S LS CC DAILY SHIRT
PATGN,CLOSSTMEN,M'S LS MADE OF RESP-TEE
PATGN,CLOSSTMEN,M'S LS STRATASPIRE RESP-TEE
PATGN,CLOSSTMEN,M'S SELF GUIDED HIKE SHIRT
PATGN,CLOSSTMEN,M'S UNITY FITZ
PATGN,CLOSSTWMN,W'S CAP COOL CROPPED SS TEE
PATGN,CLOSSTWMN,W'S CAP COOL DAILY SHIRT
PATGN,CLOSSTWMN,W'S CAP COOL LW SHIRT
PATGN,CLOSSTWMN,W'S CAP COOL TRAIL SHIRT
PATGN,CLOSSTWMN,W'S CC DAILY SHIRT
PATGN,CLOSSTWMN,W'S CC DAILY TANK
PATGN,CLOSSTWMN,W'S CC TRAIL CROPPED SHIRT
PATGN,CLOSSTWMN,W'S CLASSIC SHORTS
PATGN,CLOSSTWMN,W'S CLASSIC STRAIGHT PNT
PATGN,CLOSSTWMN,W'S ENDLESS RUN 7/8 TIGHTS
PATGN,CLOSSTWMN,W'S FEMME FITZ ROY V-NECK TEE
PATGN,CLOSSTWMN,W'S FR BEAR ORG SCOOP TEE
PATGN,CLOSSTWMN,W'S LS CC DAILY GPH SHRT-LANDS
PATGN,CLOSSTWMN,W'S LS CC DAILY GPH SHRT-WATER
PATGN,CLOSSTWMN,W'S LS CC DAILY SHIRT
PATGN,CLOSSTWMN,W'S MOUNT AIRY SCOOP TEE
PATGN,CLOSSTWMN,W'S ORG CTN ESSENTIAL SHORTS
PATGN,CLOSSTWMN,W'S ORG CTN ESSENTIAL TOP
PATGN,CLOSSTWMN,W'S RE-TOOL SNAP-T
PATGN,CLOSSTWMN,W'S REGENERATIVE COTTON
PATGN,CLOTNKMEN,M'S CC ULTRA TANK
PATGN,CLOTNKMEN,M'S P-6 LABEL ORG TANK
PATGN,CLOTNKWMN,W'S CAP COOL CROP TANK
PATGN,CLOTNKWMN,W'S CAP COOL LW TANK
PATGN,CLOTNKWMN,W'S CAP COOL TRAIL TANK
PATGN,CLOTNKWMN,W'S CC DAILY TANK
PATGN,CLOTNKWMN,W'S CC TRAIL CROPPED TANK
PATGN,CLOTNKWMN,W'S CC ULTRA TANK
PATGN,CLOTNKWMN,W'S CROSS BETA TANK
PATGN,CLOTNKWMN,W'S GLORYA TANK
PATGN,CLOTNKWMN,W'S MAINSTAY TANK
PATGN,CLOTNKWMN,W'S MAIPO TANK
PATGN,CLOTNKWMN,W'S MIBRA TANK
PATGN,CLOTNKWMN,W'S MOUNT AIRY SCOOP TANK
PATGN,CLOTNKWMN,W'S REVERSIBLE TANK
PATGN,CLOTNKWMN,W'S RIDGE FLOW TANK
PATGN,CLOTNKWMN,W'S SIDE CURRENT TANK
PATGN,CLOVSTMEN,M'S NANO PUFF VEST
PATGN,CLOVSTMEN,M'S R1 VEST
PATGN,CLOVSTWMN,W'S NANO PUFF VEST
PATGN,CLOVSTWMN,W'S R1 VEST
PATGN,HATSUN,FR BISON LOPRO TRUCKER HAT
PATGN,HATSUN,K'S INTERSTATE HAT
PATGN,HATSUN,P-6 LOGO LOPRO TRUCKER HAT
PATGN,HATSUN,P-6 LOGO TRUCKER HAT
PATGN,PAKBP UNI,TERRAVIA PACK 22L
PATGN,PAKBP UNI,TERRAVIA PACK 28L
PATGN,PAKCRSUNI,ATOM SLING 8L
PATGN,PAKDAY,REFUGIO PACK 28L
PATGN,PAKDAY,UL BLACK HOLE MINI HIP PACK
PATGN,PAKDUFNWP,BLACK HOLE DUFFEL 40L
PATGN,PAKDUFNWP,BLACK HOLE DUFFEL 55L
PATGN,PAKDUFNWP,BLACK HOLE DUFFEL 70L
PATGN,PAKDUFNWP,TERRAVIA TOTE PACK
PATGN,PAKHIPUNI,TERRAVIA HIP PACK
PATGN,PAKHIPUNI,TERRAVIA MINI HIP PACK
PATGN,TRVACS,BLACK HOLE MINI HIP PACK
PATGN,TRVDFL,BLACK HOLE DUFFEL 40L
PATGN,TRVDFL,BLACK HOLE DUFFEL 55L
PATGN,TRVDFL,BLACK HOLE DUFFEL 60L
PATGN,TRVDFL,BLACK HOLE DUFFEL 70L
PATGN,TRVDFL,BLACK HOLE DUFFEL 90L
PATPAK,HOTHND,HAND WARMERS
PDISC,CLAHB,3 B STRIPED HEADBAND
PDISC,GAMDSCGLF,SPORT SUNBURST
PDISC,GAMDSCGLF,SPORT SUNBURST - GEARHEADS
PDISC,GAMSAC,FOOTBAG REGULAR
PDISC,GAMSAC,HAPPY HIPPIE
PDISC,GAMSAC,PARTY POUCH
PETERG,HATSUN,BAJA - NATURAL
PETERG,HATSUN,CAMO - BROWN
PETERG,HATSUN,JAMAICA - NATURAL
PETERG,HATSUN,JERRY - TEAL
PETERG,HATSUN,KIRAN - NAVY
PETERG,HATSUN,NOAH - NATURAL
PETERG,HATSUN,PIPE - NATURAL
PETERG,HATSUN,SURF CLUB - NATURAL
PETZL,CLABELUNI,BLUE BELT
PETZL,CLIAIDASN,ASCENSION ASCENDER-LEFT
PETZL,CLIAIDASN,ASCENSION ASCENDER-RIGHT
PETZL,CLIAIDASN,DESCENDER PIRANA GUIDE
PETZL,CLIAIDHW,FIFI HOOK
PETZL,CLIAIDLAD,FOOTCORD
PETZL,CLIAIDLAD,FOOTTAPE
PETZL,CLIAIDPLY,FIXE PULLEY
PETZL,CLIAIDPLY,GEMINI
PETZL,CLIAIDPLY,MINI PRUSIK MINDING PULLEY
PETZL,CLIAIDPLY,PARTNER PULLEY
PETZL,CLIAIDPLY,PULLEY OSCILLANTE
PETZL,CLIAIDPLY,RESCUE PULLEY
PETZL,CLIAIDPLY,ULTRA LEGERE PULLEY
PETZL,CLIAIDRG,BASIC ROPE CLAMP GRAB
PETZL,CLIAIDRG,MICRO TRAXION
PETZL,CLIAIDRG,MINI TRAXION
PETZL,CLIAIDRG,NANO TRAXION
PETZL,CLIAIDRG,RESCUCENDER
PETZL,CLIAIDRG,ROPE CLAMP CROLL
PETZL,CLIAIDRG,SHUNT ROPE CLAMPGRAB
PETZL,CLIAIDRG,TIBLOC UL
PETZL,CLIAIDRPT,PAW PLATE-SMALL
PETZL,CLIATCBIT,ROCPEC DRILL
PETZL,CLIATCBLT,DELTA SCREWLINK 10MM
PETZL,CLIATCHAM,BONGO
PETZL,CLIATCHAM,TAM TAM HAMMER
PETZL,CLIBAG,BUG
PETZL,CLIBAG,KLIFF ROPE BAG
PETZL,CLIBAG,SPLIT ROPE BAG
PETZL,CLIBAG,TARP BAG
PETZL,CLIBAGCHK,BANDI
PETZL,CLIBAGCHK,CHALK BAG BANDI
PETZL,CLIBAGCHK,CHALK BAG SAKAPOCHE
PETZL,CLIBAGCHK,SAKA
PETZL,CLIBELAS,GRIGRI
PETZL,CLIBELAS,GRIGRI® BELAY DEVICE
PETZL,CLIBELAS,GRIGRIÂ® +
PETZL,CLIBELAS,NEOX BELAY DEVICE
PETZL,CLIBELCNY,CROLL ROPE CLAMP GRAB
PETZL,CLIBELNAS,DESCENDER PIRANA CLUB
PETZL,CLIBELNAS,HUIT ANTIBRULURE DESCENDER
PETZL,CLIBELNAS,HUIT DESCENDER
PETZL,CLIBELNAS,RACK DESCENDER
PETZL,CLIBELNAS,REVERSO® BELAY DEVICE
PETZL,CLIBELNAS,VERSO BELAY DEVICE
PETZL,CLICARLK,AM'D LOCK CARABINER
PETZL,CLICARLK,AM'D TRI-ACT CARABINER
PETZL,CLICARLK,ATTACHE SL CARABINER
PETZL,CLICARLK,CARABINER AM'D TWIST-LOCK
PETZL,CLICARLK,CARABINER ATTACHE SCREW-LOCK Y
PETZL,CLICARLK,CARABINER ROCHA SCREW-LOCK
PETZL,CLICARLK,FREINO CARABINER
PETZL,CLICARLK,FREINO Z-TWIST LOCK
PETZL,CLICARLK,OK BALL LOCK
PETZL,CLICARLK,OK SCREWLOCK CARABINER
PETZL,CLICARLK,OK TRIACT-LOCK
PETZL,CLICARLK,SM'D SCREW LOCK CARABINER
PETZL,CLICARLK,SM'D TRIACT-LOCK
PETZL,CLICARLK,SM'D TWIST-LOCK
PETZL,CLICARLK,WILLIAM BALL-LOCK
PETZL,CLICARLK,WILLIAM SCREW-LOCK
PETZL,CLICARLK,WILLIAM SCREW-TRIACT
PETZL,CLICARNLK,ANGE L BLUE CARABINER
PETZL,CLICARNLK,ANGE L GRAY CARABINER
PETZL,CLICARNLK,ANGE S GRAY CARABINER
PETZL,CLICARNLK,ANGE S ORANGE CARABINER
PETZL,CLICARNLK,CARABINER DJINN BENT
PETZL,CLICARNLK,DJINN CARABINER BENT
PETZL,CLICARNLK,DJINN CARABINER STRAIGHT
PETZL,CLICARNLK,SM'D WALL CARABINER
PETZL,CLICARNLK,SPIRIT 6 PACK
PETZL,CLICARNLK,SPIRIT BENT
PETZL,CLICARNLK,SPIRIT STRAIGHT
PETZL,CLICARQD,6 QUICKDRAWS DJINN AXESS
PETZL,CLICARQD,ANGE S QD 17CM (S+S)
PETZL,CLICARQD,DJINN AXESS QD 11CM
PETZL,CLICARQD,DJINN AXESS QD 17CM
PETZL,CLICARQD,DJINN AXESS QD 25CM
PETZL,CLICARQD,QUICKDRAW SPIRIT EXPRESS 17CM
PETZL,CLICARQD,SPIRIT EXPRESS QD 11CM
PETZL,CLICARQD,SPIRIT EXPRESS QD 25CM
PETZL,CLICHK,CHALK POWER CRUNCH 200G
PETZL,CLICHK,CHALK POWER CRUNCH 300G
PETZL,CLIESS,ROPE FOR GRILLON PLUS 2M
PETZL,CLIGLVBEL,CORDEX GLOVE
PETZL,CLIGLVBEL,CORDEX LW GLOVE
PETZL,CLIGLVBEL,CORDEX PLUS
PETZL,CLIGLVBEL,CORDEX PLUS GLOVE
PETZL,CLIHELUNI,BOREA HELMET
PETZL,CLIHELUNI,BOREO HELMET
PETZL,CLIHELUNI,METEOR
PETZL,CLIHELUNI,METEOR HELMET
PETZL,CLIHELUNI,SIROCCO HELMET
PETZL,CLIHELWMN,METEORA HELMET
PETZL,CLIHELYTH,PICCHU HELMET
PETZL,CLIHNSMEN,ADJAMA HARNESS
PETZL,CLIHNSMEN,HARNESS SAMA
PETZL,CLIHNSMEN,SAMA HARNESS
PETZL,CLIHNSUNI,CORAX HARNESS
PETZL,CLIHNSUNI,CORAX LT
PETZL,CLIHNSUNI,CORAX LT HARNESS
PETZL,CLIHNSUNI,CORAZ LT HARNESS
PETZL,CLIHNSUNI,SAMA HARNESS
PETZL,CLIHNSWMN,HARNESS SELENA
PETZL,CLIHNSWMN,SELENA
PETZL,CLIHNSWMN,SELENA HARNESS
PETZL,CLIHNSWMN,W'S CORAX LT
PETZL,CLIHNSWMN,W'S CORAX LT HARNESS
PETZL,CLIHNSWMN,W'S LUNA HARNESS
PETZL,CLIHNSYTH,MACCHU HARNESS
PETZL,CLIHNSYTH,MACCHUÂ®
PETZL,CLIHNSYTH,OUISTITI HARNESS
PETZL,CLIHNSYTH,X SIMBA CHILDS HARNESS
PETZL,CLIHW,GOUTTE D'EAU SKY HOOK
PETZL,CLIHW,MICROGRAB ROPE CLAMP
PETZL,CLIHW,REGLETTE SKY HOOK
PETZL,CLIHW,ROLLCLIP PULLEY
PETZL,CLIHW,ROLLCLIP TRIACT-LOCK POULIE
PETZL,CLISFTPAS,CONNECT ADJUST
PETZL,CLISFTPAS,DUAL CONNECT ADJ LANYARD
PETZL,CLISFTPAS,DUAL CONNECT ADJUST
PETZL,CLISFTPAS,EVOLV ADJUST
PETZL,CLISFTROP,ARIAL 9.5MM 80M
PETZL,CLISFTROP,PUR'LINE CORD 65M
PETZL,CLISFTROP,ROPE ARIAL 9.5MM
PETZL,CLISFTROP,VOLTA 9.2 70M
PETZL,CLISFTROP,VOLTA 9.2 80M
PETZL,HATCAP,PETZL LOGO HAT
PETZL,LITACS,CORE 2 RECHARGABLE BATTERY
PETZL,LITACS,HEADLAMP HEADBAND
PETZL,LITACS,HEADLAMP HEADBAND - REFLECTIVE
PETZL,LITACS,X HEADLAMP HEADBAND
PETZL,LITHL,ACTIK
PETZL,LITHL,ACTIK CORE
PETZL,LITHL,ARIA 1 RGB
PETZL,LITHL,ARIA 2 RGB
PETZL,LITHL,ARIAÂ® 1 RGB
PETZL,LITHL,ARIAÂ® 2 RGB
PETZL,LITHL,ARIAÂ® 2R RGB
PETZL,LITHL,BINDI HEADLAMP
PETZL,LITHL,IKO® 350 BLACK
PETZL,LITHL,IKO® CORE 500
PETZL,LITHL,NAO RL HEADLAMP
PETZL,LITHL,NOCTILIGHT®
PETZL,LITHL,POCHE TIKKA 2 HEADLAMP CASE
PETZL,LITHL,SWIFT RL
PETZL,LITHL,TIKKA
PETZL,LITHL,TIKKA CORE
PETZL,LITHL,TIKKA CORE 450
PETZL,LITHL,TIKKID
PETZL,LITHL,TIKKINA
PETZL,PAKBP,ALCANADRE GUIDE 45
PETZL,PAKDAY,ALCANADRE CLUB 30L PACK
PETZL,PAKDAY,BUG CLIMBING BACKPACK
PETZL,PAKDAY,YARA CLUB 15
PETZL,PAKDAY,YARA GUIDE 25
PETZL,TOLKNF,SPATHA KNIFE
PHOTON,LITACS,PHOTON II - GREEN
PHOTON,LITACS,PHOTON II - PURPLE
PHOTON,LITACS,PHOTON II - RED
PHOTON,LITACS,PHOTON II - WHITE
PI,OLD,SUMMIT PRO GLOVE
PISTIL,HATSUN,M'S MCCOY
PISTIL,HATSUN,W'S TRISTAN
POWRIM,ELTCBL,10' MICRO USB CABLE
POWRIM,ELTCBL,3.5' MICRO USB CABLE
POWRIM,ELTCBL,3.5' TYPE C USB CABLE
POWRIM,ELTCHGBLK,ALUMINUM DUAL PORT CAR CHARGER
POWRIM,ELTCHGBLK,WC-21 DUAL PORT WALL CHARGER
POWRIM,LITLAN,LUX PRO LANTERN
POWRIM,LITLAN,POP-UP LIGHTS
PRANA,ACS,VERDE YOGA MAT
PRANA,CLABRAWMN,HEAVANA ESSENTIAL BRALETTE
PRANA,CLABRAWMN,HEAVANA EVERYDAY BRA
PRANA,CLABRAWMN,HEAVANA EVERYDAY BRA D/DD
PRANA,CLABRAWMN,LUXARA LONGLINE BRA
PRANA,CLABRAWMN,W'S HEAVANA EVERY MINUTE BRA
PRANA,CLABRAWMN,W'S HEAVANA RACERBACK BRALETTE
PRANA,CLABRAWMN,W'S LUXARA BALANCE BRA
PRANA,CLABRAWMN,W'S LUXARA SWIFTMOVE BRA
PRANA,CLABRAWMN,W'S LUXARA SWIFTMOVE BRA D/DD
PRANA,CLABRAWMN,W'S SCULPT ADJ BRA
PRANA,CLABRAWMN,W'S SCULPT DEEP BREATH B
PRANA,CLABRAWMN,W'S SCULPT SCOOP BRA
PRANA,CLABRAWMN,W'X LUXARA 7/8 LEGGING
PRANA,CLABRAWMN,X W'S SCULPT SEND OFF BRA
PRANA,CLAHATCAP,DESERT ROAD EMB TRUCKER
PRANA,CLAHATCAP,DESERT ROAD TRUCKER
PRANA,CLAHATCAP,DOOHICKEY TRUCKER
PRANA,CLAHATCAP,ORIGIN STORY CAP
PRANA,CLAHATCAP,TRAILBLAZE 5-PANEL CAP
PRANA,CLAHATWNT,LOGO BEANIE
PRANA,CLAHATWNT,PRANA LOGO BEANIE
PRANA,CLASWMWMN,BAJA BOUND ONE PIECE
PRANA,CLASWMWMN,BAJA BOUND RASHGUARD
PRANA,CLASWMWMN,HANA HIGHWAY TRIANGLE TOP
PRANA,CLASWMWMN,MALLORCA REVERSIBLE BOTTOM
PRANA,CLASWMWMN,MALLORCA REVERSIBLE TOP
PRANA,CLASWMWMN,REEF BREAK ONE PIECE
PRANA,CLASWMWMN,SUMMER WAVE BOTTOM
PRANA,CLASWMWMN,W'S BAJA BND 1PC
PRANA,CLASWMWMN,W'S BAJA BND CUTOUT 1PC
PRANA,CLASWMWMN,W'S BAJA BND RASHGUARD
PRANA,CLASWMWMN,W'S LAHARI 1PC
PRANA,CLASWMWMN,W'S LAHARI SCRUNCH 1PC
PRANA,CLASWMWMN,W'S LAHARI SCRUNCH ONE PIECE
PRANA,CLASWMWMN,W'S MALLORCA 1PC
PRANA,CLIBAGCHK,GRAPHIC CHALK BAG
PRANA,CLIBAGCHK,PRANA CANVAS CHALK BAG
PRANA,CLODRSWMN,JEWEL LAKE SUMMER DRESS
PRANA,CLODRSWMN,W'S HEAVANA EVERY MINUTE DRESS
PRANA,CLODRSWMN,W'S HEAVANA RACERBACK MIDI DRE
PRANA,CLODRSWMN,W'S JEWEL LAKE SUMMER DRESS
PRANA,CLODRSWMN,W'S LATA BEACH DRESS
PRANA,CLODRSWMN,W'S RAILAY POCKET DRESS
PRANA,CLODRSWMN,X W'S JEWEL LAKE SUMMER DRESS
PRANA,CLODRSWMN,X W'S LUXARA DRESS
PRANA,CLODRSWMN,X W'S RAILAY POCKET DRESS
PRANA,CLOFLAMEN,M'S ASGARD HOODFLANNEL SHIRT
PRANA,CLOFLAMEN,M'S DOLBERG FLANL SHIRT
PRANA,CLOFLAMEN,M'S DOLBERG FLANNEL SHIRT
PRANA,CLOFLAMEN,M'S WESTBROOK FLANL SHIRT
PRANA,CLOFLAMEN,M'S WESTBROOK FLANNEL SHIRT
PRANA,CLOFLAMEN,X M'S ASGARD HOODFLANNEL SHIRT
PRANA,CLOFLAWMN,W'S GOLDEN CANYON FLANNEL
PRANA,CLOHDYMEN,M'S ALTITUDE TRACKER FZ HDY II
PRANA,CLOHDYMEN,M'S ALTITUDE TRACKER FZHDYII
PRANA,CLOHDYMEN,M'S ALTITUDE TRACKER LT HDY
PRANA,CLOHDYMEN,M'S FLEECE GRAPHIC HDY
PRANA,CLOHDYMEN,M'S PRANA FLEECE HDY
PRANA,CLOHDYMEN,M'S PRANA HERITAGE HDY
PRANA,CLOHDYMEN,X GRIDLOCKED FLEECE FZ HDY
PRANA,CLOHDYMEN,X M'S ALTITUDE TRACKER FZHDYII
PRANA,CLOHDYMEN,X NORTH COUNTY HOODIE
PRANA,CLOHDYWMN,W'S COZY UP CROP HDY
PRANA,CLOHDYWMN,W'S EILEEN HDY
PRANA,CLOHDYWMN,W'S SHEA HDY
PRANA,CLOHDYWMN,W'S SHEA SOFT HDY
PRANA,CLOHDYWMN,W'S TOUCHSTONE HDY
PRANA,CLOHDYWMN,X W'S COZY UP CROP HDY
PRANA,CLOJKTMEN,M'S PALSDS RIPSTOP FIELD JKT
PRANA,CLOJKTWMN,W'S COZY UP FZ
PRANA,CLOJKTWMN,W'S INSULATED ICE FLOW JKT
PRANA,CLOJKTWMN,W'S PALSDS RIPSTOP JKT
PRANA,CLOLEGWMN,W'S HEAVANA POCKET LEGGING
PRANA,CLOLEGWMN,W'S LUXARA POCKET LEGGING
PRANA,CLOLEGWMN,X HEAVANA POCKET LEGGING
PRANA,CLOLSSMEN,M'S GROVELAND SHIRT
PRANA,CLOLSSMEN,M'S LINDORES SHIRT
PRANA,CLOLSSMEN,M'S MENDOCINO SHIRT
PRANA,CLOLSSMEN,M'S PALSDS RIPSTOP FIELD SHIRT
PRANA,CLOLSSMEN,M'S PEACEPATH SHIRT
PRANA,CLOLSSMEN,M'S STIMMERSEE SHIRT
PRANA,CLOLSSMEN,M'S TINLINE SHIRT
PRANA,CLOLSSWMN,W'S COZY UP SWEATSHIRT
PRANA,CLOLSSWMN,W'S FERNIE SHIRT
PRANA,CLOLSSWMN,W'S ICE FLOW LONG SLEEVE
PRANA,CLOLSSWMN,W'S ICE FLOW LS
PRANA,CLOLSTMEN,HYBRIDIZER BREATHE JKT
PRANA,CLOLSTMEN,M'S HYBRIDIZER LS SHIRT
PRANA,CLOLSWMEN,M'S ALTITUDE TRACKER CREW II
PRANA,CLOLSWMEN,M'S ALTITUDE TRACKER LT QZ
PRANA,CLOLSWMEN,M'S RONNIE HENLEY II
PRANA,CLOLSWMEN,M'S SOL SHADE LS CREW
PRANA,CLOLSWMEN,X M'S RONNIE HENLEY II
PRANA,CLOLSWWMN,W'S COZY UP CREW SWEATSHIRT
PRANA,CLOLSWWMN,W'S COZY UP LS CREW
PRANA,CLOLSWWMN,W'S SHEA CREWNECK
PRANA,CLOLSWWMN,W'S SHEA SOFT FZ
PRANA,CLOLSWWMN,W'S SHEA SOFT HZ
PRANA,CLOLSWWMN,W'S SOL SEARCHER LS CREW
PRANA,CLOLSWWMN,W'S TOUCHSTONE HENLEY
PRANA,CLOMENPNT,X M'S BRIDGER SLIMTAPERED JEAN
PRANA,CLOMENSHI,X M'S CREW T-SHIRT
PRANA,CLOMENSHI,X M'S EVERYDAY SS TEE
PRANA,CLOMENSHI,X SAUCHA JACKET
PRANA,CLOPNTMEN,M' STRETCH ZION SLIM PNT
PRANA,CLOPNTMEN,M'S ALTITUDE TRACKER JOGGER II
PRANA,CLOPNTMEN,M'S BRIDGER JEAN
PRANA,CLOPNTMEN,"M'S BRIDGER JEAN 32"" INSEAM"
PRANA,CLOPNTMEN,"M'S BRIDGER JEAN 34"" INSEAM"
PRANA,CLOPNTMEN,M'S BRIDGER SLIM JEAN
PRANA,CLOPNTMEN,"M'S BRIDGER SLIM JEAN - 30"""
PRANA,CLOPNTMEN,"M'S BRIDGER SLIM JEAN - 32"""
PRANA,CLOPNTMEN,"M'S BRIDGER SLIM JEAN - 34"""
PRANA,CLOPNTMEN,M'S BRION PANT
PRANA,CLOPNTMEN,M'S DISCOVERY TRAIL JOGGER
PRANA,CLOPNTMEN,M'S DURADO CORD PANT
PRANA,CLOPNTMEN,M'S DURADO PNT
PRANA,CLOPNTMEN,M'S HYBRIDIZER BREATHE JOGGER
PRANA,CLOPNTMEN,M'S SEPARATE REALITY PNT
PRANA,CLOPNTMEN,M'S STRETCH ZION 5 PKT STD
PRANA,CLOPNTMEN,M'S STRETCH ZION FIELD PANT
PRANA,CLOPNTMEN,M'S STRETCH ZION PANT
PRANA,CLOPNTMEN,M'S STRETCH ZION STANDARD PANT
PRANA,CLOPNTMEN,M'S STRETCH ZION TOP-OUT PANT
PRANA,CLOPNTMEN,M'S STRETCH ZIONSTRAIGHTPANT
PRANA,CLOPNTMEN,M'S VAHA BALANCE PNT
PRANA,CLOPNTMEN,M'S WONDERLAND ROCKS PULL ON P
PRANA,CLOPNTMEN,STRETCH ZION PANT
PRANA,CLOPNTWMN,HIDEAWAYS PANT
PRANA,CLOPNTWMN,KOEN CAPRI
PRANA,CLOPNTWMN,W'S DURADO PNT
PRANA,CLOPNTWMN,W'S FERNIE BEACH PANT
PRANA,CLOPNTWMN,W'S HALLE PANT
PRANA,CLOPNTWMN,W'S HALLE STRAIGHT PANT
PRANA,CLOPNTWMN,W'S KANAB MID RISE JOGGER
PRANA,CLOPNTWMN,W'S KANAB PANT
PRANA,CLOPNTWMN,W'S KOEN CAPRI
PRANA,CLOPNTWMN,W'S KOEN MID RISE DAILY PNT
PRANA,CLOPNTWMN,W'S KOEN MR DAILY PNT PLUS
PRANA,CLOPNTWMN,W'S KOEN PANT
PRANA,CLOPNTWMN,W'S PALSDS RIPSTOP E WST PANT
PRANA,CLOPNTWMN,W'S PALSDS RIPSTOP UTILTY PANT
PRANA,CLOPNTWMN,W'S ROCK RIDGE MELROSE PNT
PRANA,CLOPNTWMN,W'S STRETCH ZION HALLE MD RISE
PRANA,CLOPNTWMN,W'S STRETCH ZION HALLE PANT
PRANA,CLOPNTWMN,W'S STRETCH ZION HR CARGO
PRANA,CLOPNTWMN,W'S STRETCH ZION HR JOGGER
PRANA,CLOPNTWMN,X W'S KANAB RIPSTOP PANT
PRANA,CLOSHOMEN,M'S ALTITUDE TRACKER LT SHORT
PRANA,CLOSHOMEN,M'S DURADO SHORT
PRANA,CLOSHOMEN,M'S FURROW SHORT
PRANA,CLOSHOMEN,M'S HYBRIDIZER SHORT
PRANA,CLOSHOMEN,M'S LA JOLLA LINED SHORT
PRANA,CLOSHOMEN,M'S MOJO SHORT
PRANA,CLOSHOMEN,"M'S MOJO SHORT 8"""
PRANA,CLOSHOMEN,M'S PRANA VINTAGE BOARDSHORT
PRANA,CLOSHOMEN,M'S ROCK RIDGE SHORT
PRANA,CLOSHOMEN,M'S STRETCH ZION 5 PKT SHORT
PRANA,CLOSHOMEN,M'S STRETCH ZION 5 POCKET SHOR
PRANA,CLOSHOMEN,M'S STRETCH ZION FIELD SHORT
PRANA,CLOSHOMEN,M'S STRETCH ZION SHORT
PRANA,CLOSHOMEN,"X M'S MOJO SHORT 8"""
PRANA,CLOSHOWMN,"HEAVANA 6"" SHORT"
PRANA,CLOSHOWMN,KANAB MID RISE SHORT
PRANA,CLOSHOWMN,"KOEN 5"" SHORT"
PRANA,CLOSHOWMN,ROCK RIDGE HIGH RISE SHORT
PRANA,CLOSHOWMN,STRETCH ZION CARGO SHORT
PRANA,CLOSHOWMN,STRETCH ZION HALLE SHORT
PRANA,CLOSHOWMN,SUTON SHORT
PRANA,CLOSHOWMN,"W'S HEAVANA 2.5"" SHORT"
PRANA,CLOSHOWMN,"W'S HEAVANA 6"" SHORT"
PRANA,CLOSHOWMN,W'S KANAB SHORT
PRANA,CLOSHOWMN,W'S KOEN FLAT FRONT SHORT
PRANA,CLOSHOWMN,W'S LUXARA SALUTATIONS SHORTIE
PRANA,CLOSHOWMN,W'S SANCHO SHORT
PRANA,CLOSHOWMN,W'S STRETCH ZION HALLE SHORT
PRANA,CLOSHOWMN,WONDERLAND ROCKS SHORT
PRANA,CLOSHOWMN,X W'S KANAB SHORT
PRANA,CLOSHOWMN,X W'S KOEN FLAT FRONT SHORT
PRANA,CLOSKTWMN,KOEN SKORT
PRANA,CLOSNHMEN,M'S SOL SHADE HDY
PRANA,CLOSNHMEN,X M'S SOL SHADE HDY
PRANA,CLOSNHWMN,W'S SOL SEARCHER SUN HDY
PRANA,CLOSSTMEN,M'S BEAR SQUEEZE JRNYMN SS TEE
PRANA,CLOSSTMEN,M'S DESERT LOVER JRNYMAN SST
PRANA,CLOSSTMEN,M'S EVERYDAY HOMEOSTASIS SST
PRANA,CLOSSTMEN,M'S EVERYDAY POCKET SS TEE
PRANA,CLOSSTMEN,M'S EVERYDAY SS TEE
PRANA,CLOSSTMEN,M'S HERITAGE GRAPHIC LS TEE
PRANA,CLOSSTMEN,M'S HERITAGE GRAPHIC SS TEE
PRANA,CLOSSTMEN,M'S HERITAGE LOGO SS TEE
PRANA,CLOSSTMEN,M'S HERITAGE NAUTILUS SS TEE
PRANA,CLOSSTMEN,M'S HYBRIDIZER SS SHIRT
PRANA,CLOSSTMEN,M'S METADOR SS SHIRT
PRANA,CLOSSTMEN,M'S NATURAL RHYTHM SS CREW
PRANA,CLOSSTMEN,M'S OUTDOOR OPTIMIST TEE
PRANA,CLOSSTMEN,M'S PRANA PEAK PATH SS TEE
PRANA,CLOSSTMEN,M'S PRANA SS TEE
PRANA,CLOSSTMEN,M'S ROAD'S END SS SHIRT
PRANA,CLOSSTMEN,M'S UNIVERSAL TRUTH SS T
PRANA,CLOSSTMEN,M'S VAN LIFE JOURNEYMAN SS TEE
PRANA,CLOSSTWMN,EVERYDAY BOTANICAL CROP
PRANA,CLOSSTWMN,EVERYDAY CROP TEE
PRANA,CLOSSTWMN,EVERYDAY HANALEI CHECKS CROP
PRANA,CLOSSTWMN,EVERYDAY PARADISE CREEK CROP
PRANA,CLOSSTWMN,RAILAY SS BUTTON DOWN
PRANA,CLOSSTWMN,W'S BEE JOURNEYMAN SS TEE
PRANA,CLOSSTWMN,W'S COZY UP SS CREW
PRANA,CLOSSTWMN,W'S EVDAY GPH OVRSZ TEE
PRANA,CLOSSTWMN,W'S EVERYDAY CROP TEE
PRANA,CLOSSTWMN,W'S EVERYDAY GRAPHIC CROP TEE
PRANA,CLOSSTWMN,W'S EVERYDAY SS TEE
PRANA,CLOSSTWMN,W'S EVERYDAY V-NECK TEE
PRANA,CLOSSTWMN,W'S LUXARA RIB FLARE CROP
PRANA,CLOSSTWMN,W'S RAILAY SS BUTTON DOWN
PRANA,CLOSSTWMN,W'S SUN CHASER JRNYMN SS TEE
PRANA,CLOSSTWMN,X W'S EVERYDAY CROP TEE
PRANA,CLOSSTWMN,X W'S EVERYDAY SS TEE
PRANA,CLOTNKMEN,M'S HERITAGE GRAPHIC TANK
PRANA,CLOTNKMEN,M'S NATURAL RHYTHM TANK
PRANA,CLOTNKWMN,COZY UP SCOOP TANK
PRANA,CLOTNKWMN,HEAVANA ESSENTIAL TANK
PRANA,CLOTNKWMN,LUXARA RACERBACK LONG TANK
PRANA,CLOTNKWMN,PURE ASCENT RACERBACK TANK
PRANA,CLOTNKWMN,W'S COZY UP SCOOP TANK
PRANA,CLOTNKWMN,W'S HEAVANA RACERBACK TANK
PRANA,CLOTNKWMN,W'S LOTUS HIGH NECK TANK
PRANA,CLOTNKWMN,W'S LUXARA RACERBACK LONG TANK
PRANA,CLOTNKWMN,W'S LUXARA RACERBACK TANK
PRANA,CLOTNKWMN,W'S NEW MOON TANK
PRANA,CLOTNKWMN,W'S SCULPT ADJST CAMI
PRANA,CLOTNKWMN,X W'S EVERYDAY CROP TANK
PRANA,CLOVSTWMN,W'S INSULATED ICE FLOW VEST
PRANA,CLOWMNPNT,HALLE STRAIGHT PANT II
PRANA,CLOWMNPNT,W'S LUXARA BALANCE LEGGING
PRANA,CLOWMNPNT,W'S LUXARA POCKET LEGGING
PRANA,CLOWMNPNT,X HEAVANA 7/8 LEGGING
PRANA,CLOWMNPNT,X LUXARA 7/8 LEGGING
PRANA,CLOWMNPNT,X LUXARA POCKET LEGGING
PRANA,CLOWMNPNT,X STRETCH ZION CONVERTIBLEPANT
PRANA,CLOWMNPNT,X W'S HALLE JOGGER II
PRANA,CLOWMNSHT,X SCHAFFIE SHORT
PRANA,HATCAP,ORIGIN STORY CAP
PRANA,HATCAP,TRAILBLAZE 5-PANEL CAP
PRANA,HATCAP,TRAILBLAZE CORD 5-PANEL CAP
PRICKL,FODBAR,CACTUS KRISPY
PRICKL,FODBAR,DESERT DATE BAR
PRICKL,FODGRN,GRANOLA
PRICKL,FODLTR,FRUIT LEATHER
PRICKL,FODLTR,FRUIT LEATHER MINI
PRIMUS,ELTACS,BRUNTON LITE-TECH BINOCULAR
PRIMUS,ELTACS,ECHO BINOCULAR 10X25 COMPACT
PRIMUS,ELTACS,ECHO BINOCULAR 10X25 W/CASE
PRIMUS,ELTCP,9040 KEY RING COMPASS
PRIMUS,ELTCP,9041 GLOWING KEY RING COMPASS
PRIMUS,ELTCP,9045 KEY RING COMPASS
PRIMUS,ELTCP,ADC SUMMIT ATMOSPHERIC DATA CE
PRIMUS,ELTCP,DIGITAL BAROMETER/ALTIMETER W/
PRIMUS,ELTCP,ECHO POCKET SCOPE 7X18  GREEN
PRIMUS,ELTCP,LENSATIC MILITARY STYLE
PRIMUS,ELTCP,MICRO MINI BASE PLATE
PRIMUS,ELTCP,OSS 10B BASEPLATE COMPASS
PRIMUS,ELTCP,OSS 20B BASEPLATE COMPASS
PRIMUS,ELTCP,OSS 30B BASEPLATE COMPASS
PRIMUS,ELTCP,OSS 40B ADVENTURE RACING COMPA
PRIMUS,ELTCP,OSS 50B MIRRORED CLINOMETER
PRIMUS,ELTCP,OSS 60M CLINOMETER
PRIMUS,ELTCP,OSS 70M CLINOMETER
PRIMUS,ELTCP,TAG ALONG ZIPPER PULL COMPASS
PRIMUS,ELTCP,TAGALONG BALL COMPASS CARDINAL
PRIMUS,ELTCP,TRUARC20 MIRROR COMPASS
PRIMUS,KITACS,SALT/PEPPER MILL 2PK
PRIMUS,KITCO,COMMUTER MUG 14OZ
PRIMUS,KITCO,FLIP N DRIP COFFEE MAKER
PRIMUS,KITCO,VACUUM COMMUTER MUG
PRIMUS,KITCW,GOURMET DELUXE SET
PRIMUS,KITCW,GOURMET FRYING PAN W/FOLDING H
PRIMUS,KITCW,GOURMET SAUCE PAN W/LID
PRIMUS,KITCW,HANDLE FOR COOKING POTS
PRIMUS,KITTW,CHOPSTICKS
PRIMUS,KITTW,CUTLERY SET - TITANIUM
PRIMUS,KITTW,FOLDABLE SPORK - MULTI COLOR
PRIMUS,KITTW,TRAILCUTLERY ALU
PRIMUS,KITTW,TRAILSPORK TI
PRIMUS,KITTW,TRAILSPORK TRITAN BLUE
PRIMUS,KITTW,TRAILSPORK TRITAN MIX
PRIMUS,KITTW,TRAILSPORK TRITAN MOSS
PRIMUS,KITTW,TRAILSPORK TRITAN RED
PRIMUS,KITTW,TRAILSPORK TRITAN TANGERINE
PROBAR,FODBAR,PROBAR
PROBAR,FODBAR,PROTEIN
PROBAR,FODCHW,BOLT CHEWS
PSCENT,MEDFA,WANDERING WEST 1 OZ
PSCENT,MEDFA,WANDERING WEST 4 OZ
PSCI,KCHSTV,"2 BURNER 18"" W/WSCREEN - RIGHT"
PSCI,KCHSTV,"2 BURNER 22"" W/WSCREEN - LEFT"
PSCI,KCHSTV,"2 BURNER 22"" W/WSCREEN - RIGHT"
PSCI,KCHSTV,"2 BURNER 9"" W/BA HINGE"
PSCI,KCHSTV,"4 BURNER 18"" W/BA HINGE"
PSCI,KCHSTV,ACME T SPLITTER
PSCI,KCHSTV,BLASTER W/HOSE REGULATOR
PSCI,KCHSTV,BRASS ADAPTER
PSCI,KCHSTV,SHORT WISHY WASHY
PSCI,KCHSTV,STOVE BURNER ONLY
PSCI,KCHSTV,"STOVE STAND (FOR 16""&18"")"
PSCI,KCHSTV,"STOVE STAND (FOR 22""/26"")"
PSCI,KCHSTV,TALL WISHY WASHY
PSCI,KCHSTVACS,MINI FIREPAN
PSCI,KCHSTVACS,PS STOVE REPAIR KIT
PSCI,KITCW,HOSE & REGULATOR FOR 4&6 BURNE
PSCI,KITCW,HOSE & REGULATOR SINGLE
PSCI,KITCW,LARGE GRIDDLE 16X26
PSCI,KITCW,"MID-SIZE GRIDDLE 12""X22"
PSCI,KITCW,"MINI GRIDDLE 12""X9"""
PSCI,KITCW,"SMALL GRIDDLE 12""X18"""
PTEC,LITHL,AMP 1L W/ BOTTLE OPENER YELLOW
PTEC,LITHL,APEX RECHARGEABLE BLACK
PTEC,LITHL,AXIS ORANGE/GRAY
PTEC,LITHL,AXIS RECHARGEABLE
PTEC,LITHL,BYTE GRAY/BLACK
PTEC,LITHL,BYTE GRAY/BLUE
PTEC,LITHL,EOS BLACK 130
RBALM,TLTBLM,RIVER BALM - 1 OZ ASST
RBALM,TLTBLM,RIVER BALM - 2 OZ ASST
RDHK,TOLKNF,AFRICAN BLACKWOOD - BUSHCRAFT
RDHK,TOLKNF,BIRDSEYE MAPLE - BUSHCRAFT
RDHK,TOLKNF,BLACK WOOD - BUSHCRAFT
RDHK,TOLKNF,BOCOTE WOOD - BUSHCRAFT
RDHK,TOLKNF,COCOBOLO WOOD - BUSHCRAFT
RDHK,TOLKNF,CURLY MAPLE WOOD
RDHK,TOLKNF,EBONY - BUSHCRAFT
RDHK,TOLKNF,IRONWOOD - BUSHCRAFT
RDHK,TOLKNF,KING WOOD - BUSHCRAFT
RDHK,TOLKNF,LYPTUS - BUSHCRAFT
RDHK,TOLKNF,MESQUITE WOOD
RDHK,TOLKNF,MESQUITE WOOD - BUSHCRAFT
RDHK,TOLKNF,OLIVE WOOD - BUSHCRAFT
RDHK,TOLKNF,OSAGE ORANGE - BUSHCRAFT
RDHK,TOLKNF,PURPLE HEART - BUSHCRAFT
RDHK,TOLKNF,ROSEWOOD - BUSHCRAFT
RDHK,TOLKNF,S19 AFRICAN BLACKWOOD KNIVES
RDHK,TOLKNF,WALNUT WOOD - BUSHCRAFT
RDHK,TOLMSC,FIRE STEEL MOSAIC & BRASS TUBE
RDHK,TOLMSC,FIRE STEEL WOOD HANDLE
REEF,FW SANBOY,B'S AHI
REEF,FW SANBOY,B'S AHI - 40
REEF,FW SANBOY,B'S GROM ROVER
REEF,FW SANBOY,B'S GROM ROVER - 40
REEF,FW SANBOY,B'S GROM TWINPIN
REEF,FW SANBOY,B'S ROVER
REEF,FW SANGRL,G'S AHI
REEF,FW SANGRL,G'S AHI BEACH
REEF,FW SANGRL,G'S DOWNTOWN TRUS
REEF,FW SANGRL,G'S LITTLE AHI
REEF,FW SANGRL,G'S LITTLE AHI LITE
REEF,FW SANGRL,G'S LITTLE AHI TATTOO
REEF,FW SANGRL,G'S ROVER CATCH
REEF,FW SANKID,K'S CLASSIC - 40
REEF,FW SANKID,K'S CUSHION PHANTOM
REEF,FW SANKID,K'S DEVY CORAL
REEF,FW SANKID,K'S DEVY PURPLE
REEF,FW SANKID,K'S FANNING
REEF,FW SANKID,K'S GROM SMOOTHY SL
REEF,FW SANKID,K'S GROM SWITCHFOOT PRINTS
REEF,FW SANKID,K'S LIL BLISS-FULL
REEF,FW SANKID,K'S LIL STARGAZER PRINTS
REEF,FW SANKID,K'S LITTLE AHI BEACH
REEF,FW SANKID,K'S LITTLE STARGAZER
REEF,FW SANKID,K'S SWITCHFOOT
REEF,FW SANMEN,M'S CONTOURED CUSHION
REEF,FW SANMEN,M'S CONTOURED VOYAGE
REEF,FW SANMEN,M'S CSHN PHANTOM 2.0 LE
REEF,FW SANMEN,M'S CUSHION BONZER
REEF,FW SANMEN,M'S CUSHION BOUNCE LUX
REEF,FW SANMEN,M'S CUSHION BOUNCE PHANTOM
REEF,FW SANMEN,M'S CUSHION BOUNCE PHANTOM LE
REEF,FW SANMEN,M'S CUSHION DAWN
REEF,FW SANMEN,M'S CUSHION LUX
REEF,FW SANMEN,M'S CUSHION NORTE
REEF,FW SANMEN,M'S CUSHION PHANTOM 2.0
REEF,FW SANMEN,M'S CUSHION PHANTOM LE
REEF,FW SANMEN,M'S CUSHION SANDS
REEF,FW SANMEN,M'S CUSHION SMOOTHY
REEF,FW SANMEN,M'S CUSHION STRAND
REEF,FW SANMEN,M'S CUSHION VISTA
REEF,FW SANMEN,M'S CUSHION VISTA THREAD
REEF,FW SANMEN,M'S CUSHN BOUNCE PHANTOM SE
REEF,FW SANMEN,M'S DRIFT
REEF,FW SANMEN,M'S DRIFT AWAY LE
REEF,FW SANMEN,M'S DRIFT CLASSIC
REEF,FW SANMEN,M'S FANNING
REEF,FW SANMEN,M'S FANNING LOW
REEF,FW SANMEN,M'S FANNING SLIDE H20
REEF,FW SANMEN,M'S FANNING X MLB
REEF,FW SANMEN,M'S J-BAY
REEF,FW SANMEN,M'S J-BAY 3
REEF,FW SANMEN,M'S J-BAY PERF
REEF,FW SANMEN,M'S LEATHER FANNING
REEF,FW SANMEN,M'S LEATHER FANNING LOW
REEF,FW SANMEN,M'S LEATHER OFFSHORE
REEF,FW SANMEN,M'S LEATHER PANTHOM II
REEF,FW SANMEN,M'S LTHR ORTHO-BOUNCE COAST
REEF,FW SANMEN,M'S MACHADO DAY
REEF,FW SANMEN,M'S MACHADO DAY PRINT
REEF,FW SANMEN,M'S NEWPORT
REEF,FW SANMEN,M'S NEWPORT + LIG
REEF,FW SANMEN,M'S NEWPORT WOVEN
REEF,FW SANMEN,M'S NEWPORT X LIG
REEF,FW SANMEN,M'S OASIS DOUBLE UP
REEF,FW SANMEN,M'S OJAI CLASSIC
REEF,FW SANMEN,M'S ORTHO-BOUNCE COAST
REEF,FW SANMEN,M'S PACIFIC
REEF,FW SANMEN,M'S PHANTOM II
REEF,FW SANMEN,M'S PHANTOM LE
REEF,FW SANMEN,M'S PHANTOM NIAS
REEF,FW SANMEN,M'S PHANTOM PRINTS
REEF,FW SANMEN,M'S PHANTOMS
REEF,FW SANMEN,M'S RAGLAN
REEF,FW SANMEN,M'S REEF ONE
REEF,FW SANMEN,M'S REEF SANTA ANA
REEF,FW SANMEN,M'S ROVER
REEF,FW SANMEN,M'S ROVER LE
REEF,FW SANMEN,M'S SANTA ANA
REEF,FW SANMEN,M'S SEASIDE
REEF,FW SANMEN,M'S SLAMMED ROVER
REEF,FW SANMEN,M'S SWITCHFOOT LX
REEF,FW SANMEN,M'S THE GROUNDSWELL
REEF,FW SANMEN,M'S THE LAYBACK
REEF,FW SANMEN,M'S THE RAGLAN
REEF,FW SANMEN,M'S TWINPIN
REEF,FW SANMEN,M'S TWINPIN LUX
REEF,FW SANMEN,M'S VOYAGE LE
REEF,FW SANMEN,M'S VOYAGE LUX
REEF,FW SANMEN,M'S WATERS
REEF,FW SANWMN,W'S BLISS - POOL
REEF,FW SANWMN,W'S BLISS EMBELLISH
REEF,FW SANWMN,W'S BLISS NIGHT
REEF,FW SANWMN,W'S BLISS WILD
REEF,FW SANWMN,W'S BLISS-FULL
REEF,FW SANWMN,W'S CUSHION BOUNCE COURT
REEF,FW SANWMN,W'S CUSHION BOUNCE COURT LE
REEF,FW SANWMN,W'S CUSHION BOUNCE SLIM
REEF,FW SANWMN,W'S CUSHION BOUNCE SLIM LE
REEF,FW SANWMN,W'S CUSHION BOUNCE SLIM T
REEF,FW SANWMN,W'S CUSHION BOUNCE SUNNY
REEF,FW SANWMN,W'S CUSHION BOUNCE SWING
REEF,FW SANWMN,W'S CUSHION BOUNCE WOVEN
REEF,FW SANWMN,W'S CUSHION BREEZE
REEF,FW SANWMN,W'S CUSHION CLOUD
REEF,FW SANWMN,W'S CUSHION CLOUD TX
REEF,FW SANWMN,W'S CUSHION COURT
REEF,FW SANWMN,W'S CUSHION DEVYNN
REEF,FW SANWMN,W'S CUSHION LUNA
REEF,FW SANWMN,W'S CUSHION MELODY
REEF,FW SANWMN,W'S CUSHION PORTO CRUZ
REEF,FW SANWMN,W'S CUSHION SANDS
REEF,FW SANWMN,W'S CUSHION SANDS + LIG
REEF,FW SANWMN,W'S CUSHION VISTA
REEF,FW SANWMN,W'S CUSHION VISTA HI
REEF,FW SANWMN,W'S DANIELLA MANINI X
REEF,FW SANWMN,W'S DOWNTOWN TRUSS
REEF,FW SANWMN,W'S DREAMS
REEF,FW SANWMN,W'S ESCAPE LUX
REEF,FW SANWMN,W'S ESCAPE LUX + BLING
REEF,FW SANWMN,W'S EXCAPE LUX PRINTS
REEF,FW SANWMN,W'S GINGER
REEF,FW SANWMN,W'S KRYSTAL STAR
REEF,FW SANWMN,W'S MIA SASSY
REEF,FW SANWMN,W'S MIA SASSY - 40
REEF,FW SANWMN,W'S MISS J-BAY
REEF,FW SANWMN,W'S ORTHO-BOUNCE COAST
REEF,FW SANWMN,W'S ORTHO-BOUNCE WOVEN
REEF,FW SANWMN,W'S PACIFIC
REEF,FW SANWMN,W'S PACIFIC JOY
REEF,FW SANWMN,W'S ROVER CATCH
REEF,FW SANWMN,W'S SANDY
REEF,FW SANWMN,W'S SANTA ANA
REEF,FW SANWMN,W'S SLIM GINGER BEADS
REEF,FW SANWMN,W'S SOLANA
REEF,FW SANWMN,W'S SOLANA LEATHER
REEF,FW SANWMN,W'S STARGAZER
REEF,FW SANWMN,W'S VIBES - 40
REEF,FW SANWMN,W'S VOYAGE LITE BEACH
REEF,FW SANWMN,W'S WATER VISTA
REEF,FW SANWMN,W'S X LIFE IS GOOD
RFR,PAKDAY,BOTTLE SLING
RFR,PAKDAY,EARRING - ROAM FREE ROAM
RFR,PAKDAY,LARGE REUSABLE BAG
RFR,PAKDAY,MASON JAR COOZY
RFR,PAKDAY,MEDIUM REUSABLE BAG
RFR,PAKDAY,SMALL REUSABLE BAG
RIVMAP,BOKRIV,GUIDE TO CO/GREEN CNYLND UT/CO
RIVMAP,BOKRIV,GUIDE TO DOLORES RIVER CO/UT
RIVMAP,BOKRIV,GUIDE TO GREEN RIV - DESO/GRAY
RIVMAP,BOKRIV,GUIDE TO GREEN/YAMPA - DINO NM
RIVMAP,BOKRIV,GUIDE TO SAN JUAN RIVER
RIVSEA,FODBAR,RIVER SEA CHOCOLATES
RIVSEA,FODBAR,RIVER SEA MINI CHOCOLATES
RNRAIN,BOKJUR,3X5 KIT - YELLOW MEMO
RNRAIN,BOKJUR,3X5 NOTEBOOK
RNRAIN,BOKJUR,4X6 NOTEBOOK
RNRAIN,BOKJUR,4X6 NOTEBOOK - YELLOW BOOK
RNRAIN,BOKJUR,4X6 NOTEBOOK KIT
RNRAIN,BOKJUR,6X9 NOTEBOOK YELLOW
RNRAIN,BOKJUR,BOUND BOOK COVER POCKET YELLOW
RNRAIN,BOKJUR,BOUND BOOK GEOLOGICAL
RNRAIN,BOKJUR,BOUND BOOK JOURNAL
RNRAIN,BOKJUR,MINI-SPIRAL MEMO NOTEBOOK UNIV
RNRAIN,BOKJUR,ON THE GO - WALLET NOTEBOOKS
RNRAIN,BOKJUR,SPIRAL NOTEBOOK UNIVERSAL
RNRAIN,BOKJUR,STAPLED MINI NOTEBOOK
RNRAIN,PENNOT,ALL WEATHER PEN BLACK INK
RNRAIN,PENPNC,MECHANICAL PENCIL BLACK
ROCKEX,CLIAIDRPT,PENTAPLATE
ROCKEX,CLIAIDRPT,TRIRIG
ROCKEX,CLIATC,SWIVEL SHACKLE .75
ROCKEX,CLIBELCNY,MINI EIGHT
ROCKEX,CLIBELNAS,TOTEM
ROCKEX,CLICARLK,ROCK D SCREWLOCK
ROCKEX,CLICARLK,ROCK D TWISTLOCK
ROCKEX,CLICARLK,ROCKO SCREWLOCK
ROCKEX,CLICARLK,ROCKO WIREEYE AUTO LOCK
ROCKEX,HATCAP,ROCKTRUCKER HAT
ROLCAM,CLIMSC,ROPEROLLER W/ACCS CORD - 6PK
ROLCAM,CLISFTCRD,REFLECTIVE ACCS CORD
ROME,KITCW,4 UP HOT DOG ROASTER
ROME,KITCW,BASKET BROILER
ROME,KITCW,BASKET BROILER DELUXE
ROME,KITCW,CAMPFIRE TOASTER
ROME,KITCW,DOUBLE PIE IRON
ROME,KITCW,FOOTLONG HOTDOG TOASTER
ROME,KITCW,KEBAB SKEWER
ROME,KITCW,MARSHMALLOW ROASTER 4PK
ROME,KITCW,MODULAR CAMPFIRE GRILL
ROME,KITCW,PICNIC FORKS
ROME,KITCW,ROUND PIE IRON
ROME,KITCW,SAFE T' FORK
ROME,KITCW,SQUARE PIE IRON
ROTOPX,AUTPAXACS,"1, 2, 4 GALLON EXTENSION"
ROTOPX,AUTPAXACS,30 FT FLAT TOW STRAP
ROTOPX,AUTPAXACS,3CT GAS SPOUT GASKETS
ROTOPX,AUTPAXACS,DLX PACK MOUNT
ROTOPX,AUTPAXACS,JEEP JK TAILGATE MOUNT
ROTOPX,AUTPAXACS,LOX-T-HANDLE
ROTOPX,AUTPAXACS,ROTOPAX PACK MOUNT DISK
ROTOPX,AUTPAXACS,ROTOTRAX TRACTION BOARDS
ROTOPX,AUTPAXACS,SELF VENTING WATER SPOUT
ROTOPX,AUTPAXACS,SINGLE MOUNTING PLATE
ROTOPX,AUTPAXACS,UNIVERSAL MOUNTING PLATE
ROTOPX,AUTPAXFUL,1 GALLON GAS
ROTOPX,AUTPAXFUL,2 GALLON DIESEL
ROTOPX,AUTPAXFUL,2 GALLON GAS
ROTOPX,AUTPAXFUL,2 GALLON GAS GEN2
ROTOPX,AUTPAXFUL,3 GALLON EXTENSION
ROTOPX,AUTPAXFUL,3 GALLON GAS
ROTOPX,AUTPAXFUL,4 GALLON GAS
ROTOPX,AUTPAXFUL,ROLLPAX GAS - 1.5 GAL
ROTOPX,AUTPAXFUL,"ROLLPAX GAS - 1.5 GAL 1.75""MNT"
ROTOPX,AUTPAXFUL,"ROLLPAX GAS- 1.5 GAL 2"" MNT"
ROTOPX,AUTPAXSTR,2 GALLON STORAGE
ROTOPX,AUTPAXTRX,ROTOTRAX TRACTION BOARDS
ROTOPX,AUTPAXWTR,1 GALLON WATER
ROTOPX,AUTPAXWTR,1.75 GALLON WATER
ROTOPX,AUTPAXWTR,2 GALLON WATER GEN2
ROTOPX,AUTPAXWTR,5 GALLON WATER
ROTOPX,AUTPAXWTR,ROLLPAX WATER-1.5 GAL
ROTOPX,AUTPAXWTR,"ROLLPAX WATER-1.5 GAL 1.75""MNT"
ROTOPX,AUTPAXWTR,"ROLLPAX WATER-1.5 GAL 2"" MNT"
ROTOPX,MEDFA,SIDEKICK STANDARD
ROTOPX,RVCRV,3 WATER GASKETS SET
ROTOPX,RVCRV,30' KINETIC ROPE
ROTOPX,RVCRV,DUST CAP - ECO SPOUT
ROTOPX,RVCRV,ECO SPOUT - FUEL
ROTOPX,RVCRV,SCREW CAP REPLACEMENT
ROTOPX,RVCRV,STANDARD PACK MOUNT
ROTOPX,RVCRV,STANDARD-T-HANDLE
RP,RVCRV,BIO BLUE LIQUID 16 OZ
RP,RVCRV,BIO-TISSUE PAPER 4PACK
RP,RVCRV,DOUBLE DOODIE - NO GEL
RP,RVCRV,DOUBLE DOODIE W/BIO GEL
RP,RVCRV,FOLD2GO COLLAPSIBLE TOILET
RP,RVCRV,HASSOCK 2 PORTABLE TOILET
RP,RVCRV,LITTLE LOO PORTABLE TOILET
RP,RVCRV,LUGGABLE LOO
RP,RVCRV,LUGGABLE LOO SEAT & COVER
RP,SLPPMP,ANTI-GRAVITY PUMP
RP,TNTSTK,"POWER PEG 9"" BLACK"
RP,WTRCONACS,REP. 70MM SPIGOT ASSEMBLY
RP,WTRCONHRD,AQUA-PAK 2.5GAL
RP,WTRCONHRD,AQUA-TAINER 4GAL
RP,WTRCONHRD,AQUA-TAINER 7GAL
RP,WTRCONHRD,DESERT PATROL 6GAL
RP,WTRCONHRD,JUMBO TAINER 7GAL
RP,WTRCONHRD,REP. 100MM SPIGOT ASSEMBLY
RP,WTRCONHRD,REP. SPOUT DESERT PATROL
RP,WTRCONHRD,RHINO-PAK 6GAL
RP,WTRCONSFT,AQUA-PAK 5GAL/20L
RP,WTRCONSFT,AQUA-STACK 5GAL
RP,WTRCONSFT,FOLD-A-CARRIER 2.5GAL
RP,WTRCONSFT,WATER-PAK 2.5GAL/10L
RP,WTRCONSFT,WATER-PAK 5 GAL
RSLLC,MSCHYG,ROAD SHOWER 4 7 GALLONS
RTALK,ELTBATRCH,BATTERY FOR MOUNTAIN RADIO
RTALK,ELTRAD,EXPEDITION RADIO - 5 WATT
RTALK,ELTRAD,MOUNTAIN RADIO
RTALK,ELTRADACS,WHIP ANTENNA FOR 5W RADIO
RTALK,ELTRADACS,WP HAND MIC - EXPEDITION RADIO
RTALK,ELTRADACS,WP HAND MIC - MOUNTAIN RADIO
RUFFW,ACS,EVERY DOG
RUFFW,MCHSTK,STICKER-PAW PRINT
RUFFW,PETACS,KIBBLE KADDIE TRAVEL BAG
RUFFW,PETACS,SWAMP COOLER NECK GAITER
RUFFW,PETBED,HIGHLANDS DOG PAD
RUFFW,PETBED,HIGHLANDS DOG SLEEPING BAG
RUFFW,PETBWL,BIVY BOWL
RUFFW,PETBWL,BIVY BOWL MEDIUM
RUFFW,PETBWL,QUENCHER
RUFFW,PETBWL,QUENCHER CINCH TOP BOWL
RUFFW,PETBWL,TRAIL RUNNER BOWL
RUFFW,PETCLR,CRAG COLLAR
RUFFW,PETCLR,FLAT OUT COLLAR
RUFFW,PETCLR,FRONT RANGE COLLAR
RUFFW,PETCLR,HOOPIE COLLAR
RUFFW,PETCLR,KNOT-A-COLLAR
RUFFW,PETCLR,WEB REACTION COLLAR
RUFFW,PETFW,GRIP TREX PAIRS
RUFFW,PETFW,POLAR TREX WINTER DOG BOOTS
RUFFW,PETFW,SUMMIT TREX PAIRS
RUFFW,PETFW,SUMMIT TREX SHOES
RUFFW,PETHAR,DOUBLEBACK HARNESS
RUFFW,PETHAR,FRONT RANGE HARNESS
RUFFW,PETHAR,HEELER HARNESS
RUFFW,PETHAR,HI & LIGHT HARNESS
RUFFW,PETHAR,SWAMP COOLER HARNESS
RUFFW,PETHAR,SWITCHBACK HARNESS
RUFFW,PETLSH,CRAG LEASH
RUFFW,PETLSH,FLAGLINE LEASH
RUFFW,PETLSH,FLAT OUT LEASH
RUFFW,PETLSH,FRONT RANGE LEASH
RUFFW,PETLSH,KNOT-A-COLLAR
RUFFW,PETLSH,KNOT-A-LEASH
RUFFW,PETLSH,KNOT-A-LONG LEASH
RUFFW,PETLSH,SWITCHBACK LEASH
RUFFW,PETMSC,RUFFWEAR® DEALER DOG FRIENDLY
RUFFW,PETPAK,APPROACH PACK
RUFFW,PETPAK,FRONT RANGE DAY PACK
RUFFW,PETPAK,SINGLETRAK PACK
RUFFW,PETPFD,FLOAT COAT LIFE JKT
RUFFW,PETTOY,CAMP FLYER TOY
RUFFW,PETTOY,HOVER CRAFT LARGE
RUFFW,PETTOY,HYDRO PLANE
RUFFW,PETTOY,LUNKER TOY
RUFFW,PETTOY,PACIFIC LOOP TOY
RUFFW,PETTOY,PACIFIC LOOP TOY2
RUFFW,PETTOY,PACIFIC RING TOY
RUFFW,PETVST,SWAMP COOLER VEST
RUFFW,PETVST,SWAMP COOLER ZIP VEST
RUMPL,DW INS,BEVY SACK
RUMPL,SLPBAG,THE WRAP SACK
RUMPL,SLPBKT,BACKCOUNTRY PUFFY
RUMPL,SLPBKT,BACKCOUNTRY PUFFY BLANKET
RUMPL,SLPBKT,BEVY SACK
RUMPL,SLPBKT,FLEECE PUFFY
RUMPL,SLPBKT,ORIGINAL PUFFY
RUMPL,SLPBKT,ORIGINAL PUFFY BLANKET
RUMPL,SLPBKT,ORIGINAL PUFFY BLANKET - 2P
RUMPL,SLPBKT,OVERLAND MAT
RUMPL,SLPBKT,STASH MAT
RUMPL,SLPBKT,TRAVEL PUFFY
RUMPL,SLPPIL,CAMP PILLOW
RUMPL,TNTACS,STASH MAT
RUNOUT,ACS,"1"" LOGO BELT"
RUNOUT,ACS,"1"" WEB BELT"
RUNOUT,ACS,"18"" PS STOVE SOFT CASE"
RUNOUT,ACS,"9"" PS SINGLE CASE"
RUNOUT,ACS,"9"" PS STOVE PADDED CASE"
RUNOUT,ACS,RUNOUT WALLET
RUNOUT,ACS,STERNUM STRAP
RUNOUT,CLIAID,SLOPE GEARSLING
RUNOUT,CLIAID,UL DOUBLE LEDGE & FLY COMBO
RUNOUT,CLIAID,UL SIMPLE FLY - NO VENT
RUNOUT,CLIAID,WEST SLOPE GEARSLINGS
RUNOUT,CLIAIDHW,#3 ALUMIHEAD
RUNOUT,CLIAIDLAD,6-STEP LADDERS
RUNOUT,CLIAIDLAD,ALPINE LADDERS - 5 STEP
RUNOUT,CLIAIDLAD,WORK LADDER
RUNOUT,CLIATCBIT,D5 HURRICANE DRILL
RUNOUT,CLIATCBLT,"25/64"" COLLETS"
RUNOUT,CLIATCBLT,"9/32"" COLLETS"
RUNOUT,CLIATCTRI,C4 TRIGGER KIT #1
RUNOUT,CLIATCTRI,C4 TRIGGER KIT #2
RUNOUT,CLIATCTRI,C4 TRIGGER KIT #3
RUNOUT,CLIATCTRI,C4 TRIGGER KIT #4
RUNOUT,CLIATCTRI,C4 TRIGGER KIT .3
RUNOUT,CLIATCTRI,C4 TRIGGER KIT .4
RUNOUT,CLIATCTRI,C4 TRIGGER KIT .5
RUNOUT,CLIATCTRI,C4 TRIGGER KIT .75
RUNOUT,CLIATCTRI,UL TRIGGER KIT #1
RUNOUT,CLIATCTRI,UL TRIGGER KIT #2
RUNOUT,CLIATCTRI,UL TRIGGER KIT #3
RUNOUT,CLIATCTRI,UL TRIGGER KIT #4
RUNOUT,CLIATCTRI,UL TRIGGER KIT .4
RUNOUT,CLIATCTRI,UL TRIGGER KIT .5
RUNOUT,CLIATCTRI,UL TRIGGER KIT .75
RUNOUT,CLIBAG,CHALKBAG
RUNOUT,CLIBAG,D.I.A.D. HAULBAG
RUNOUT,CLIBAG,EXPANDABLE ROPE BAG
RUNOUT,CLIBAG,HD BOLT BAG
RUNOUT,CLIBAG,HD BOLT BAG PLUS
RUNOUT,CLIBAG,HD STUFFSACK - SMALL
RUNOUT,CLIBAG,M.O.A.B HAULBAG
RUNOUT,CLIBAG,NEW HD BOLT BAG
RUNOUT,CLIBAG,RECON HAULBAG
RUNOUT,CLIBAG,TAG BAG
RUNOUT,CLIBAG,TAG BAG DELUXE
RUNOUT,CLIBAG,TAG BAG XL
RUNOUT,CLIBAG,TITAN HAULBAG - EXPEDITION
RUNOUT,CLIBAG,WALL STUFFSACKS - LARGE
RUNOUT,CLIBAG,WALL STUFFSACKS - MEDIUM
RUNOUT,CLIBAG,WALL STUFFSACKS - SMALL
RUNOUT,CLIHW,#3 COPPER HEAD
RUNOUT,CLISFTSLG,ALPINE GEARSLING
RUNOUT,RVRMSC,MEDIUM MESH STUFFSACKS
RUNOUT,RVRSS,3/32 DOUBLE SWAGE HANGER
RUNOUT,RVRSS,BOMBSTRAP 12FT
RUNOUT,RVRSS,BOMBSTRAP 15FT
RUNOUT,RVRSS,BOMBSTRAP 1FT
RUNOUT,RVRSS,BOMBSTRAP 20FT
RUNOUT,RVRSS,BOMBSTRAP 2FT
RUNOUT,RVRSS,BOMBSTRAP 3FT
RUNOUT,RVRSS,BOMBSTRAP 4FT
RUNOUT,RVRSS,BOMBSTRAP 6FT
RUNOUT,RVRSS,BOMBSTRAP 9FT
RUNOUT,RVRSS,HITCH END
RUNOUT,RVRSS,HITCH STRAP 12FT
RUNOUT,RVRSS,HITCH STRAP 2FT
RUNOUT,RVRSS,HITCH STRAP 4FT
RUNOUT,RVRSS,HITCH STRAP 6FT
RUNOUT,RVRSS,HITCH STRAP 9FT
RUNOUT,RVRSS,LW BOLT HANGER
RUNOUT,RVRSS,MINI BOMBSTRAP 1FT
RUNOUT,RVRSS,MINI BOMBSTRAP 2FT
RUNOUT,RVRSS,MINI BOMBSTRAP 3FT
RUNOUT,RVRSS,MINI BOMBSTRAP 4FT
RUNOUT,RVRSS,MINI BOMBSTRAP 6FT
RUNOUT,RVRSS,MINI BOMBSTRAP 9FT
RUNOUT,RVRSS,MINI HITCH END
RUNOUT,RVRSS,MINI HITCH STRAP 2FT
RUNOUT,RVRSS,MINI HITCH STRAP 4FT
RUNOUT,RVRSS,SPARE WRENCH SET
RUNOUT,SACSTF,LARGE MESH STUFFSACKS
SABRE,MEDDEF,.75OZ PINK POCKET W/CLIP
SABRE,MEDDEF,.75OZ POCKET W/ CLIP
SABRE,MEDDEF,ARM BAND- PINK
SABRE,MEDDEF,ARM BAND- YELLOW
SABRE,MEDDEF,CROSSFIRE
SABRE,MEDDEF,CYCLIST - SPRAY 1.25OZ
SABRE,MEDDEF,FLIP TOP PEPPER GEL
SABRE,MEDDEF,HOME AWAY PROTECTION KIT
SABRE,MEDDEF,KR-14 KEY RING UNIT
SABRE,MEDDEF,LED ARMBAND
SABRE,MEDDEF,LIPSTICK - PINK .75OZ
SABRE,MEDDEF,MAGNUM 120
SABRE,MEDDEF,MIGHTY DISCREET
SABRE,MEDDEF,MIGHTY DISCREET- MINT
SABRE,MEDDEF,MINT KEYCASE PEPPER SPRAY
SABRE,MEDDEF,PEPPER GEL - CAMPUS SAFETY
SABRE,MEDDEF,PEPPER SPRAY W/KEY RING - PINK
SABRE,MEDDEF,POCKET KEY - CAMO 0.54OZ
SABRE,MEDDEF,STOP STRAP - PINK
SABRE,MEDDEF,THE RUNNER - 3N1 SPRAY
SABRE,SURDEF,FRONTIERSMAN 9.2OZ BEAR SPRAY
SABRE,SURDEF,FRONTIERSMAN BEAR ATTACK
SALEWA,CLIACS,BRUSH LARGE
SALEWA,CLIACS,BRUSH SMALL
SALEWA,CLIACS,TRIGGER KIT 2-3-4
SALEWA,CLIACW,GEAR SLING
SALEWA,CLIAIDRG,ROPEMAN 4
SALEWA,CLIAIDRG,ROPEMAN BLACK
SALEWA,CLIAIDRG,ROPEMAN MK 1F
SALEWA,CLIAIDRG,ROPEMAN MK2F GOLD STEEL
SALEWA,CLIBAG,BASE HAULER 25 BACKPACK
SALEWA,CLIBAG,CRAG HAULER 25
SALEWA,CLIBAG,PROGRESS BACKPACK 18L
SALEWA,CLIBAG,ROPE BAG
SALEWA,CLIBAG,SPOTTER BOULDER BAG
SALEWA,CLIBAGCHK,FLOW CHALK BAG
SALEWA,CLIBAGCHK,MOVEMENT CHALKBAG
SALEWA,CLIBAGCHK,SESSION CHALK BAG
SALEWA,CLIBELAS,REVO BELAY DEVICE
SALEWA,CLIBELNAS,PRO GUIDE LITE
SALEWA,CLICAMOFS,OFFSET ZERO FRIEND .1/.2
SALEWA,CLICAMOFS,OFFSET ZERO FRIEND .2/.3
SALEWA,CLICAMOFS,OFFSET ZERO FRIEND .3/.4
SALEWA,CLICAMOFS,OFFSET ZERO FRIEND .4/.5
SALEWA,CLICAMOFS,OFFSET ZERO FRIEND .5/.75
SALEWA,CLICAMSTD,FRIEND
SALEWA,CLICAMSTD,FRIEND CAM #.4
SALEWA,CLICAMSTD,FRIEND CAM #.5
SALEWA,CLICAMSTD,FRIEND CAM #.75
SALEWA,CLICAMSTD,FRIEND CAM #1
SALEWA,CLICAMSTD,FRIEND CAM #2
SALEWA,CLICAMSTD,FRIEND CAM #3
SALEWA,CLICAMSTD,FRIEND CAM #4
SALEWA,CLICAMSTD,"FRIEND SET 0.4, 0.5, 0.75"
SALEWA,CLICAMSTD,FRIEND SET 0.4/0.5/0.75/1/2/3
SALEWA,CLICAMSTD,FRIENDS SET 0.4-0.75
SALEWA,CLICAMSTD,FRIENDS SET2 1-3
SALEWA,CLICAMSTD,ZERO FRIEND CAM 0.4
SALEWA,CLICAMSTD,ZERO FRIEND CAM 0.5
SALEWA,CLICAMSTD,ZERO FRIEND CAM 0.75
SALEWA,CLICAMSTD,ZERO FRIENDS CAM 0.1
SALEWA,CLICAMSTD,ZERO FRIENDS CAM 0.2
SALEWA,CLICAMSTD,ZERO FRIENDS CAM 0.3
SALEWA,CLICAMSTD,ZERO FRIENDS SET 0.1-0.3
SALEWA,CLICAMSTD,ZERO FRIENDS SET 0.4-0.75
SALEWA,CLICARLK,SESSION SCREW GATE
SALEWA,CLICARLK,SESSION SCREW GATE 3-PACK
SALEWA,CLICARLK,WILD OVAL SCREWGATE
SALEWA,CLICARLK,WILD OVAL TRILOCK
SALEWA,CLICARLK,XENON HMS BELAY
SALEWA,CLICARLK,XENON HMS SCREWGATE
SALEWA,CLICARLK,XENON HMS TRILOCK BELAY
SALEWA,CLICARLK,XENON TRILOCK
SALEWA,CLICARNLK,ASTRO
SALEWA,CLICARNLK,ASTRO RACK 6 PACK
SALEWA,CLICARNLK,HELIUM 3
SALEWA,CLICARNLK,HELIUM 3 RACK 6PACK
SALEWA,CLICARNLK,SESSION BENT GATE
SALEWA,CLICARNLK,SESSION STRAIGHT GATE
SALEWA,CLICARNLK,WILDSCREW
SALEWA,CLICARQD,SESSION QUICKDRAW
SALEWA,CLICARQD,SESSION QUICKDRAW 6X12CM
SALEWA,CLICARQD,SESSION QUICKDRAW HERITAGE
SALEWA,CLIGLVCRK,CRACK GLOVES
SALEWA,CLIHELUNI,MOVEMENT HELMET
SALEWA,CLIHELUNI,MOVEMENT LIGHT
SALEWA,CLIHELUNI,SESSION HELMET
SALEWA,CLIHELUNI,SYNCRO HELMET
SALEWA,CLIHNSMEN,M'S SESSION HARNESS
SALEWA,CLIHNSUNI,MOVEMENT HARNESS
SALEWA,CLIHNSWMN,W'S SESSION HARNESS
SALEWA,CLIHW,ROCKET SET 6-10
SALEWA,CLIHW,SUPERLIGHT OFFSET ROCK SET5-10
SALEWA,CLIHW,SUPERLIGHT ROCK SET 1-6
SALEWA,CLIMSC,PRO KEY LIGHT WITH LEASH
SALEWA,CLIMSC,PRO KEY WITH LEASH
SALEWA,CLIMSC,ROPE TARP
SALEWA,CLINUT,CLASSIC ROCKS SET 1- 10
SALEWA,CLINUT,ROCK SET 1-10
SALEWA,CLINUT,ROCKCENTRIC SET 5-9
SALEWA,CLINUT,TRIGGER KIT 0.5-0.75-1
SALEWA,CLISFTSLG,DYNEEMA SLING 10 MM
SALEWA,CLISFTSLG,DYNEEMA SLING 10MM
SALEWA,CLISFTSLG,NYLON SLING 15MM
SALEWA,CLUNUT,ROCK SET11-14
SALEWA,PAKDAY,FLOW BACKPACK
SALEWA,PAKDAY,SESSION QUICKPACK
SALOMN,FW HIKMEN,M'S ELIXIR ACTIV - FINAL SALE
SALOMN,FW HIKMEN,M'S GENESIS
SALOMN,FW HIKMEN,M'S X ULTRA 5 GTX
SALOMN,FW HIKMEN,M'S X ULTRA 5 MID GTX
SALOMN,FW HIKMEN,M'S XA PRO 3D V9
SALOMN,FW HIKWMN,W'S ELIXIR ACTIV - FINAL SALE
SALOMN,FW HIKWMN,W'S GENESIS
SALOMN,FW HIKWMN,W'S X ULTRA 360 EDGE - FINAL S
SALOMN,FW HIKWMN,W'S X ULTRA 4 MID GTX - FINAL
SALOMN,FW HIKWMN,W'S X ULTRA 5 GTX
SALOMN,FW HIKWMN,W'S X ULTRA 5 MID GTX
SALOMN,FW HIKWMN,W'S XA PRO 3D V9
SALSA,FOD,.SALSA QUEEN
SAWYER,MEDDEF,20% PICARIDIN 2 OZ LOTION
SAWYER,MEDDEF,20% PICARIDIN 3OZ SPRAY
SAWYER,MEDDEF,20% PICARIDIN 4 OZ LOTION
SAWYER,MEDDEF,20% PICARIDIN 4OZ SPRAY SLIM
SAWYER,MEDDEF,20% PICARIDIN 6OZ SPRAY
SAWYER,MEDDEF,30% DEET SPRAY 4OZ
SAWYER,MEDDEF,4OZ PICARIDIN CONT. SPRAY
SAWYER,MEDDEF,CLOTHING GEAR & TENT 12OZ
SAWYER,MEDDEF,CLOTHING GEAR & TENT 6OZ
SAWYER,MEDDEF,CLOTHING INSECT REP. TRIGGER
SAWYER,MEDDEF,CONTROLLED RELEASE FAMILY 4OZ
SAWYER,MEDDEF,CONTROLLED RELEASE LOTION 4OZ
SAWYER,MEDDEF,DOG PERMETHRIN 24 OZ
SAWYER,MEDDEF,FAMILY FORMULA 4OZ
SAWYER,MEDDEF,FISHER'S MAN FORMULA 4OZ
SAWYER,MEDDEF,MAXI DEET SPRAY .5OZ
SAWYER,MEDDEF,MAXI DEET SPRAY 3OZ
SAWYER,MEDDEF,MAXI DEET SPRAY 4OZ
SAWYER,MEDDEF,PEMETHRIN 9OZ AEROSOL SPRAY
SAWYER,MEDDEF,PICARIDIN 14 HOUR LOTION 4OZ
SAWYER,MEDDEF,"SAM SPLINT 36"""
SAWYER,MEDDEF,STAY-PUT® SPF50 1OZ
SAWYER,MEDFA,EXTRACTOR PUMP KIT
SAWYER,MEDFA,"SAM SPLINT 36"""
SAWYER,WTRFLT,16 OZ SQUEEZABLE POUCH SET 3
SAWYER,WTRFLT,32 OZ SQUEEZABLE POUCH 3PK
SAWYER,WTRFLT,64 OZ SQUEEZABLE POUCH 2PK
SAWYER,WTRFLT,CLEANING PLUNGER
SAWYER,WTRFLT,MICRO SQUEEZE FILTER SYSTEM
SAWYER,WTRFLT,MINI FILTER
SAWYER,WTRFLT,MINI WATER FILTER BLACK
SAWYER,WTRFLT,MINI WATER FILTER CAMO
SAWYER,WTRFLT,S3 FILTRATION SYSTEM
SAWYER,WTRFLT,SQUEEZE FILTER WITH 2 POUCHES
SAWYER,WTRFLT,SQUEEZE FILTER WITH 3 POUCHES
SAXX,CLAUNDMEN,DROPTEMP COOLING COTTON BB FL
SAXX,CLAUNDMEN,"MULTI-SPORT 2N1 SHORT 7"""
SAXX,CLAUNDMEN,QUEST QD MESH BB FLY
SAXX,CLAUNDMEN,QUEST QUICK DRY MESH BB FLY
SAXX,CLAUNDMEN,QUEST QUICK-DRY MESH BB FLY
SAXX,CLAUNDMEN,ULTRA BOXER FLY
SAXX,CLAUNDMEN,UNDERCOVER BOXER BR FLY
SAXX,CLAUNDMEN,VIBE BOXER BRIEF
SAXX,CLAUNDMEN,VIBE X-SOFT COMFORT BB FLY
SAXX,CLAUNDMEN,VIBE XTRA BB FLY
SAXX,CLAUNDMEN,VIBE XTRA SOFT COMFORT BB FLY
SAXX,CLAUNDMEN,X ULTRA BOXER FLY
SAXX,CLOBLTMEN,MULTISPORT 2N1 SHORT
SAXX,CLOBLTMEN,NOPE
SAXX,CLOBLTMEN,OH BUOY CB 2N1 VOLLEY 5
SAXX,CLOBLTMEN,OH BUOY CB 2N1 VOLLEY 7
SAXX,CLOBLTMEN,QUEST QDM BOXER BRIEF FLY
SAXX,CLOBLTMEN,ROAST MASTER MW 1/2 ZIP
SAXX,CLOBLTMEN,ROAST MASTER MW L/S CREW
SAXX,CLOBLTMEN,ULTRA SSOFT BB FLY
SAXX,CLOBLTMEN,VIEWFINDER L/S CREW
SAXX,CLOBLTMEN,X QUEST QUICK DRY MESH BOXER
SAXX,CLOHDYMEN,DROPTEMP ALL DAY COOLING HDY
SAXX,CLOMENPNT,SNOOZE PANT
SAXX,CLOMENSHI,ALL DAY AERATOR
SAXX,CLOMENSHT,GAINMAKER 2N1 SHORT 9
SAXX,CLOSHOMEN,"MULTI-SPORT 2N1 SHORT 7"""
SAXX,CLOSHOMEN,"OH BUOY 2N1 VOLLEY 7"""
SAXX,CLOSHOMEN,"POWER MOVES 2N1 SHORT 7"""
SAXX,CLOSHOMEN,"X GAINMAKER 2N1 - 7"""
SAXX,CLOSSTMEN,DROPTEMP ALL DAY COOLING SS TE
SCARPA,FW APRMEN,M'S CRUX
SCARPA,FW APRMEN,M'S RAPID
SCARPA,FW APRMEN,M'S RAPID LT
SCARPA,FW APRWMN,W'S CRUX
SCARPA,FW APRWMN,W'S CRUX WMN
SCARPA,FW APRWMN,W'S RAPID
SCARPA,FW APRWMN,W'S RAPID LT
SCARPA,FW APRWMN,W'S RAPID LT WMN
SCARPA,FW CLMMEN,M'S HELIX
SCARPA,FW CLMMEN,M'S INSTINCT
SCARPA,FW CLMMEN,M'S INSTINCT VS
SCARPA,FW CLMMEN,M'S VAPOR S
SCARPA,FW CLMWMN,M'S GENERATOR MID
SCARPA,FW CLMWMN,W'S GENERATOR MID
SCARPA,FW CLMWMN,W'S HELIX
SCARPA,FW CLMWMN,W'S INSTINCT
SCARPA,FW CLMWMN,W'S VAPOR S
SCARPA,FW HIKWMN,W'S MESCALITO PLANET
SCIMO,MERCLALCL,BUFF - SCI MOAB
SCIMO,MERSTKLCL,STICKER - SCI MOAB
SCP,TOLACS,CCKB FISH BOWL PACK
SCP,TOLMSC,2-STEP KNIFE SHARPENER
SCP,TOLMSC,"4"" ARKANSAS STONE W/POUCH"
SCP,TOLMSC,4OZ PREMIUM HONING SOLUTION
SCP,TOLMSC,"6"" DIAMOND TRI-HONE"
SCP,TOLMSC,"6"" MEDIUM AR BENCH STONE"
SCP,TOLMSC,DIAMOND COMBO SHARPENER
SCP,TOLMSC,DIAMOND RECTRACTABLE
SCP,TOLMSC,FIRE WIRE FLEXIBLE GRILLING SK
SCP,TOLMSC,POCKET PAL 2
SCP,TOLMSC,POCKET PAL W/DIA TAPERED ROD
SEP,BOKCLI,CREEK FREAK:INDIAN CREEK CLIMB
SEP,BOKCLI,DESERT TOWERS
SEP,BOKCLI,ELDORADO CANYON
SEP,BOKCLI,FAVORITE HIKE ZION
SEP,BOKCLI,GUNNISON ROCK
SEP,BOKCLI,LBO MOAB AREA ROCK CLIMBS
SEP,BOKCLI,MOAB CANYONEERING 2ND EDITION
SEP,BOKCLI,MOAB CLIMBS - HIGH ON MOAB
SEP,BOKCLI,MTN BIKING COLORADO W SLOPE
SEP,BOKCLI,NORTHERN UTAH LIMESTONE
SEP,BOKCLI,OGDEN AREA CLIMBING GUIDE
SEP,BOKCLI,PLAYDATE WITH SLC FAMILY FUN
SEP,BOKCLI,ROCK CLIMBS SW UTAH & ARIZONA
SEP,BOKCLI,THE RIPPER
SEP,BOKCLI,VERTICAL MIND
SEP,BOKCLI,X MOAB CANYONEERING
SEP,BOKCLI,ZION CANYONEERING
SF,ELTBAT,12 SF 123A BATTERIES
SF,ELTBAT,12 SF 123A BATTERIES EACH
SF,ELTBAT,2 LFP 123 RECHARGEABLE CELLS
SF,ELTBAT,2 LFP123 RECHARGE KIT
SF,ELTBAT,72 SF 123A BATTERIES
SF,ELTBAT,SF186508B BATTERY
SF,ELTBATRCH,"2 SF123A BATTERIES, CARDED"
SF,LITACS,"SLIP ON RED FILTER ASSY,"
SF,LITFL,6PX® PRO DUAL STAGE
SF,LITFL,6PX™ TACTICAL
SF,LITFL,E2D LED DEFENDER® ULTRA
SF,LITFL,EB1 BACKUP
SF,LITFL,EDCL1-T
SF,LITFL,EP10 SONIC DEFENDERS® ULTRA L
SF,LITFL,EP10 SONIC DEFENDERS® ULTRA MA
SF,LITFL,FURY® DFT
SF,LITFL,G2X PRO 6V DUAL STAGE 15/600
SF,LITFL,G2X® LE
SF,LITFL,G2X™ TACTICAL
SF,LITFL,G3® SINGLE OUTPUT LED
SF,LITFL,HIGH OUTPUT LED FLASHLIGHT
SF,LITFL,MAXIMUS - VO HEADLAMP
SF,LITFL,P2X FURY® FLASHLIGHT BLACK
SF,LITFL,P3X FURY® INTELLIBEAM™ TECH
SF,LITFL,P3X FURY® TACTICAL
SF,LITFL,P61 120 LUMENS
SF,LITFL,P90 105 LUMENS
SF,LITFL,P91 200 LUMENS
SF,LITFL,SIDEKICK
SF,LITFL,SPEED HOLSTER V70
SF,LITFL,UM2™ ULTRA
SF,SUREQPMSC,EARLOCKS
SFLENS,MEDSUR,SURVIVAL FIRE LENS
SHOKZ,ELTAUD,OPEN MOVE
SHOKZ,ELTAUD,OPEN RUN
SHOKZ,ELTAUD,OPEN RUN - PRO
SHOKZ,ELTAUD,OPEN RUN MINI
SHOKZ,ELTAUD,OPEN RUN MINI PRO
SILKY,TOLAXE,GOMBOY CURVE PROFESSIONAL
SILKY,TOLAXE,SILKY ONO 120MM CHOPER
SILKY,TOLAXE,SILKY SUPER ACCEL 210 ( LG TEE
SILKY,TOLKNF,NATA DOUBLE EDGE HATCHET
SILKY,TOLKNF,POCKETBOY 130 LARGE TEETH
SILKY,TOLKNF,POCKETBOY 170 LARGE TEETH
SILKY,TOLKNF,SILKY F180 LARGE TEETH
SILKY,TOLKNF,ULTRA ACCEL CURVED 240MM
SKRAT,FOD,ENERGY BAR
SKRAT,FOD,ENERGY CHEWS
SKRAT,FOD,HIGH CARB
SKRAT,FOD,HYDRATION - SUGAR FREE
SKRAT,FOD,HYDRATION SPORT - 20 SERV
SKRAT,FOD,HYDRATION SPORT - 60 SERV
SKRAT,FOD,RECOVERY
SKRAT,FOD,SS HIGH CARB
SKRAT,FOD,SS HIGH SODIUM
SKRAT,FOD,SS HYDRATION SPORT
SKRAT,FOD,SS HYDRATION SPORT SF
SKRAT,FOD,WELLNESS
SKYBND,BOKGD,CLIMBING SPIRIT DECK & GUIDE
SLINK,ACS,"TACTICAL LACES 45"" BLACK"
SLINK,ACS,"TACTICAL LACES 54"" BLACK"
SLINK,CLAGLVMEN,WOOL GLOVES
SLINK,CLISFTCRD,PARACORD '50 BLACK
SLINK,CLISFTCRD,PARACORD '50 MULTICAM
SLINK,CLISFTCRD,PARACORD '50 OLIVE DRAB
SLINK,CLISFTCRD,PARACORD '50 SAFETY ORANGE
SLINK,CLISFTCRD,PARACORD 1000' BLACK
SLINK,CLISFTCRD,PARACORD 1000' OLIVE DRAB
SLINK,FULACS,FUEL CAN SPOUT
SLINK,FULACS,SPOUT SAFETY BLACK
SLINK,HATCAP,GERMAN FLECKTARN WINTER
SLINK,KCHTW KIT,KELLY KETTLE - BASE CAMP KIT
SLINK,MEDDEF,TRAUMA KIT TACTICAL
SLINK,PAKHYDACS,WATER BLADDER
SLINK,SLPBKT,BLANKET ITALIAN OFFICERS REPRO
SLINK,SLPBKT,BLANKET SWISS REPRODUCTION
SLINK,SLPBKT,BLANKET UTILITY - GREY
SLINK,SLPBKT,CLASSIC WOOL BLANKET- CHARCOAL
SLINK,SLPBKT,CLASSIC WOOL BLANKET- PICNIC
SLINK,SLPBKT,CLASSIC WOOL BLANKET- ROYAL
SLINK,SLPBKT,DREAM SEASON WOOL BLANKET
SLINK,SLPBKT,WOOL BLANKET OLIVE GREEN
SLINK,SLPBKT,WOOL BLANKET- PLAID GREY BLUE
SLINK,SLPBKT,WOOL BLANKET- SAGE GREEN
SLINK,SURMEDKIT,FIRST AID RAPID RESPONSE KIT
SLINK,SURMEDKIT,FULL TACTICAL TRAUMA KIT
SLINK,SURMEDKIT,STORMBAG RAPID RESPONSE
SLINK,TOLSHV,"DMOS 33"" TWO PIECE SHOVEL"
SLINK,TOLSHV,SHOVEL TRIFOLD - GERMAN
SLINK,TOLSHV,SHOVEL TRIFOLD - US STYLE
SLINK,WTRCONACS,GASCAN 20L W/NOZZLE & ADAPTER
SLINK,WTRCONACS,GASCAN HOLDER 10LTR
SLINK,WTRCONACS,NATO GASKET
SLINK,WTRCONACS,NATO NOZZLE BLACK
SLINK,WTRCONACS,NATO NOZZLE BLUE
SLINK,WTRCONACS,NATO NOZZLE GREEN
SLINK,WTRCONACS,NATO NOZZLE RED
SLINK,WTRCONHRD,10L WATER CAN STAINLESS STEEL
SLINK,WTRCONHRD,20L WATER CAN STAINLESS STEEL
SLINK,WTRCONHRD,BOX HEAVY DUTY PLASTIC WP
SLINK,WTRCONHRD,GASCAN HOLDER 20LTR
SLINK,WTRCONHRD,NATO FLEX NOZZLE METAL - RED
SLINK,WTRCONHRD,SPOUT SAFETY GREEN
SLINK,WTRCONHRD,SPOUT SAFETY RED
SLINK,WTRCONHRD,WATER CAN HEAVY DUTY PLASTIC B
SLINK,WTRCONMTL,GASCAN 10L W/NOZZLE & ADAPTER
SLINK,WTRCONMTL,GASCAN 5L W/NOZZLE & ADAPTER
SLINK,WTRFLT,HITCO PERSONAL WATER FILTER
SMITH,BIK,CONVOY - MERLOT
SMITH,BIK,ENGAGE - MATTE BLACK
SMITH,BIK,ENGAGE - MATTE CINDER
SMITH,BIK,ENGAGE - MATTE FRENCH NAVY
SMITH,BIK,ENGAGE - MATTE WHITE
SMITH,BIK,ENGAGE MIPS
SMITH,BIK,ENGAGE2- MATTE BLACK
SMITH,BIK,ENGAGE2- MATTE MOSS/STONE
SMITH,BIK,SESSION - MATTE BLACK
SMITH,BIK,SESSION - MATTE CLOUD GREY
SMITH,BIK,SESSION - MATTE DRAPLIN
SMITH,BIK,SESSION - MATTE SAGE/REDROCK
SMITH,BIK,SESSION - MATTE TUSK/BLACK
SMITH,BIK,SESSION MIPS
SMITH,BIK,WILDER JR - ELECTRIC BLUE
SMITH,BIK,WILDER JR - ICEBERG
SMITH,BIK,WILDER JR - MANDARIN
SMITH,BIK,WILDER JR - NEON PINK
SMITH,EYESUN,A-TEAM
SMITH,EYESUN,AMPLIFY
SMITH,EYESUN,ARVO
SMITH,EYESUN,AVIATOR 1.50 GUNMETAL
SMITH,EYESUN,AVIATOR 2.0 GOLD
SMITH,EYESUN,AVIATOR 2.50 GUNMETAL
SMITH,EYESUN,AVIATOR SC
SMITH,EYESUN,BACKCAST
SMITH,EYESUN,BARRA
SMITH,EYESUN,BASECAMP
SMITH,EYESUN,BEVERLY
SMITH,EYESUN,BIFF
SMITH,EYESUN,BOBCAT
SMITH,EYESUN,BRANDY
SMITH,EYESUN,CARLTON
SMITH,EYESUN,CHEETAH
SMITH,EYESUN,CLYDE
SMITH,EYESUN,CONTENDER
SMITH,EYESUN,COOKIE 1.50
SMITH,EYESUN,COOKIE 1.50 BLACK
SMITH,EYESUN,COOKIE 2.00
SMITH,EYESUN,COOKIE 2.50 BLACK
SMITH,EYESUN,COUNCILMAN
SMITH,EYESUN,CUTOUT - BLACK/GREEN MIRROR
SMITH,EYESUN,CUTOUT -TOTOISE BROWN
SMITH,EYESUN,DEFY
SMITH,EYESUN,DIXIE
SMITH,EYESUN,DOUBLE UP
SMITH,EYESUN,DRAW
SMITH,EYESUN,ELLIOTT
SMITH,EYESUN,EMBARK
SMITH,EYESUN,EMERGE
SMITH,EYESUN,EMPRESS SC
SMITH,EYESUN,EXPOSE
SMITH,EYESUN,FLOYD
SMITH,EYESUN,FRONTMAN - CHROMAPOP
SMITH,EYESUN,GUIDE'S CHOICE
SMITH,EYESUN,GUIDE'S CHOICE XL
SMITH,EYESUN,HANNIGAN
SMITH,EYESUN,HARD DECK
SMITH,EYESUN,HEVENLY SHINE BE635
SMITH,EYESUN,HOOKSET
SMITH,EYESUN,HUNDO
SMITH,EYESUN,LAKE SHASTA
SMITH,EYESUN,LANGLEY
SMITH,EYESUN,LANGLEY 2
SMITH,EYESUN,LEEWAY
SMITH,EYESUN,LINEUP
SMITH,EYESUN,LONGFIN ELITE
SMITH,EYESUN,LOOKOUT
SMITH,EYESUN,LOWDOWN 2
SMITH,EYESUN,LOWDOWN 2 GLASS
SMITH,EYESUN,LOWDOWN SLIM 2
SMITH,EYESUN,LOWDOWN XL 2
SMITH,EYESUN,LOWDOWNS2 SLIM
SMITH,EYESUN,LUNCH
SMITH,EYESUN,MABEL
SMITH,EYESUN,MEET
SMITH,EYESUN,MONROE PEAK
SMITH,EYESUN,NASH...
SMITH,EYESUN,NATE...
SMITH,EYESUN,OUTRIGGER
SMITH,EYESUN,PACE- BLACK/GRAY
SMITH,EYESUN,PATROL SLVR/PLR BLU
SMITH,EYESUN,PURSUIT
SMITH,EYESUN,REATAINER CORD NEON MULTI
SMITH,EYESUN,REATAINER CURLY Q
SMITH,EYESUN,REDDING 2
SMITH,EYESUN,RESPEK
SMITH,EYESUN,RIPTIDE
SMITH,EYESUN,SCOUT
SMITH,EYESUN,SEEKER
SMITH,EYESUN,SHIFT SPLIT MAG
SMITH,EYESUN,SHIFT XL MAG
SMITH,EYESUN,SHOUTOUT
SMITH,EYESUN,SLIDERS
SMITH,EYESUN,SOUNDTRACK
SMITH,EYESUN,THAD
SMITH,EYESUN,TWIRL - PURPLE/GRAY
SMITH,EYESUN,UL
SMITH,EYESUN,VENTURE
SMITH,EYESUN,VOUCHER SC
SMITH,EYESUN,WANDER
SMITH,EYESUN,WESTWARD
SMITH,EYESUN,WHITNEY
SMITH,EYESUN,WILDCAT
SMITH,EYESUN,XC
SMITH,EYESUN,ZIGGIE - PINK CRYSTAL
SMITH,EYESUN,ZIGGIE - ROYAL
SMITH,EYESUN,ZIGGIE - TORTOISE
SMITH,SUN,A-TEAM BURN BROWN
SMITH,SUN,A-TEAM MATTE HAVANA
SMITH,SUN,AFFECT BLUE TORT
SMITH,SUN,AFFECT HVN GRD
SMITH,SUN,ATTACK MAG MTB
SMITH,SUN,AVERY - PINK
SMITH,SUN,AVIATOR
SMITH,SUN,AVIATOR SILVER
SMITH,SUN,BASECAMP - BLACK/GREY
SMITH,SUN,BASECAMP M GRVY/PC CP PLR BZ M
SMITH,SUN,BASECAMP MT BLK/PC CP PLR GG
SMITH,SUN,BELMONT - BLACK/GRAY
SMITH,SUN,BOONE HVN
SMITH,SUN,BRIDGE CITY
SMITH,SUN,CAPER - BLACK TORTOISE
SMITH,SUN,CAPER - HAVANNA LIL
SMITH,SUN,CINCO RS
SMITH,SUN,CITYSCAPE BLUE
SMITH,SUN,CLYDE - BLACK/GRAY
SMITH,SUN,CONTOUR
SMITH,SUN,CONTOUR M BK/PC CP PLR BLK
SMITH,SUN,COVER 1.50 - BLACK/GRAY
SMITH,SUN,COVER 2.0 - BLACK/GRAY
SMITH,SUN,COVER 2.5 - BLACK/GRAY
SMITH,SUN,CRUNCH - BLACK/GREY
SMITH,SUN,DAWSON - BROWN FADE/SIENNA
SMITH,SUN,DAWSON - ROSE BACKPAINT ||POL
SMITH,SUN,DEL RAY - ROSE GOLD/PINK
SMITH,SUN,EASTBANK - MT TORTOISE/POLAR B
SMITH,SUN,EASTBANK - TRT/PC BROWN
SMITH,SUN,EMERGE BLK/PC PLR GRY
SMITH,SUN,FLYWHEEL
SMITH,SUN,FLYWHEEL BLK/PC RD
SMITH,SUN,FLYWHEEL M DP INK/PC BLU M
SMITH,SUN,FUEL V.1 CINDER
SMITH,SUN,FUEL V.1 FRENCH NAVY/ROCK SALT
SMITH,SUN,FUEL V.1 RED MIRROR/CLEAR AF
SMITH,SUN,FUEL V.1 SPRUCE/SAFARI
SMITH,SUN,FUEL V.2 RED MIRROR/CLEAR AF
SMITH,SUN,FUEL V.2 SPRUCE/SAFARI
SMITH,SUN,HARPER - BLUE TORT/BRWN
SMITH,SUN,HARPER - GREEN TORT/GRAY GRN
SMITH,SUN,HARPER - TORTOISE/BROWN
SMITH,SUN,HAWTHORNE - MT BLACK ||POL BLU
SMITH,SUN,HAWTHORNE - MT TORTOISE FADE |
SMITH,SUN,HAWTHORNE - TORTOISE ||POL SIE
SMITH,SUN,HIGHRIDE - DK HAVANNA
SMITH,SUN,HUNDO - BROWN/BROWN
SMITH,SUN,HUNDO -MATTE BLACK/GREY
SMITH,SUN,JUGGLE - TORTOISE/BROWN
SMITH,SUN,LANGLEY - BLACK/PC BLK
SMITH,SUN,LANGLEY - GOLD/BLUE SOL
SMITH,SUN,LANGLEY - GOLD/ROSE GOLD
SMITH,SUN,LANGLEY - MT RTHNM/POLAR BLUE
SMITH,SUN,LOCK MATTE BLACK/GREEN
SMITH,SUN,LONGFIN
SMITH,SUN,LONGFIN - MT GRAVY/POLAR BRONZ
SMITH,SUN,LOWDOWN 2 - BLK/PC POLAR GREY
SMITH,SUN,LOWDOWN 2 - CM T/PC CP POLAR B
SMITH,SUN,LOWDOWN 2 - GRV TORTOISE/BRONZ
SMITH,SUN,LOWDOWN 2 - TRT/PC BROWN
SMITH,SUN,LOWDOWN 2 - TRT/PC VLT M
SMITH,SUN,LOWDOWN 2 - TT/PC BROWN
SMITH,SUN,LOWDOWN STEEL
SMITH,SUN,LOWDOWN XL 2 - MGV/PL GOLD
SMITH,SUN,LOWDOWN XL 2 - TT/POLAR BROWN
SMITH,SUN,MEET - MT TORTOISE/BROWN
SMITH,SUN,MILESTONE - MT HAVANA/BROWN
SMITH,SUN,MT BLACK PLZD BLUE MIRROR
SMITH,SUN,OUTBACK
SMITH,SUN,OUTBACK - BLACK/PC GRAY
SMITH,SUN,OUTLIER XL2 - MATTE TORT/PLR B
SMITH,SUN,OUTLIER XL2 - MT BLACK/PLR GRE
SMITH,SUN,PARALLEL 2 - BLK/PC GRAY
SMITH,SUN,PARALLEL MAX- BLACK/POLAR GREY
SMITH,SUN,PARALLEL MAX2 - BROWN/PLR BROW
SMITH,SUN,PATROL
SMITH,SUN,PATROL SILVER
SMITH,SUN,PINPOINT
SMITH,SUN,PREP
SMITH,SUN,PREP M GLD/PC PLR GLD MR
SMITH,SUN,QUEST
SMITH,SUN,RANGE
SMITH,SUN,RANGE BLACK/BLUE
SMITH,SUN,RANGE BLACK/GRAY
SMITH,SUN,RANGE MT TORTOISE/BROWN
SMITH,SUN,REDDING
SMITH,SUN,REDONDO - MT TORTOISE ||POL BR
SMITH,SUN,RESOLVE
SMITH,SUN,RESPEK - BLACK/BLUE SB
SMITH,SUN,RESPEK - BROWN/BROWN
SMITH,SUN,RESPEK - DK HAVANNA
SMITH,SUN,RESPEK - DK HAVANNA/GREEN
SMITH,SUN,RESPEK - MATTE BLACK/GREY
SMITH,SUN,RIPTIDE - MT TORT/CP+ POLAR BR
SMITH,SUN,RIPTIDE M BLK/CP GLASS PLR BRZ
SMITH,SUN,RIPTIDE M BLK/CP+ PLR BRNZ
SMITH,SUN,RIPTIDE M BLK/CP+ PLR GRY GRN
SMITH,SUN,ROAM
SMITH,SUN,ROAM M B/PC BLK
SMITH,SUN,ROAM M GRVY/PC  BRNZ M
SMITH,SUN,ROAM M TT/PC BRWN
SMITH,SUN,ROAM TRT/PC
SMITH,SUN,RUCKUS
SMITH,SUN,SABLE BLACK/GRAY
SMITH,SUN,SABLE TORTOISE/BROWN
SMITH,SUN,SC DEL RAY GUNMETAL/GRAY
SMITH,SUN,SERPICO 2 - GOLD/POLAR BROWN
SMITH,SUN,SHIFT MAG
SMITH,SUN,SHIFT MAG BK CNDR/PC CP BLK
SMITH,SUN,SHIFT MAG BK/PC CP RD MR
SMITH,SUN,SHIFT MAG WHT/PC CP BLK
SMITH,SUN,SHOUTOUT
SMITH,SUN,SHOUTOUT - BLK/POLAR VIOLET
SMITH,SUN,SHOUTOUT - MT BLACK
SMITH,SUN,SHOUTOUT BLK/PC CP PLR OPL M
SMITH,SUN,SNARE - GRV TORTOISE/PLR BRONZ
SMITH,SUN,SOMERSET
SMITH,SUN,SOMERSET BLK/PC PLR GRY
SMITH,SUN,SQUAD MTB BLK 22 CPS BLK
SMITH,SUN,SQUAD MTB BLK 22 CPS RED M
SMITH,SUN,SQUAD MTB CNDR HZ CPS BLK
SMITH,SUN,SQUAD MTB WHT 22 CPS BLK
SMITH,SUN,SUNNYSIDE
SMITH,SUN,SUNNYSIDE - BLACK ||POL GRAY
SMITH,SUN,SUNNYSIDE - HAVANNA 54 BRWN
SMITH,SUN,SUNNYSIDE - SPLIT TORTOISE ||P
SMITH,SUN,TAYLOR - BLACK/RED
SMITH,SUN,TOPLINE - DK HAVANA/BROWN
SMITH,SUN,TOPLINE - TRANS/BROWN
SMITH,SUN,TRANSFER XL - M TT/PC CP PLR B
SMITH,SUN,VOUCHER - MT TORTOISE
SMITH,SUN,WILDCAT GT WLD/PC  BLK
SMITH,SUN,WOLCOTT - TORTOISE/POLAR BRONZ
SNM,MEDFA,SORE NO MORE 20Z
SNM,MEDFA,SORE NO MORE 40Z
SNOWP,FULBUT,500 GIGA POWER FUEL
SNOWP,FULBUT,GIGA POWER BUTANE
SNOWP,KCHCOF,KETTLE NO. 1
SNOWP,KCHCOF,TI FRENCH PRESS
SNOWP,KCHCW SET,TI 3 PIECE COOKSET
SNOWP,KCHSTV,GIGAPOWER STOVE AUTO
SNOWP,KCHSTV,GIGAPOWER STOVE MANUAL
SNOWP,KCHSTV,LITEMAX STOVE
SNOWP,KCHSTVACS,GIGAPOWER WINDSCREEN
SNOWP,KCHTW BWL,TI TREK BOWL
SNOWP,KCHTW CUT,TI BACKPACKER FORK & SPOON
SNOWP,KCHTW CUT,TI FORK & SPOON SET
SNOWP,KCHTW CUT,TI LONG SPORK
SNOWP,KCHTW CUT,TI SPORK
SNOWP,KCHTW CUT,TI SPORK BLUE ANODIZED
SNOWP,KCHTW CUT,TI SPORK GREEN ANODIZED
SNOWP,KCHTW CUT,TI SPORK PURPLE ANODIZED
SNOWP,KCHTW CUT,WOOD PARTY FORK
SNOWP,KCHTW PLT,TI TREK PLATE 18CM
SNOWP,KITACS,HOTLIPS 2PACK
SNOWP,KITACS,SOLO CUTTING BOARD
SNOWP,KITACS,SP TABLEWARE PLATE L
SNOWP,KITACS,SP TABLEWARE PLATE M
SNOWP,KITACS,TI FLASK L
SNOWP,KITACS,TI FLASK M
SNOWP,KITCO,FIEL BARISTA COFFEE GRINDER
SNOWP,KITCW,COPPER HEAD PEG HAMMER
SNOWP,KITCW,FIREPLACE GRILL BRIDGE (L)
SNOWP,KITCW,FIREPLACE GRILL BRIDGE (M)
SNOWP,KITCW,STEEL HEAD PEG HAMMER
SNOWP,KITCW,TI TREK COMBO
SNOWP,KITTW,FIRE TONGS
SNOWP,KITTW,HOTLIPS TI MUG
SNOWP,KITTW,INS. SS MUG
SNOWP,KITTW,SS DOUBLE 450 WALL MUG
SNOWP,KITTW,TI BACKPACKER'S CUP
SNOWP,KITTW,TI COOKWARE 3PCS
SNOWP,KITTW,TI DBL WALL 450
SNOWP,KITTW,TI DOUBLE 300 WALL CUP
SNOWP,KITTW,TI MULTI COMPACT COOKSET
SNOWP,KITTW,TI SINGLE 450 WALL CUP BLUE
SNOWP,KITTW,TI SINGLE 450 WALL CUP GREEN
SNOWP,KITTW,TI SINGLE 450 WALL MUG
SNOWP,KITTW,TI SINGLE 600 WALL CUP
SNOWP,KITTW,TI SINGLE CUP II
SNOWP,KITTW,TI SINGLE WALL 300 MUG
SNOWP,KITTW,TI TREK 1400
SNOWP,KITTW,TI TREK 700
SNOWP,KITTW,TI TREK 900
SNOWP,KITTW,WABUKI CHOPSTICKS MEDIUM
SNOWP,KITTW,WOOD PARTY KNIFE
SNOWP,LITACS,MANTLE MID LANTERN 2 WAY 3PCS
SNOWP,LITLAN,HOKUZI LANTERN SNOW
SNOWP,LITLAN,HOME AND CAMP LANTERN - BLACK
SNOWP,LITLAN,HOME AND CAMP LANTERN - IVORY
SNOWP,LITLAN,MINI HOKUZI
SNOWP,PETLSH,SP DOG LEAD M
SNOWP,PETMSC,DOG ANCHOR
SNOWP,TNTACS,ALUMINUM ROPE TENSIONER RED
SNOWP,TNTSTK,SOLID STAKE 20
SNOWP,TNTSTK,SOLID STAKE 30
SNOWP,TNTSTK,SOLID STAKE 40
SNOWP,TNTSTK,SOLID STAKE 50
SNOWP,TOLKNF,TI MINI SOLO COMBO 2.0
SNS,SUN,SNS ASSORTED 1
SNS,SUN,SNS ASSORTED 3
SNS,SUN,SNS BLUE WRAPTOR  MULTI LENS
SNS,SUN,SNS PINK WRAPTOR  MULTI LENS
SOG,TOLKNF,AEGIS CLIP POINT - STRAIGHT
SOG,TOLKNF,AEGIS DIGI CAMO
SOG,TOLKNF,AEGIS STRAIGHT
SOG,TOLKNF,AEGIS TANTO BLACK - SERR
SOG,TOLKNF,FIELDER MINI ASSISTED
SOG,TOLKNF,FLASH I - PARTIALLY SERRATED B
SOG,TOLKNF,JUNGLE CANOPY
SOG,TOLKNF,JUNGLE PRIMITIVE W/NYLON SHEAT
SOG,TOLKNF,MAGNADOT
SOG,TOLKNF,POWERASSIST - BLACK OXIDE
SOG,TOLKNF,SALUTE MINI BEADED BLASTED
SOG,TOLKNF,SEAL PUP
SOG,TOLKNF,SEAL PUP - NYLON SHEATH
SOG,TOLKNF,SEAL PUP ELITE - NYLON SHEATH
SOG,TOLKNF,TANGLE - BLACK NYLON SHEATH
SOG,TOLKNF,"TRACTION, SATIN"
SOG,TOLKNF,TRIDENT - PARTIALLY SERRATED T
SOG,TOLKNF,TWITCH II
SOG,TOLKNF,TWITCH II - PARTIALLY SERRATED
SOG,TOLKNF,VISION ARC
SOGO,FODJRK,BBQ PINEAPPLE & PORK STICK
SOGO,FODJRK,CHIMICHURRI STICK
SOGO,FODJRK,IOWA SMOKED GARLIC STICK
SOGO,FODJRK,IOWA SMOKED ORIGINAL STICK
SOGO,FODJRK,JALAPENO STICK
SOGO,FODJRK,JALEPENO TURKEY
SOGO,FODJRK,ORIGINAL STICK
SOGO,FODJRK,SAVORY TURKEY STICK
SOGO,FODJRK,SMOKEY SWEET STICK
SOGO,FODJRK,SPICY SOUTHWEST STICK
SOGO,FODJRK,TURKEY CHIMICHURRI STICK
SOREL,OLD,M'S CARIBOU™ BOOT
SPEAQ,ELTSPK,BARNACLE PRO 2.0
SPEAQ,ELTSPK,BARNACLE VIBE 3.0
SPEAQ,ELTSPK,BIKE/RAIL MOUNT
SPEAQ,ELTSPK,BOARD MOUNT (NEW)
SPEAQ,ELTSPK,CARABINER CLIP
SPEAQ,ELTSPK,CRUISER H2.0
SPEEDO,EYEGOG,HYDRACOMFORT GOGGLE
SPEEDO,EYEGOG,HYDROSITY GOGGLE
SPEEDO,EYEGOG,HYDROSPEX® CLASSIC GOGGLE
SPEEDO,EYEGOG,JR. HYDROSPEX® CLASSIC GOGGLE
SPEEDO,EYEGOG,JR. VANQUISHER 2.0
SPEEDO,EYEGOG,K'S SPLASHER GOGGLES
SPEEDO,FW SANKID,B'S SURF KNIT
SPEEDO,FW SANKID,B'S SURFWALKER 2.0 PRO
SPEEDO,FW SANKID,G'S SURF KNIT
SPEEDO,FW SANKID,K'S SURF KNIT
SPEEDO,FW SANKID,K'S SURFWALKER 2.0 PRO
SPEEDO,FW SANKID,K'S SURFWALKER PRO
SPEEDO,FW SANKID,TODDLER SURFWALKER 2.0 PRO
SPEEDO,FW SANMEN,M'S SURF KNIT WATER SHOE
SPEEDO,FW SANWMN,W'S SURF KNIT
SPEEDO,FW SANWMN,W'S SURF KNIT PRO
SPEEDO,FW WTRMEN,M'S TIDAL CRUISER
SPEEDO,FW WTRWMN,W'S TIDAL CRUISER
SPEEDO,FW WTRYTH,K'S TIDAL CRUISER
SPEEDO,RVRPFD,INFANT PERSONAL FLOTATION DEVI
SPORTD,SOKMEN,COMPRESSION
SPORTD,SOKMEN,K'S XA 2PACK
SPORTD,SOKMEN,OUTPATH MID
SPORTD,SOKMEN,OUTPATH WOOL
SPORTD,SOKMEN,QUEST MID
SPORTD,SOKMEN,SONIC PRO
SPORTD,SOKMEN,SPEED 2PACK
SPORTD,SOKMEN,SPEED PRO
SPORTD,SOKMEN,SPEED SUPPORT
SPORTD,SOKMEN,X ALP MID
SPORTD,SOKMEN,XA 2PACK
SPORTD,SOKMEN,XA PRO
SPYDER,TOLKNF,AMALGAM
SPYDER,TOLKNF,BOW RIVER \ G-10 W/SHEATH
SPYDER,TOLKNF,CAT \ G-10
SPYDER,TOLKNF,CHAPARRAL FRN
SPYDER,TOLKNF,DELICA 4 \ LT
SPYDER,TOLKNF,DELICA 4 \ LW \ CMP S30V
SPYDER,TOLKNF,DELICA 4 \ LW \ FLAT GRND
SPYDER,TOLKNF,DRAGONFLY
SPYDER,TOLKNF,DRAGONFLY 2 \ LW
SPYDER,TOLKNF,DRAGONFLY \ G-10
SPYDER,TOLKNF,DRAGONFLY \ TATTOO
SPYDER,TOLKNF,ENDELA \ LW
SPYDER,TOLKNF,ENDELA \ LW \ EMERSON OPENER
SPYDER,TOLKNF,ENDELA \ LW \ K390
SPYDER,TOLKNF,ENDURA 4 \ FRN
SPYDER,TOLKNF,ENDURA 4 \ LW
SPYDER,TOLKNF,ENDURA 4 \ LW FLAT GRND
SPYDER,TOLKNF,LADYBUG 3
SPYDER,TOLKNF,LIL NATIVE \ G-10
SPYDER,TOLKNF,LIL' NATIVE \ G-10 \ SPY27
SPYDER,TOLKNF,LIL' NATIVE \ G-10 \COMPR LOCK
SPYDER,TOLKNF,MANBUG \ LW
SPYDER,TOLKNF,MANIX 2
SPYDER,TOLKNF,MANIX 2 \ FRCP
SPYDER,TOLKNF,MANIX 2 \ G-10
SPYDER,TOLKNF,MANIX 2 \ G-10 \ MAGNACUT
SPYDER,TOLKNF,MANIX 2 \ LW
SPYDER,TOLKNF,MICROJIMBO \ G-10 \ CPM SPY27
SPYDER,TOLKNF,MILITARY 2\MICARTA\CPM CRUWEAR
SPYDER,TOLKNF,MILITARY MODEL \ G-10
SPYDER,TOLKNF,NATIVE 5 \ G-10
SPYDER,TOLKNF,NATIVE 5 \ G-10 \ CPM SPY27
SPYDER,TOLKNF,NATIVE 5 \ LW
SPYDER,TOLKNF,NATIVE 5 \ LW MAXAMET
SPYDER,TOLKNF,NATIVE 5 \ LW \ (BC)
SPYDER,TOLKNF,NATIVE 5 \ LW \ LC200N
SPYDER,TOLKNF,NATIVE 5 \ LW \ MAGNACUT
SPYDER,TOLKNF,NATIVE CHIEF \ G-10 \ SPY27
SPYDER,TOLKNF,NATIVE CHIEF \MICARTA\CRU-WEAR
SPYDER,TOLKNF,PARA 3 \ G-10
SPYDER,TOLKNF,PARA 3 \ G-10 \ CPM S110V
SPYDER,TOLKNF,PARA 3 \ G-10 \ MAGNACUT
SPYDER,TOLKNF,PARA 3 \ G-10 \ MAXAMET
SPYDER,TOLKNF,PARA 3 \ LW \ CPM MAGNACUT
SPYDER,TOLKNF,PARA MILITARY 2 \ G-10
SPYDER,TOLKNF,PARA MILITARY 2 \ G-10 \ S110V
SPYDER,TOLKNF,PARA MLTRY 2 \ G-10 CAMO
SPYDER,TOLKNF,PARA MLTRY 2 \ G-10 LH
SPYDER,TOLKNF,PARA MLTRY 2 \ G-10 \ MAXAMET
SPYDER,TOLKNF,PARA MLTRY 2 \ G-10 \CPM SPY27
SPYDER,TOLKNF,PARA MLTRY2 \ G-10
SPYDER,TOLKNF,POLESTAR \ G-10
SPYDER,TOLKNF,RESCUE 3 \ LW
SPYDER,TOLKNF,SAGE 5 \ G-10 \ CPM SPY27
SPYDER,TOLKNF,SAGE 5 \ G-10 \ FRN CPM SPY27
SPYDER,TOLKNF,SAGE 5 \ G-10 \ REX 121
SPYDER,TOLKNF,SAGE 5 \ LW \ MAXAMET
SPYDER,TOLKNF,SAGE 5 \ LW \ REX 121
SPYDER,TOLKNF,SMOCK
SPYDER,TOLKNF,STOK DROP POINT W/SHTH OD G-10
SPYDER,TOLKNF,TENACIOUS \ G-10
SPYDER,TOLKNF,TENACIOUS \ G-10 SHEATH
SPYDER,TOLKNF,YOJIMBO 2 \ G-10
STRLNG,CLIATC,END-CAPS (BAG OF 6)
STRLNG,CLIBAG,MEDIUM PICKLE BUCKET
STRLNG,CLIBAGCHK,BABY DILL CHALK BAG
STRLNG,CLIBAGCHK,BABY DILL CHALKBAG
STRLNG,CLIBELAS,ATS DEVICE
STRLNG,CLIMSC,WG ROPE WASH EACH
STRLNG,CLISFTCRD,"1"" TYPE 18 WEBBING 300 FT"
STRLNG,CLISFTCRD,"1"" TYPE 9800 WEB 150 FT"
STRLNG,CLISFTCRD,1.5MM MINI CORD 100 FT
STRLNG,CLISFTCRD,1.5MM MINI CORD 100 M
STRLNG,CLISFTCRD,1.5MM MINI CORD 200 M
STRLNG,CLISFTCRD,1.5MM TC CORD 100 M
STRLNG,CLISFTCRD,10MM DYNEEMA SLING 24 IN
STRLNG,CLISFTCRD,10MM DYNEEMA SLING 48 IN
STRLNG,CLISFTCRD,"11/16"" SLING 24 IN"
STRLNG,CLISFTCRD,"11/16"" SLING 30 IN"
STRLNG,CLISFTCRD,"11/16"" SLING 48 IN"
STRLNG,CLISFTCRD,"11/16"" TUBULAR WEB"
STRLNG,CLISFTCRD,12MM DYNEEMA SLING 24 IN
STRLNG,CLISFTCRD,12MM DYNEEMA SLING 30 IN
STRLNG,CLISFTCRD,12MM DYNEEMA SLING 48 IN
STRLNG,CLISFTCRD,2.75MM ACC. CORD 100 M
STRLNG,CLISFTCRD,2.75MM ACC. CORD 200 M
STRLNG,CLISFTCRD,2.75MM GLOCORD 100 M
STRLNG,CLISFTCRD,2.75MM GLOCORD 200 M
STRLNG,CLISFTCRD,2MM ACC. CORD 100 M
STRLNG,CLISFTCRD,2MM ACC. CORD 200 M
STRLNG,CLISFTCRD,3MM ACC. CORD 100 M
STRLNG,CLISFTCRD,3MM ACC. CORD 200 M
STRLNG,CLISFTCRD,3MM GLOCORD 100 M
STRLNG,CLISFTCRD,3MM GLOCORD 200 M
STRLNG,CLISFTCRD,4MM ACC. CORD 100 M
STRLNG,CLISFTCRD,4MM ACC. CORD 200 M
STRLNG,CLISFTCRD,4MM ACC. CORD 50 FT
STRLNG,CLISFTCRD,4MM GLOCORD 100 M
STRLNG,CLISFTCRD,4MM GLOCORD 200 M
STRLNG,CLISFTCRD,4MM POLYESTER CORD 100 M
STRLNG,CLISFTCRD,5.4MM V-TX CORD 100 M
STRLNG,CLISFTCRD,5.9MM POWERCORD 100 M
STRLNG,CLISFTCRD,5.9MM POWERCORD 50 M
STRLNG,CLISFTCRD,550 TYPE III PARAC CORD
STRLNG,CLISFTCRD,5MM ACC. CORD 100 M
STRLNG,CLISFTCRD,5MM ACC. CORD 200 M
STRLNG,CLISFTCRD,5MM ACC. CORD 25 FT
STRLNG,CLISFTCRD,5MM ACC. CORD 50 FT
STRLNG,CLISFTCRD,5MM GLOCORD 100 M
STRLNG,CLISFTCRD,5MM GLOCORD 200 M
STRLNG,CLISFTCRD,"6.8MM HOLLOWBLOCK2 13.5"" LOOP"
STRLNG,CLISFTCRD,"6.8MM HOLLOWBLOCK2 19"" LOOP"
STRLNG,CLISFTCRD,6MM ACC. CORD 100 M
STRLNG,CLISFTCRD,6MM ACC. CORD 50 FT MIX
STRLNG,CLISFTCRD,6MM ACC. CORD 50 M
STRLNG,CLISFTCRD,"6MM AUTO BLOCK 13.5"" LOOP"
STRLNG,CLISFTCRD,"6MM CHEST PURCELL 20"" LOOP"
STRLNG,CLISFTCRD,"6MM SHORT PURCELL 42"" LOOP"
STRLNG,CLISFTCRD,7MM CORDELETTE 5.5 M
STRLNG,CLISFTCRD,7MM CORDELETTE 6.4 M
STRLNG,CLISFTCRD,7MM CORDELETTE 7.6 M
STRLNG,CLISFTCRD,7MM PRUSIK/ACC. CORD 100 M
STRLNG,CLISFTCRD,7MM SEWN PRUSIK 19 IN
STRLNG,CLISFTCRD,7MM SEWN PRUSIK 25 IN
STRLNG,CLISFTCRD,8MM PRUSIK/ACC. CORD 100 M
STRLNG,CLISFTCRD,9MM HTP STATIC 660 FT
STRLNG,CLISFTCRD,CHAIN REACTOR
STRLNG,CLISFTCRD,CHAIN REACTOR LONG
STRLNG,CLISFTCRD,CHAIN REACTOR PRO
STRLNG,CLISFTCRD,WICKED GOOD ROPE WASH 20 PACKE
STRLNG,CLISFTCRD,X 7MM CORDELETTE ORANGE 25
STRLNG,CLISFTROP,"1"" TECHTAPE 300 FT"
STRLNG,CLISFTROP,"1"" TUBULAR MIL-SPEC"
STRLNG,CLISFTROP,10.5MM SAFETYPRO 200 FT
STRLNG,CLISFTROP,10MM SAFETYPRO 200 FT
STRLNG,CLISFTROP,"2"" POLY FLAT WEB 300 FT"
STRLNG,CLISFTROP,"3/8"" GRABLINE 300 FT"
STRLNG,CLISFTROP,"3/8"" HTP STATIC 200 FT"
STRLNG,CLISFTROP,"3/8"" HTP STATIC 300 FT"
STRLNG,CLISFTROP,"3/8"" SUPERSTATIC2 200 FT"
STRLNG,CLISFTROP,"6.8MM HOLLOWBLOCK2 13.5"" LOOP"
STRLNG,CLISFTROP,"7/16"" HTP STATIC 200 FT"
STRLNG,CLISFTROP,"7/16"" HTP STATIC 300 FT"
STRLNG,CLISFTROP,"7/16"" SUPERSTATIC2 200 FT"
STRLNG,CLISFTROP,7MM TAG LINE 65 M
STRLNG,CLISFTROP,7MM TAG LINE 75 M
STRLNG,CLISFTROP,8MM TAG LINE 65 M
STRLNG,CLISFTROP,8MM TAG LINE 75 M
STRLNG,CLISFTROP,9.2MM CANYON DS - 65 M
STRLNG,CLISFTROP,9MM HTP STATIC 150 FT
STRLNG,CLISFTROP,9MM HTP STATIC 200 FT
STRLNG,CLISFTROP,9MM HTP STATIC 300 FT
STRLNG,CLISFTROP,9MM SAFETYPRO 200 FT
STRLNG,CLISFTROP,9MM TC STATIC 183 M
STRLNG,CLISFTROP,AERO 9.2 XEROS ROPE
STRLNG,CLISFTROP,AERO 9.2 XEROS RP 70 M
STRLNG,CLISFTROP,AERO 9.2 XEROS RP 80 M
STRLNG,CLISFTROP,C-IV 150 FT
STRLNG,CLISFTROP,C-IV 200 FT
STRLNG,CLISFTROP,C-IV 300 FT
STRLNG,CLISFTROP,CANYONPRIME 150 FT
STRLNG,CLISFTROP,CANYONPRIME 200 FT
STRLNG,CLISFTROP,CANYONPRIME 300 FT
STRLNG,CLISFTROP,CANYONPRIME 660 FT
STRLNG,CLISFTROP,CANYONTECH 150 FT
STRLNG,CLISFTROP,CANYONTECH 200 FT
STRLNG,CLISFTROP,CANYONTECH 300 FT
STRLNG,CLISFTROP,EVO VR9 60 M
STRLNG,CLISFTROP,EVO VR9 70 M
STRLNG,CLISFTROP,IONR 9.4 XEROS ROPE 70 M
STRLNG,CLISFTROP,IONR 9.4 XEROS ROPE 80 M
STRLNG,CLISFTROP,NANO 8.9 XEROS ROPE 70 M
STRLNG,CLISFTROP,NANO 8.9 XEROS ROPE 80 M
STRLNG,CLISFTROP,QUEST 9.6 XEROS ROPE 70 M
STRLNG,CLISFTROP,QUEST 9.6 XEROS ROPE 80 M
STRLNG,CLISFTROP,T-10 10MM XEROS ROPE 70 M
STRLNG,CLISFTROP,VELOCITY 9.8 XEROS 70 M
STRLNG,CLISFTROP,VELOCITY 9.8 XEROS 80 M
STRLNG,CLISFTROP,VR96 PURPLE FLASH X 60 M
STRLNG,CLISFTROP,VR96 PURPLE FLASH X 70 M
STRLNG,CLISFTROP,VRECO 9.6MM COLOMBIA LE
STRLNG,PETLSH,DOG LEASH - ASSORTED
STRLNG,RVRDRY,BLITZ CANYON BAG
STRLNG,XXX,X 6MM ACCESSORY CORD BLUE 50'
STS,BUC,FOLDING BUCKET
STS,CLARN PON,NYLON TARP PONCHO APPLE GREEN
STS,CLARN PON,NYLON TARP PONCHO BLUE (RCS)
STS,CLARN PON,ULTRA-SIL NANO TARP PONCHO
STS,DW CUP,FRONTIER UL COLLAPSIBLE CUP
STS,DW CUP,PASSAGE CUP
STS,DW MUG,DETOUR SS COLLAPSIBLE MUG
STS,DW MUG,HORIZON INS. MUG
STS,DW MUG,PASSAGE INSULATED MUG
STS,DWCUP,CAMP CUP
STS,FURCHRACS,AIR CHAIR
STS,FURCHRPAD,AIR SEAT
STS,FURCHRPAD,AIR SEAT INSULATED
STS,KCHCLN,CAMP KITCHEN CLEAN UP KIT
STS,KCHCLN,CAMP KITCHEN POT SCRUBBER AND
STS,KCHCLN,FOLDING BUCKET 10L
STS,KCHCLN,ULTRA-SIL FOLDING BUCKET
STS,KCHCOF,FRONTIER UL COLLAPSI POUR OVER
STS,KCHCW,DETOUR SS COLLAPSE POT
STS,KCHCW,DETOUR SS COLLAPSIBLE KETTLE
STS,KCHCW,DETOUR SS COLLAPSIBLE POT
STS,KCHCW,"DETOUR SS PAN - 10"""
STS,KCHCW,FRONTIER UL COL KETTLE
STS,KCHCW,FRONTIER UL COLLAPSI POUR POT
STS,KCHCW,FRONTIER UL COLLAPSIBLE POT 1L
STS,KCHCW,FRONTIER UL PAN - 8IN
STS,KCHCW,FRONTIER UL POT - 1.3L
STS,KCHCW,FRONTIER UL POT - 2L
STS,KCHCW,FRONTIER UL POT - 3L
STS,KCHCW KIT,CAMP KITCHEN TOOL KIT-10 PC
STS,KCHCW KIT,DETOUR SS ONE POT COOK SET
STS,KCHCW KIT,FRONTIER UL 1 POT COOK SET 3PC
STS,KCHCW KIT,FRONTIER UL 1 POT COOK SET 5PC
STS,KCHCW KIT,FRONTIER UL COL KTL COOK SET
STS,KCHCW KIT,FRONTIER UL CUTLERY SET 3PC
STS,KCHCW KIT,FRONTIER UL ONE POT COOK SET
STS,KCHCW KIT,FRONTIER UL TWO POT COOK SET
STS,KCHCW KIT,PASSAGE DINNERWARE SET
STS,KCHCWKIT,DETOUR ESSENT. CAMP KITCHEN KI
STS,KCHMSC,FRONTIER UL SPORK - SHORT
STS,KCHSNK,KITCHEN SINK
STS,KCHSNK,UL-SIL KITCHEN SINK 10LTR
STS,KCHTW BWL,DETOUR SS COLLAPSIBLE BOWL LG
STS,KCHTW BWL,DETOUR SS COLLAPSIBLE BOWL MED
STS,KCHTW BWL,DETOUR SS PLATE MED
STS,KCHTW BWL,FRONTIER UL COLLAPSIBLE BOWL L
STS,KCHTW BWL,FRONTIER UL COLLAPSIBLE BOWL M
STS,KCHTW BWL,HORIZON BOWL
STS,KCHTW BWL,PASSAGE BOWL - LARGE
STS,KCHTW BWL,PASSAGE BOWL - MED
STS,KCHTW BWL,PASSAGE BOWL - SMALL
STS,KCHTW CUT,CAMP CUTLERY FORK
STS,KCHTW CUT,CAMP CUTLERY KNIFE
STS,KCHTW CUT,CAMP CUTLERY SET [3 PIECE]
STS,KCHTW CUT,CAMP CUTLERY SPOON
STS,KCHTW CUT,CAMP CUTLERY SPORK
STS,KCHTW CUT,CAMP CUTLERY TEA SPOON
STS,KCHTW CUT,CAMP KIT FOLDING SERVING SPOON
STS,KCHTW CUT,CAMP KITCHEN FOLDING SPATULA
STS,KCHTW CUT,DETOUR SS CHOPSTICKS
STS,KCHTW CUT,DETOUR SS CUTLERY SET 1PERSON
STS,KCHTW CUT,DETOUR SS CUTLERY SET 2PERSON
STS,KCHTW CUT,DETOUR SS KITCHEN KNIFE
STS,KCHTW CUT,DETOUR SS PARING KNIFE
STS,KCHTW CUT,FRONTIER UL LONG HANDLE SPOON
STS,KCHTW CUT,FRONTIER UL LONG HANDLE SPORK
STS,KCHTW CUT,FRONTIER UL SPORK
STS,KCHTW CUT,HORIZON CUTLERY SET [2 PIECE]
STS,KCHTW KIT,CAMP CUTLERY 3-PIECE SET
STS,KCHTW KIT,HORIZON DINNERWARE SET[6 PIECE
STS,KCHTW KIT,PASSAGE CUTLERY SET - 2 PIECE
STS,KCHTW KIT,PASSAGE CUTLERY SET - 3 PIECE
STS,KCHTW KIT,UL CUTLERY SET-SPOON & FORK
STS,KCHTW PLT,PASSAGE PLATE
STS,KCHTWBWL,CAMP BOWL
STS,KCHTWCUT,DETOUR SS UTENSIL SET [4 PIECE
STS,KCHTWKIT,CAMP DINNER SET W SACK[6 PIECE
STS,KCHTWKIT,DETOUR SS COLLAPSE DINNER SET
STS,KCHTWKIT,FRONTIER UL COLLAPSE DINNER SE
STS,KCHTWPLT,CAMP PLATE
STS,KCHTWPLT,HORIZON PLATE
STS,KITTW CUT,UL CUTLERY SET-SPORK & KNIFE
STS,PAKACS,ULTRA-SIL PACKLINERS 70L
STS,PAKCOV,ULTRA-SIL PACK COVER - 15-30L
STS,PAKCOV,ULTRA-SIL PACK COVER - 30-50L
STS,PAKCOV,ULTRA-SIL PACK COVER - 50-70L
STS,PAKCOV,ULTRA-SIL PACK COVER - 70-95L
STS,PAKDAY,ULTRA-SIL SHOPPING BAG
STS,RIVDRY,TRASH DRY BAG
STS,RPRBUK,"FRB 1"" LADDERLOCK 1 PIN"
STS,RPRBUK,"FRB 1"" SIDE RELEASE 1 PIN"
STS,RPRBUK,"FRB 1"" SIDE RELEASE 2 PIN"
STS,RPRBUK,"FRB 1.5"" SIDE RELEASE 1 PIN"
STS,RPRBUK,"FRB 1.5"" SIDE RELEASE 2 PIN"
STS,RPRBUK,"FRB 2"" LADDERLOCK SR 2"
STS,RPRBUK,"FRB 2"" SIDE RELEASE 1 PIN"
STS,RPRBUK,"FRB 2"" SIDE RELEASE 2 PIN"
STS,RPRBUK,"FRB 3/4"" LADDERLOCK 1 PIN"
STS,RPRBUK,"FRB 3/4"" LADDERLOCK SR 2"
STS,RPRBUK,"FRB 3/4"" SIDE RELEASE 1 PIN"
STS,RPRBUK,"FRB 3/4"" SIDE RELEASE 2 PIN"
STS,RPRBUK,"FRB 5/8"" LADDERLOCK 1 PIN"
STS,RPRBUK,"FRB 5/8"" SIDE RELEASE 1 PIN"
STS,RPRBUK,"FRB 5/8"" SIDE RELEASE 2 PIN"
STS,RPRPAT,MAT REPAIR KIT
STS,RVRDRY,BIG RIVER DRY BAG 13L
STS,RVRDRY,BIG RIVER DRY BAG 20L
STS,RVRDRY,BIG RIVER DRY BAG 35L
STS,RVRDRY,BIG RIVER DRY BAG 5L
STS,RVRDRY,BIG RIVER DRY BAG 65L
STS,RVRDRY,BIG RIVER DRY BAG 8L
STS,RVRDRY,DRY BAG SLING
STS,RVRDRY,EVAC CMP DB 13L
STS,RVRDRY,EVAC CMP DB 20L
STS,RVRDRY,EVAC CMP DB 35L
STS,RVRDRY,EVAC CMP DB 5L
STS,RVRDRY,EVAC CMP DB 8L
STS,RVRDRY,EVAC CMP DB HD 13L
STS,RVRDRY,EVAC CMP DB HD 20L
STS,RVRDRY,EVAC CMP DB HD 8L
STS,RVRDRY,EVAC CMP DB UL 3L
STS,RVRDRY,EVAC DRY SACK 13L
STS,RVRDRY,EVAC DRY SACK 20L
STS,RVRDRY,EVAC DRY SACK 35L
STS,RVRDRY,LIGHTWEIGHT DRY BAG 13L
STS,RVRDRY,LIGHTWEIGHT DRY BAG 3L
STS,RVRDRY,LIGHTWEIGHT DRY BAG 5L
STS,RVRDRY,LIGHTWEIGHT DRY BAG 8L
STS,RVRDRY,LW S.S. 13L
STS,RVRDRY,LW S.S. 20L
STS,RVRDRY,LW S.S. 30L
STS,RVRDRY,LW S.S. 5L
STS,RVRDRY,LW S.S. 8L
STS,RVRDRY,"LW S.S. SET-3,5,8 L"
STS,RVRDRY,"LW S.S. SET-5,8,13 L"
STS,RVRDRY,TRASH DRY SACK 10L
STS,RVRDRY,UL-SIL DRY SACK 13L
STS,RVRDRY,UL-SIL DRY SACK 20L
STS,RVRDRY,ULTRA-SIL DRY BAG 3L
STS,RVRDRY,ULTRA-SIL DRY BAG 5L
STS,RVRDRY,ULTRA-SIL DRY BAG 8L
STS,RVRDRY,ULTRA-SIL NANO DRY SACK 13L
STS,RVRDRY,ULTRA-SIL NANO DRY SACK 35L
STS,RVRDRYPAK,BIG RIVER DRY BACKPACK 50L-MED
STS,RVRDRYPAK,BIG RIVER DRY BACKPACK-30L
STS,RVRDRYPAK,ULTRA-SIL DRY DAY PACK
STS,RVRMSC,TPU WP GUIDE MAP CASE
STS,RVRPCH,TPU GUIDE WP PHONE CASE
STS,RVRSS,ULTRA-SIL STUF SK SET-5 8 13L
STS,RVRSS,ULTRA-SIL STUFF SACK 5L
STS,SACSTF,LW COMPRESSION SACK 13L
STS,SACSTF,LW COMPRESSION SACK 20L
STS,SACSTF,LW COMPRESSION SACK 35L
STS,SACSTF,LW COMPRESSION SACK 5L
STS,SACSTF,LW COMPRESSION SACK 8L
STS,SACSTF,"MESH STUFF SACK SET-3,5,8 L"
STS,SACSTF,"MESH STUFF SACK SET-5,8,13 L"
STS,SACSTF,UL-SIL COMP DRY SACK 3.3L
STS,SACSTF,UL-SIL COMP SACK 6L
STS,SACSTF,ULTRA-SIL COMP SACK 13 L
STS,SACSTF,ULTRA-SIL COMP SACK 20 L
STS,SACSTF,ULTRA-SIL COMP SACK 35 L
STS,SACSTF,ULTRA-SIL STUFF SACK 13L
STS,SACSTF,ULTRA-SIL STUFF SACK 20L
STS,SACSTF,ULTRA-SIL STUFF SACK 3L
STS,SACSTF,ULTRA-SIL STUFF SACK 8L
STS,SLPACS,MAT COUPLER KIT
STS,SLPBAG,BOAB SYNTH SLP BAG 30F|-1C
STS,SLPBAG,HAMELIN SYNTH SLP BAG 30F|-1C
STS,SLPBAG,RACTR EX SLP BAG LNR-MMY W DC
STS,SLPBAG,RACTR FLC SLP BAG LNR-MMY W DC
STS,SLPBAG,RACTR SLP BAG LNR-MMY W DC
STS,SLPBAG,SILK BLEND LINER
STS,SLPBAG,SILK BLEND SLP BAG LNR W SLV
STS,SLPBAG,TPU GUIDE WP PHONE CASE
STS,SLPBAGLIN,BREEZE LNR W DRAWCORD -MMY
STS,SLPBAGLIN,BREEZE LW LNR W SLV -RECT
STS,SLPBAGLIN,BREEZE SB LNR-MMY W/ DRAWCD
STS,SLPBAGLIN,RACTR MW LNR -MMY
STS,SLPBAGLIN,SILK BLEND LNR -MMY
STS,SLPPAD,CAMP PLUS SELF INFL. PAD
STS,SLPPAD,CAMP SELF INFL. PAD
STS,SLPPAD,COMFORT DLX SELF INFL. PAD
STS,SLPPAD,COMFORT LT INS. PAD
STS,SLPPAD,ETHER LIGHT XR INS. PAD
STS,SLPPAD,PURSUIT PLUS SELF INFL. PAD
STS,SLPPAD,PURSUIT SELF INFL. PAD
STS,SLPPAD,UL INSULATED PAD
STS,SLPPAD,UL PAD
STS,SLPPAD,UL XR INS. PAD
STS,SLPPAD,W'S COMFORT LT INS. PAD
STS,SLPPIL,AEROS DOWN P
STS,SLPPIL,AEROS PILLOW PREMIUM DELUXE
STS,SLPPIL,AEROS PREMIUM CAMP PILLOW
STS,SLPPIL,AEROS PREMIUM P
STS,SLPPIL,AEROS UL P
STS,SLPPIL,AEROS ULTRALIGHT CAMP PILLOW
STS,SLPPIL,FOAM CORE P
STS,SLPPIL,FOAMCORE PILLOW  - LARGE
STS,SLPPIL,FOAMCORE PILLOW - DELUXE
STS,SLPPIL,FOAMCORE PILLOW - LARGE
STS,SLPPIL,FOAMCORE PILLOW - REGULAR
STS,SLPPIL,MEMORY LUX P
STS,SLPPMP,AIR STREAM PUMP DRY SACK
STS,TLTBAG,HANGING TOILETRY BAG LG
STS,TLTBAG,HANGING TOILETRY BAG SM
STS,TLTBAG,ULTRA-SIL OUTHOUSE
STS,TLTBUGNET,MOSQUITO HEAD NET
STS,TLTBUGNET,MOSQUITO HEAD NET W/INSECT SHI
STS,TLTBUGNET,ULTRA-FINE MESH HEADNET
STS,TLTCRPTOL,POCKET TROWEL ALLOY
STS,TLTCRPTOL,POCKET TROWEL NYLON 66
STS,TLTSOP,CONDITIONING SHAMPOO
STS,TLTSOP,LIQUID BODY WASH
STS,TLTSOP,POCKET BODY WASH
STS,TLTSOP,POCKET COND. SHAMPOO
STS,TLTSOP,POCKET HAND WASH
STS,TLTSOP,POCKET WILDERNESS WASH
STS,TLTSOP,WILDERNESS WASH 1.6OZ
STS,TLTSOP,WILDERNESS WASH 250ML
STS,TLTSOP,WILDERNESS WASH 3.3OZ
STS,TLTSWR,POCKET SHOWER 10L
STS,TLTWIP,WILDERNESS WIPES COMPACT 12CT
STS,TLTWIP,WILDERNESS WIPES COMPACT 36CT
STS,TLTWIP,WILDERNESS WIPES COMPACT 8CT
STS,TNTACS,LITELINE CLOTHESLINE
STS,TNTBP 1P,ALTO TR1
STS,TNTBP 2P,ALTO TR2
STS,TNTBP 2P,ALTO TR2 PLUS
STS,TNTBP 2P,IKOS TR2 TENT
STS,TNTBP 2P,TELOS TR2
STS,TNTBP 2P,TELOS TR2 PLUS
STS,TNTBP 3P,TELOS TR3
STS,TNTSTK,GRND CONTROL TENT PEGS W BAG
STS,TNTSTK,GROUND CONTROL LIGHT TENT PEGS
STS,TNTSTK,GROUND CONTROL TENT PEGS
STS,TRVACS,CARD HOLDER RFID
STS,TRVACS,EYE SHADES
STS,TRVACS,NECK POUCH RFID
STS,TRVACS,NECK WALLET RFID
STS,TRVACS,TRAVEL WALLET RFID
STS,WTRCONHRD,FOLDING BUCKET 20L
STS,WTRCONRES,WATERCELL X
STS,WTRCONRES,WATERCELL X 10L
STS,WTRCONRES,WATERCELL X 20L
STS,WTRCONRES,WATERCELL X 4L
STS,WTRCONRES,WATERCELL X 6L
STS,XXX,CAMP PLUS SI SLEEP MAT
STS,XXX,TPU CLEAR ZIP POUCH TSA SIZE -
SUNCLD,EYESUN,AFFECT
SUNCLD,EYESUN,ASTORIA
SUNCLD,EYESUN,BARNES
SUNCLD,EYESUN,BEVERLY
SUNCLD,EYESUN,BOONE
SUNCLD,EYESUN,BOUNDARY
SUNCLD,EYESUN,CADENCE
SUNCLD,EYESUN,DANA
SUNCLD,EYESUN,DOMAIN
SUNCLD,EYESUN,HARD DECK
SUNCLD,EYESUN,HOOKSET
SUNCLD,EYESUN,HULL
SUNCLD,EYESUN,LANE
SUNCLD,EYESUN,LOVESEAT
SUNCLD,EYESUN,LOW KEY
SUNCLD,EYESUN,LOWKEY
SUNCLD,EYESUN,MARION
SUNCLD,EYESUN,MAYOR
SUNCLD,EYESUN,MAYOR SC
SUNCLD,EYESUN,METRIC
SUNCLD,EYESUN,MILESTONE
SUNCLD,EYESUN,OPERATOR'S CHOICE ELITE
SUNCLD,EYESUN,PAYBACK
SUNCLD,EYESUN,QUIVER
SUNCLD,EYESUN,RAMBLER
SUNCLD,EYESUN,RAMBLER LITE
SUNCLD,EYESUN,SANDY
SUNCLD,EYESUN,SANDY MY ICE TRT/PLR
SUNCLD,EYESUN,SASHAY
SUNCLD,EYESUN,SCULPIN
SUNCLD,EYESUN,SENTRY
SUNCLD,EYESUN,SENTRY SC
SUNCLD,EYESUN,TOPSAIL
SUNCLD,EYESUN,UPSHOT
SUNCLD,EYESUN,ZEPHYR
SUNCLD,EYESUN,ZEPHYR 1.50
SUNCLD,EYESUN,ZEPHYR 2.00
SUNCLD,EYESUN,ZEPHYR 2.50
SUNCLD,EYESUN,ZEPHYR SC
SUNCLD,XXX,AMPLIFY
SUNCLD,XXX,DOMAIN
SUNCO,ELTCP,7N1 SURVIVAL TOOL
SUNCO,ELTCP,ALTILINQ DASHBOARD
SUNCO,ELTCP,ALTIMETER 202
SUNCO,ELTCP,ALTIMETER 203
SUNCO,ELTCP,BRASS ZIP-O-GAGE
SUNCO,ELTCP,CYCLGAGE
SUNCO,ELTCP,HIKEHITCH 2
SUNCO,ELTCP,HIKELINQ II PEDOMETER
SUNCO,ELTCP,HIKELINQ PEDOMETER
SUNCO,ELTCP,LEV-O-GAUGE
SUNCO,ELTCP,LEV-O-GAUGE SR
SUNCO,ELTCP,LUMAGAGE
SUNCO,ELTCP,MAGNICOMP
SUNCO,ELTCP,MINICOMP II
SUNCO,ELTCP,SLIP-ON WRIST COMPASS
SUNCO,ELTCP,TEMPACOMP
SUNCO,ELTCP,THERM-O-COMPASS
SUNCO,ELTCP,THERM-O-COMPASS - NEON
SUNCO,ELTCP,TRIPLEWHISTLE
SUNCO,ELTCP,ZIPPER SNAPPER I
SUNDAY,CLAGLVMEN,RADIANT SUN SLEEVE
SUNDAY,CLAGLVMEN,UV SHIELD SUN SLEEVES
SUNDAY,CLAGLVMEN,UVSHIELD COOL GLOVES FNGRLESS
SUNDAY,CLAGLVMEN,UVSHIELD COOL W/HAND COVER
SUNDAY,CLAGLVMEN,UVSHIELD SUN GLOVES
SUNDAY,CLAHATCAP,AERIAL CAP
SUNDAY,CLAHATCAP,AERO VISOR
SUNDAY,CLAHATCAP,ARTIST COOLING TRUCKERS
SUNDAY,CLAHATCAP,ARTIST SERIES COOLING TRUCKERS
SUNDAY,CLAHATCAP,ARTIST SERIES PATCH TRUCKER
SUNDAY,CLAHATCAP,ARTIST SERIES TRUCKER
SUNDAY,CLAHATCAP,ARTIST SERIES TRUCKER CAP
SUNDAY,CLAHATCAP,ECLIPSE CAP
SUNDAY,CLAHATCAP,GARDEN VISOR
SUNDAY,CLAHATCAP,HALF DOME TRUCKER
SUNDAY,CLAHATCAP,IMPULSE CAP
SUNDAY,CLAHATCAP,K'S ARTIST SERIES COOLING TRU
SUNDAY,CLAHATCAP,K'S ARTIST SERIES TRUCKER
SUNDAY,CLAHATCAP,K'S DREAMING SKY TRUCKER
SUNDAY,CLAHATCAP,K'S FEEL GOOD TRUCKER
SUNDAY,CLAHATCAP,K'S FOREST FRIENDS TRUCKER
SUNDAY,CLAHATCAP,K'S NIGHT OWL TRUCKER
SUNDAY,CLAHATCAP,K'S RAINBOW TROUT TRUCKER
SUNDAY,CLAHATCAP,K'S TRUCKER HAT
SUNDAY,CLAHATCAP,MOUNTAIN TRUCKER
SUNDAY,CLAHATCAP,MYRIAD REFLECTIVE BEANIE
SUNDAY,CLAHATCAP,NIGHTFALL REFLECTIVE BEANIE
SUNDAY,CLAHATCAP,NW TRUCKER - ALPINE REFLECTION
SUNDAY,CLAHATCAP,NW TRUCKER - MOUNTAIN
SUNDAY,CLAHATCAP,NW TRUCKER - SHOREBREAK
SUNDAY,CLAHATCAP,NW TRUCKER - WOODLAND
SUNDAY,CLAHATCAP,RUSTIC OASIS TRUCKER
SUNDAY,CLAHATCAP,SIGNAL REFLECTIVE BEANIE
SUNDAY,CLAHATCAP,SPORT VISOR
SUNDAY,CLAHATCAP,SPRINTER CAP
SUNDAY,CLAHATCAP,SUN GUIDE CAP
SUNDAY,CLAHATCAP,SUNDAY LOPRO TRUCKER
SUNDAY,CLAHATCAP,ULTRA TRAIL CAP
SUNDAY,CLAHATCAP,VAPORLITE STRIDE CAP
SUNDAY,CLAHATCAP,Y'S ARTIST SERIES TRUCKER
SUNDAY,CLAHATCAP,Y'S NIGHTFALL REFLECTIVE BEANI
SUNDAY,CLAHATSUN,ADVENTURE HAT
SUNDAY,CLAHATSUN,APHELION HAT
SUNDAY,CLAHATSUN,ATHENA HAT
SUNDAY,CLAHATSUN,AVALON BUCKET
SUNDAY,CLAHATSUN,BACKDROP BOONIE
SUNDAY,CLAHATSUN,BAHAMA HAT
SUNDAY,CLAHATSUN,BEACH HAT
SUNDAY,CLAHATSUN,BOHO HAT
SUNDAY,CLAHATSUN,BRUSHLINE BUCKET
SUNDAY,CLAHATSUN,BUG-FREE CHARTER HAT
SUNDAY,CLAHATSUN,BUG-FREE CRUISER NET HAT
SUNDAY,CLAHATSUN,CAMDEN HAT
SUNDAY,CLAHATSUN,CARIBBEAN HAT
SUNDAY,CLAHATSUN,CHARTER BREEZE HAT
SUNDAY,CLAHATSUN,CHARTER ESCAPE HAT
SUNDAY,CLAHATSUN,CHARTER HAT
SUNDAY,CLAHATSUN,CLEAR CREEK BOONIE
SUNDAY,CLAHATSUN,CORONADO HAT
SUNDAY,CLAHATSUN,CRUISER HAT
SUNDAY,CLAHATSUN,DAYDREAM BUCKET
SUNDAY,CLAHATSUN,DREAMER HAT
SUNDAY,CLAHATSUN,EASY BREEZER HAT
SUNDAY,CLAHATSUN,EVERYSTORM CAP
SUNDAY,CLAHATSUN,FIELD HAT
SUNDAY,CLAHATSUN,FLASH CAP
SUNDAY,CLAHATSUN,HAVANA HAT
SUNDAY,CLAHATSUN,INFANT SUNFLIP CAP
SUNDAY,CLAHATSUN,INFANT SUNSKIPPER BUCKET
SUNDAY,CLAHATSUN,INFANT SUNSPROUT HAT
SUNDAY,CLAHATSUN,ISLANDER HAT
SUNDAY,CLAHATSUN,JASPER HAT
SUNDAY,CLAHATSUN,JOSLYN HAT
SUNDAY,CLAHATSUN,K'S ADVENTURE AHEAD
SUNDAY,CLAHATSUN,K'S CLEAR CREEK BOONIE
SUNDAY,CLAHATSUN,K'S DRIZZLE BUCKET
SUNDAY,CLAHATSUN,K'S FEEL GOOD BEANIE
SUNDAY,CLAHATSUN,K'S FUN BUCKET HAT
SUNDAY,CLAHATSUN,K'S IMPULSE CAP
SUNDAY,CLAHATSUN,K'S PLAY HAT
SUNDAY,CLAHATSUN,K'S RODEO HAT
SUNDAY,CLAHATSUN,K'S SUN GUARDIAN
SUNDAY,CLAHATSUN,K'S SUN GUARDIAN HAT
SUNDAY,CLAHATSUN,K'S SUN TRIPPER CAP
SUNDAY,CLAHATSUN,KAUAI HAT
SUNDAY,CLAHATSUN,KESTREL HAT
SUNDAY,CLAHATSUN,LANAI HAT
SUNDAY,CLAHATSUN,LATITUDE HAT
SUNDAY,CLAHATSUN,LEISURE HAT
SUNDAY,CLAHATSUN,LOTUS HAT
SUNDAY,CLAHATSUN,MONTANA HAT
SUNDAY,CLAHATSUN,MONTEGO
SUNDAY,CLAHATSUN,MONTEGO- COFFEE
SUNDAY,CLAHATSUN,NATURAL BLEND KETTLE
SUNDAY,CLAHATSUN,OUTBACK STORM HAT
SUNDAY,CLAHATSUN,PASSPORT HAT
SUNDAY,CLAHATSUN,PURSUIT CAP
SUNDAY,CLAHATSUN,QUINN HAT
SUNDAY,CLAHATSUN,ROWAN HAT
SUNDAY,CLAHATSUN,SHADE GODDESS HAT
SUNDAY,CLAHATSUN,SICILY VISOR
SUNDAY,CLAHATSUN,SIENA HAT
SUNDAY,CLAHATSUN,SOJOURN HAT
SUNDAY,CLAHATSUN,SOL SEEKER
SUNDAY,CLAHATSUN,SOLAR BUCKET
SUNDAY,CLAHATSUN,SOLAR CURTAIN
SUNDAY,CLAHATSUN,SPORT HAT
SUNDAY,CLAHATSUN,SPORT VISOR
SUNDAY,CLAHATSUN,SUN GUARDIAN HAT
SUNDAY,CLAHATSUN,SUN HAVEN
SUNDAY,CLAHATSUN,SUN SEEKER HAT
SUNDAY,CLAHATSUN,SUN TRIPPER CAP
SUNDAY,CLAHATSUN,SUNDANCER HAT
SUNDAY,CLAHATSUN,SUNSET HAT
SUNDAY,CLAHATSUN,SUNWARD BUCKET
SUNDAY,CLAHATSUN,SUNWARD RADAR
SUNDAY,CLAHATSUN,SUNWARD VISOR
SUNDAY,CLAHATSUN,TAYLOR HAT
SUNDAY,CLAHATSUN,TESSA HAT
SUNDAY,CLAHATSUN,TRAILHEAD BOONIE
SUNDAY,CLAHATSUN,TULUM HAT NATURAL
SUNDAY,CLAHATSUN,ULTRA ADVENTURE HAT
SUNDAY,CLAHATSUN,ULTRA ESCAPE BOONIE
SUNDAY,CLAHATSUN,ULTRA STORM BOONIE
SUNDAY,CLAHATSUN,ULTRA STORM BUCKET
SUNDAY,CLAHATSUN,UNWIND HAT
SUNDAY,CLAHATSUN,VAIL HAT
SUNDAY,CLAHATSUN,VALENCIA HAT
SUNDAY,CLAHATSUN,VALENCIA HAT NATURAL
SUNDAY,CLAHATSUN,VAPORLITE CAPE CAP
SUNDAY,CLAHATSUN,VENTURA HAT
SUNDAY,CLAHATSUN,VIVIAN HAT
SUNDAY,CLAHATSUN,VOYAGE HAT
SUNDAY,CLAHATSUN,WANDERLSUT FEDORA
SUNDAY,CLAHATSUN,WANDERLUST FEDORA
SUNDAY,CLAHATWNT,GLISSADE PONYTAIL BEANIE
SUNDAY,CLAHATWNT,K'S ARTIST SERIES BEANIE
SUNDAY,CLAHATWNT,K'S JUPITER BEANIE
SUNDAY,CLAHATWNT,K'S LODGEPOLE BEANIE
SUNDAY,CLAHATWNT,MERCURY BEANIE
SUNDAY,CLAHATWNT,NORTHERLY MERINO BEANIE
SUNDAY,CLAHATWNT,OUTBACK MERINO BEANIE
SUNDAY,CLAHATWNT,OVERTIME BEANIE
SUNDAY,CLAHATWNT,SNOWMELT MERINO BEANIE
SUNDAY,CLAHATWNT,STORYTELLER BEANIER
SUNMED,TLTBLM,ARNICA SALVE - 1 OZ
SUNMED,TLTBLM,CLIMBER'S CREEK SALVE - 1 OZ
SUNMED,TLTBLM,SKIN REPAIR SALVE - 1 OZ
SUNMED,TLTLIP,HEALING LIP BALM
SUPERF,FW ACSINS,AP HIGH ARCH - GREEN
SUPERF,FW ACSINS,AP HIGH ARCH - GREEN - WIDE
SUPERF,FW ACSINS,AP LOW ARCH - MF - COPPER
SUPERF,FW ACSINS,AP MEDIUM ARCH - BLUE
SUPERF,FW ACSINS,HIKE CUSHION
SUPERT,BOKCLI,RED ROCKS CLIMBING
SUPERT,BOKCLI,ZION CLIMBING
SW,CLABRAWMN,W'S ACTIVE CROP BRA
SW,CLABRAWMN,W'S INTRAKNIT RACERBACK BRA
SW,CLABRAWMN,W'S INTRAKNIT STRAPPY BRA
SW,CLABRAWMN,W'S MERINO BLEND BRALETTE
SW,CLABRAWMN,W'S PHD® SEAMLESS LONG BRA
SW,CLABRAWMN,W'S PHD® SLS STRAPPY BRA
SW,CLABUFWNT,MERINO NECK GAITER
SW,CLABUFWNT,REVERSIBLE NECK GA
SW,CLAGLVMEN,M'S COZY GLOVE
SW,CLAGLVMEN,M'S COZY GRIP FLIP MITT
SW,CLAGLVMEN,M'S COZY MITTEN
SW,CLAGLVMEN,M'S MERINO 150 GLOVE
SW,CLAGLVUNI,LINER GLOVE
SW,CLAGLVUNI,MERINO GLOVE
SW,CLAGLVWMN,W'S NTS MID 250 GLOVE
SW,CLAHATWNT,ACTIVE BEANIE
SW,CLAHATWNT,CANTAR COLORBLOCK BEANIE
SW,CLAHATWNT,CREEK RUN BEANIE
SW,CLAHATWNT,ISTO RETRO BEANIE
SW,CLAHATWNT,K'S MANUAL PRINT BNIE
SW,CLAHATWNT,K'S SMARTWOOL LOGO BEANIE
SW,CLAHATWNT,K'S SMARTWOOL PATCH BEANIE
SW,CLAHATWNT,M'S 250 PTRN CUFFED BEANIE
SW,CLAHATWNT,M250 PTRN RVS HDBND
SW,CLAHATWNT,MERINO 250 NECK GAITER
SW,CLAHATWNT,MERINO BEANIE
SW,CLAHATWNT,MURPHY'S POINT HAT
SW,CLAHATWNT,NTS MID 250 CUFFED BEANIE
SW,CLAHATWNT,NTS MID 250 REVERSIBLE PATN
SW,CLAHATWNT,POWDER PASS BEANIE
SW,CLAHATWNT,RIB HAT
SW,CLAHATWNT,SMARTWOOL PATCH BEANIE
SW,CLAHATWNT,TEXTURED LID
SW,CLAHATWNT,THE LID
SW,CLAHATWNT,W'S MARBLE RIDGE HAT
SW,CLAUNDMEN,M'S ACTIVE BB BOXED
SW,CLAUNDMEN,M'S BOXER BRIEF BOXED
SW,CLAUNDMEN,M'S MERINO BB BOXED
SW,CLAUNDMEN,M'S MERINO PRINT BB BOXED
SW,CLAUNDWMN,W'S EVERYDAY MERINO BIKINI BOX
SW,CLAUNDWMN,W'S EVERYDAY MERINO THONG BOXE
SW,CLAUNDWMN,W'S INTRAKNIT BIKINI BOXED
SW,CLAUNDWMN,W'S INTRAKNIT HIPSTER BOXED
SW,CLAUNDWMN,W'S MERINO BIKINI BOXED
SW,CLOBLBMEN,M'S CLASSIC MERINO BL BOTTOM
SW,CLOBLBMEN,M'S CLASSIC THERMAL BL BOTTOM
SW,CLOBLBMEN,M'S CLSC THRM MERINO BL BOTTOM
SW,CLOBLBMEN,M'S INTRAKNIT MERINO BOTTOM
SW,CLOBLBMEN,M'S MERINO 150 BOTTOM
SW,CLOBLBMEN,M'S MERINO 250 BOTTOM
SW,CLOBLBMEN,M'S NTS MID 250 BOTTOM
SW,CLOBLBWMN,W'S CLASSIC BASE LAYER BOTTOM
SW,CLOBLBWMN,W'S CLASSIC MERINO BL BOTTOM
SW,CLOBLBWMN,W'S CLASSIC THERMAL BL BOTTOM
SW,CLOBLBWMN,W'S MERINO 250 BOTTOM
SW,CLOBLBWMN,W'S MERINO BL BOTTOM
SW,CLOBLBWMN,W'S MERINO SPORT FLEECE TIGHT
SW,CLOBLTMEN,M'S 150 BL SS
SW,CLOBLTMEN,M'S CLASSIC 1/4 ZIP
SW,CLOBLTMEN,M'S CLASSIC ALL-SEASON MERINO
SW,CLOBLTMEN,M'S CLASSIC BASE LAYER BTM
SW,CLOBLTMEN,M'S CLASSIC BASE LAYER CRW
SW,CLOBLTMEN,M'S CLASSIC BASE LAYER LS
SW,CLOBLTMEN,M'S CLASSIC MERINO BL LS
SW,CLOBLTMEN,M'S INTRAKNIT MERINO 200 CREW
SW,CLOBLTMEN,M'S INTRAKNIT MERINO TOP
SW,CLOBLTMEN,M'S MERINO 150 L/S
SW,CLOBLTMEN,M'S MERINO 150 PATN TEE
SW,CLOBLTMEN,M'S MERINO 150 SHORT SLEEVE
SW,CLOBLTMEN,M'S MERINO 250 BASELAYER CREW
SW,CLOBLTMEN,M'S MERINO 250 BL 1/4 ZIP
SW,CLOBLTMEN,M'S MERINO 250 BL CREW
SW,CLOBLTMEN,M'S MERINO 250 CREW
SW,CLOBLTMEN,M'S MERINO 250 QZ
SW,CLOBLTMEN,M'S MERINO SPORT 150 SMG TEE
SW,CLOBLTMEN,M'S MERINO SPORT 150 TEE
SW,CLOBLTMEN,M'S MERINO SPORT 150 VDG TEE
SW,CLOBLTMEN,M'S MERINO SS TEE
SW,CLOBLTMEN,M'S NTS 250 PATN ZIP T
SW,CLOBLTMEN,M'S NTS MID 250 ZIP TEE
SW,CLOBLTMEN,M'S PERFECT CREW SS
SW,CLOBLTMEN,M'S SMARTLOFT VEST
SW,CLOBLTWMN,W'S 150 BL L/S
SW,CLOBLTWMN,W'S 250 BL 1/4 ZIP
SW,CLOBLTWMN,W'S CLASSIC 1/4 ZIP
SW,CLOBLTWMN,W'S CLASSIC AS MERINO BL CREW
SW,CLOBLTWMN,W'S CLASSIC BASE LAYER CRW
SW,CLOBLTWMN,W'S CLASSIC BASE LAYER L/S PLU
SW,CLOBLTWMN,W'S CLASSIC MERINO BL L/S
SW,CLOBLTWMN,W'S INTRAKNIT MERINO TOP
SW,CLOBLTWMN,W'S MERINO 150 BASELAYER LS
SW,CLOBLTWMN,W'S MERINO 150 BL SS
SW,CLOBLTWMN,W'S MERINO 150 PATN BF TEE
SW,CLOBLTWMN,W'S MERINO 250 1/4 ZIP
SW,CLOBLTWMN,W'S MERINO 250 CREW
SW,CLOBLTWMN,W'S MERINO BL CREW
SW,CLOBLTWMN,W'S MERINO BL CREW+
SW,CLOBLTWMN,W'S MERINO S/S
SW,CLOBLTWMN,W'S MERINO S/S TEE PLUS
SW,CLOBLTWMN,W'S MERINO SS TEE
SW,CLOBLTWMN,W'S THERMAL BL PTRN CREW
SW,CLOHDYMEN,M'S 150 HOODIE
SW,CLOHDYMEN,M'S ACTIVE HDY
SW,CLOHDYMEN,M'S ACTIVE MESH HDY
SW,CLOHDYMEN,M'S HDY
SW,CLOHDYMEN,M'S INTRAKNIT 200 HOODIE
SW,CLOHDYMEN,M'S MERINO 250 BL HOODY
SW,CLOHDYWMN,W'S 120 HOODIE
SW,CLOHDYWMN,W'S 150 HOODY
SW,CLOHDYWMN,W'S ACTIVE HOODIE
SW,CLOHDYWMN,W'S ACTIVE ULTRALITE HDY
SW,CLOHDYWMN,W'S CLSC THRM MERINO BL HZ HDY
SW,CLOHDYWMN,W'S MERINO 250 HOODY
SW,CLOHDYWMN,W'S PHD® LIGHT HOODY
SW,CLOHDYWMN,W'S UPTEMPO FZ HDY
SW,CLOJKTMEN,M'S CORBET 120 JACKET
SW,CLOJKTMEN,M'S SECOND CUT FLEECE JKT
SW,CLOJKTMEN,M'S SMARTLOFT 120 JACKET
SW,CLOJKTWMN,W'S SECOND CUT FLEECE JKT
SW,CLOJKTWMN,W'S SMARTLOFT 60 HOODIE FZ
SW,CLOLEGWMN,W'S ACTIVE 7/8 LEGGING
SW,CLOLEGWMN,W'S ACTIVE LEGGING
SW,CLOLEGWMN,W'S ACTIVE PRINTED 7/8 LEGGING
SW,CLOLSTWMN,W'S MTN BK. 3Q SLV. JRSY
SW,CLOLSTWMN,W'S MTN BK. SS JRSY
SW,CLOLSWMEN,M'S CLSC THRM MERINO BL CREW
SW,CLOLSWMEN,M'S CLSC THRM MERINO BL QZ
SW,CLOLSWWMN,W'S CLSC ALL-SEASON MERINO BL
SW,CLOLSWWMN,W'S CLSC THRM MERINO BL CREW
SW,CLOLSWWMN,W'S CLSC THRM MERINO BL QZ
SW,CLOSHOMEN,"M'S 10"" SHORT"
SW,CLOSHOMEN,"M'S 8"" SHORT"
SW,CLOSHOMEN,"M'S ACTIVE LINED 7"" SHORT"
SW,CLOSHOMEN,M'S ACTIVE LINED 7'' SHORT
SW,CLOSHOMEN,"M'S ACTIVE LINED 8"" SHORT"
SW,CLOSHOMEN,"M'S MERINO 7"" CARGO HIKE SHORT"
SW,CLOSHOWMN,"W'S 4"" HIKE SHORT"
SW,CLOSHOWMN,W'S ACTIVE BIKER SHORT
SW,CLOSHOWMN,"W'S ACTIVE LINED 4"" SHORT"
SW,CLOSHOWMN,W'S ACTIVE LINED SHORT
SW,CLOSHOWMN,W'S HIKE SHORT
SW,CLOSHOWMN,"W'S MERINO 4"" HIKE SHORT"
SW,CLOSHOWMN,W’S INTRAKNIT ACTIVE SHORT
SW,CLOSNHMEN,M'S MERINO SUN HOODIE
SW,CLOSNHWMN,W'S MERINO SUN HOODIE
SW,CLOSSTMEN,M'S 14R ACTIVE SS GRAPHIC T
SW,CLOSSTMEN,M'S ACTIVE MESH SS
SW,CLOSSTMEN,M'S ACTIVE SS
SW,CLOSSTMEN,M'S ACTIVE UL SS
SW,CLOSSTMEN,M'S ACTIVE ULTRALITE SS
SW,CLOSSTMEN,M'S BEAR ATTACK GRAPHIC SS
SW,CLOSSTMEN,M'S BEAR VIEW SS GRAPHIC TEE
SW,CLOSSTMEN,M'S FOREST FINDS GRAPHIC SS
SW,CLOSSTMEN,M'S MERINO SS TEE
SW,CLOSSTMEN,M'S MTN BK SS JRSY
SW,CLOSSTMEN,M'S NEVER SUMMER GRAPHIC S/S
SW,CLOSSTMEN,M'S NIGHT CAMP SS GRAPHIC TEE
SW,CLOSSTMEN,M'S NIGHTFALL GRAPHIC S/S
SW,CLOSSTMEN,M'S PERFECT CREW SS TEE
SW,CLOSSTMEN,M'S S/S TEE
SW,CLOSSTMEN,M'S VITAL PEAKS ACT SS GRAPHIC
SW,CLOSSTWMN,W'S ACTIVE S/S
SW,CLOSSTWMN,W'S ACTIVE ULTRALITE S/S
SW,CLOSSTWMN,W'S ACTIVE ULTRALITE SS
SW,CLOSSTWMN,W'S ACTIVE ULTRALITE V-NECK SS
SW,CLOSSTWMN,W'S EVERYDAY EXPL SLUB SS
SW,CLOSSTWMN,W'S GUARDIAN SKIES S/S
SW,CLOSSTWMN,W'S HORIZON VIEW SS GRAPHIC TE
SW,CLOSSTWMN,W'S MTN BK. SS JRSY
SW,CLOSSTWMN,W'S PERFECT CREW SS TEE
SW,CLOSSTWMN,W'S PERFECT V-NECK S/S
SW,CLOSSTWMN,W'S SS SWING TOP
SW,CLOTNKWMN,W'S 150 LACE TANK
SW,CLOTNKWMN,W'S ACTIVE MESH HIGH NECK TANK
SW,CLOTNKWMN,W'S ACTIVE MESH RACERBACK TANK
SW,CLOTNKWMN,W'S ACTIVE TANK
SW,CLOTNKWMN,W'S ACTIVE ULTRALITE HN TANK
SW,CLOTNKWMN,W'S ACTIVE ULTRALITE TANK
SW,CLOTNKWMN,W'S EVERYDAY EXPL SLUB TANK
SW,CLOTNKWMN,W'S MERINO 150 PATN TANK
SW,CLOTNKWMN,W'S MORNING VIEW TANK
SW,CLOTNKWMN,W'S MS 150 MTN MORNING TANK
SW,CLOWMNBL,W'S CLASSIC BASE LAYER L/S
SW,CLOWMNBL,W'S MERINO 250 BL BTTM
SW,HATACS,MERINO 150 NECK GAITER
SW,HATACS,MERINO 150 PATTERN NECK GAITER
SW,SOK1/4MEN,M'S HIKE LC MID CREW
SW,SOK1/4UNI,U'S HIKE LC ANKLE
SW,SOK1/4UNI,U'S HIKE LC CREW
SW,SOK1/4UNI,U'S HIKE TC ANKLE
SW,SOK1/4UNI,U'S RUN ZC ANKLE
SW,SOK3/4MEN,U'S PHD® RUN CLD WTHR MID CREW
SW,SOK3/4UNI,U'S RUN TC MID CREW
SW,SOK3/4UNI,U'S RUN ZC MID CREW
SW,SOK3/4WMN,W'S HIKE LC MID CREW
SW,SOK3/4WMN,W'S HIKE TC MID CREW
SW,SOK3/4WMN,W'S RUN ZC MID CREW
SW,SOKCRWMEN,M'S HIKE LC MTN RANGE CREW
SW,SOKCRWMEN,U'S HIKE LC MID CREW
SW,SOKCRWMEN,U'S HIKE LINER CREW
SW,SOKCRWMEN,U'S HIKE TC MID CREW
SW,SOKCRWMEN,U'S MARGARITA CREW
SW,SOKCRWMEN,U'S MOUNTAINEER MAXIMUM CREW
SW,SOKCRWMEN,U'S MTNEER MAX CUSHION TCRW
SW,SOKCRWMEN,U'S RUN EC MID CREW
SW,SOKCRWMEN,U'S RUN ZC MID CREW
SW,SOKCRWMEN,U'S TRAIL RUN CREW
SW,SOKCRWMEN,U'S TRAIL RUN TC CREW
SW,SOKCRWUNI,M'S HIKE FC LOLO TRAIL CREW
SW,SOKCRWUNI,M'S HIKE TC CREW
SW,SOKCRWUNI,U'S ATHLETE RUN CREW
SW,SOKCRWUNI,U'S ATHLETE RUN TRL CREW
SW,SOKCRWUNI,U'S BIKE ZC CREW
SW,SOKCRWUNI,U'S CYCLE ZC CRW
SW,SOKCRWUNI,U'S HIKE CLASSIC FC CREW
SW,SOKCRWUNI,U'S HIKE LC CREW
SW,SOKCRWWMN,W'S ATHLETE CREW
SW,SOKCRWWMN,W'S CYCLE ZC MTN PRINT CRW
SW,SOKCRWWMN,W'S EVERYDAY PALM CREW
SW,SOKCRWWMN,W'S HIKE CLASSIC FC CREW
SW,SOKCRWWMN,W'S HIKE FC ALP PERCH CRW
SW,SOKCRWWMN,W'S HIKE FC CREW
SW,SOKCRWWMN,W'S HIKE FC CRW
SW,SOKCRWWMN,W'S HIKE FC STRN CRW
SW,SOKCRWWMN,W'S HIKE LC CREW
SW,SOKCRWWMN,W'S HIKE LC HOO WHO CREW
SW,SOKCRWWMN,W'S HIKE LC MARGARITA CREW
SW,SOKCRWWMN,W'S HIKE LC MTN MOON CREW
SW,SOKCRWWMN,W'S HIKE LC SQUIRRELY CREW
SW,SOKCRWWMN,W'S HIKE LC TUBE STRIPE CREW
SW,SOKCRWWMN,W'S HIKE TC ANKLE
SW,SOKCRWWMN,W'S HIKE TC CREW
SW,SOKCRWWMN,W'S MARGARITA CREW
SW,SOKCRWWMN,W'S RUN ZC LOW ANKLE
SW,SOKCRWWMN,W'S TRAIL RUN SUNSET CREW
SW,SOKCRWWMN,W’S ATHLETE RUN CREW
SW,SOKCRWYTH,K'S HIKE FC CREW
SW,SOKCRWYTH,K'S HIKE LC CREW
SW,SOKLOWMEN,M'S HIKE LC ANKLE
SW,SOKLOWMEN,U'S HIKE LC LOW ANKLE
SW,SOKLOWMEN,U'S PHD CYCLE UL PTN MICRO
SW,SOKLOWMEN,U'S PHD CYCLE UL PTN MINI
SW,SOKLOWMEN,U'S PHD RUN UL MICRO
SW,SOKLOWMEN,U'S PHD RUN UL PTN LOW CUT
SW,SOKLOWMEN,U'S PHD RUN ULTRA LC MICRO
SW,SOKLOWMEN,U'S PHD RUN ULTRA LC PTN MICRO
SW,SOKLOWMEN,U'S RUN LOW ANKLE
SW,SOKLOWMEN,U'S RUN TC ANKL
SW,SOKLOWMEN,U'S RUN TC ANKLE
SW,SOKLOWMEN,U'S RUN TRGT CUSHION LOW
SW,SOKLOWMEN,U'S RUN ZC LOW ANKLE
SW,SOKLOWMEN,U'S RUN ZC PTRN ANKL
SW,SOKLOWUNI,HIKE LC ANKLE
SW,SOKLOWUNI,M'S HIKE LC ANKLE
SW,SOKLOWUNI,M'S HIKE LC PATTERN ANKLE
SW,SOKLOWUNI,RUN TC LOW ANKLE
SW,SOKLOWUNI,U'S ATHLETIC ANKLE 2 PACK
SW,SOKLOWUNI,U'S ATHLETIC LOW ANKLE 2 PACK
SW,SOKLOWUNI,U'S CYCLE ZERO ANKLE
SW,SOKLOWUNI,U'S HIKE CLASSIC EC CREW
SW,SOKLOWUNI,U'S HIKE CLASSIC LC CREW
SW,SOKLOWUNI,U'S HIKE FC CREW
SW,SOKLOWUNI,U'S HIKE FC CRW
SW,SOKLOWUNI,U'S HIKE TC CREW
SW,SOKLOWUNI,U'S PHD RUN LC ELITE LOW CUT
SW,SOKLOWUNI,U'S RUN ANKLE
SW,SOKLOWUNI,U'S RUN ZC LOW ANKLE
SW,SOKLOWWMN,W'S CYCLE ZC ANKLE
SW,SOKLOWWMN,W'S CYCLE ZC LOW ANKLE
SW,SOKLOWWMN,W'S HIKE CLASSIC LC ANKLE
SW,SOKLOWWMN,W'S HIKE LC ANKLE
SW,SOKLOWWMN,W'S HIKE LC LOW ANKLE
SW,SOKLOWWMN,W'S HIKE LC MARGARITA ANKLE
SW,SOKLOWWMN,W'S HIKE LC STITCH MCRW
SW,SOKLOWWMN,W'S HIKE LT LOW ANKLE
SW,SOKLOWWMN,W'S HIKE TC ANKLE
SW,SOKLOWWMN,W'S PHD CYCLE UL MINI
SW,SOKLOWWMN,W'S PHD RUN LIGHT ELITE LC ANK
SW,SOKLOWWMN,W'S PHD RUN UL MICRO
SW,SOKLOWWMN,W'S RUN ANKLE
SW,SOKLOWWMN,W'S RUN BRUSHED LOW ANKLE
SW,SOKLOWWMN,W'S RUN STRIPE ANKLE
SW,SOKLOWWMN,W'S RUN TC ANKLE
SW,SOKLOWWMN,W'S RUN TC LOW ANKLE
SW,SOKLOWWMN,W'S RUN TRGT CUSHION LOW
SW,SOKLOWWMN,W'S RUN ZC ANKLE
SW,SOKLOWWMN,W'S RUN ZC LOW ANKLE
SW,SOKLOWWMN,W'S ZCOMBRE LOW ANKLE
TAHR,DW ACS,32OZ WM CAP STRAP
TAOSBA,FODBAR,TAOS BAKES - BAR
TAOSBA,FODBAR,TAOS BAKES - NUTS
TCBOOK,BOOKS,ANCIENT RUINS SW 3RD ED
TCBOOK,BOOKS,ART ON THE ROCKS
TCBOOK,BOOKS,BACKROADS OF UTAH
TCBOOK,BOOKS,DESERT SOLITAIRE
TCBOOK,BOOKS,FIELF GUIDE BIRDS UTAH
TCBOOK,BOOKS,HOT SPRINGS/POOLS OF THE SW
TCBOOK,BOOKS,HOUSE OF RAIN
TCBOOK,BOOKS,LIZARD OF AMERICAN SW
TCBOOK,BOOKS,MAP OF UTAH
TCBOOK,BOOKS,ROADSIDE GEOLOGY UTAH 2ND ED
TCBOOK,BOOKS,SCENIC DRIVING UTAH 2ND
TCBOOK,BOOKS,UTAH'S INCREDIBLE BACKCOUNTRY
TEFNET,CLICHK,2OZ CHALK BLOCK
TEFNET,CLICHK,CHALK BALL
TEFNET,CLICHK,COLORED CHALK - MIXED
TEFNET,TLTLIP,EXTREME LIP BALM
TEST_A,FW APRMEN,M'S MOCKOBATHER F4
TEST_A,XXX,D1 DESCRIPTION5678921234567893
TEST_A,XXX,EURO SHOE STICKER TEST
TEVA,FW SANKID,K'S HURRICANE XLT 2
TEVA,FW SANMEN,M'S HURRICANE XLT2
TEVA,FW SANMEN,M'S ORIGINAL UNIVERSAL
TEVA,FW SANMEN,M'S REFLIP
TEVA,FW SANMEN,M'S VOYA CANVAS FLIP
TEVA,FW SANMEN,M'S VOYA FLIP
TEVA,FW SANWMN,W'S HURRICANE XLT2
TEVA,FW SANWMN,W'S OLOWAHU
TEVA,FW SANWMN,W'S ORIG UNIV TIE-DYE
TEVA,FW SANWMN,W'S ORIG UNIV. WILDFLOWER
TEVA,FW SANWMN,W'S ORIGINAL UNIVERSAL
TEVA,FW SANWMN,W'S REFLIP
TEVA,FW SANWMN,W'S REFLIP STRAPPY GRADIATE
TEVA,FW SANWMN,W'S VOYA FLIP
TEVA,FW SANYTH,Y'S HURRICANE XLT 2
TIFOSI,EYESUN,"CRIT, BLACK/RED"
TIFOSI,EYESUN,"CRIT, MATTE BLACK"
TIFOSI,EYESUN,"CRIT, MATTE GUNMETAL"
TIFOSI,EYESUN,MOAB
TIFOSI,EYESUN,MOAB BLACKOUT
TIFOSI,EYESUN,MOAB LITE
TIFOSI,EYESUN,MOAB PLUM PASSION
TIFOSI,EYESUN,MOAB SAHARA
TIFOSI,EYESUN,MOAB SATIN VAPOR
TIFOSI,EYESUN,"MOAB, MATTE PINK"
TIFOSI,EYESUN,"MOAB, MATTE WHITE"
TIFOSI,EYESUN,"MOAB, MIST"
TIFOSI,EYESUN,"MOAB, SATIN VAPOR"
TIFOSI,EYESUN,RAIL RACE
TIFOSI,EYESUN,"RAIL RACE, MATTE WHITE"
TIFOSI,EYESUN,"RAIL RACE, SATIN VAPOR"
TIFOSI,EYESUN,RAIL RACE; SATIN VAPOR
TIFOSI,EYESUN,"RAIL XC, BLACKOUT"
TIFOSI,EYESUN,"RAIL XC, CRYSTAL CLEAR"
TIFOSI,EYESUN,"RAIL XC, CRYSTAL SMOKE"
TIFOSI,EYESUN,"RAIL XC, SATIN VAPOR"
TIFOSI,EYESUN,"RAIL, BLACKOUT"
TIFOSI,EYESUN,"RAIL, CRYSTAL BLUE"
TIFOSI,EYESUN,"RAIL, MATTE BLACK"
TIFOSI,EYESUN,"RAIL, MIDNIGHT NAVY"
TIFOSI,EYESUN,RAIL; MATTE BLACK
TIFOSI,EYESUN,RIVET
TIFOSI,EYESUN,RIVET; BLACKOUT
TIFOSI,EYESUN,RIVET; MATTE BLACK
TIFOSI,EYESUN,RIVET; MATTE WHITE
TIFOSI,EYESUN,SALTO
TIFOSI,EYESUN,SANCTUM XL
TIFOSI,EYESUN,"SANCTUM, AMBER BLAZE"
TIFOSI,EYESUN,"SANCTUM, AQUA SHIMMER"
TIFOSI,EYESUN,"SANCTUM, BLACKOUT"
TIFOSI,EYESUN,"SANCTUM, CRYSTAL RED FADE"
TIFOSI,EYESUN,"SANCTUM, CRYSTAL SMOKE"
TIFOSI,EYESUN,"SANCTUM, HYPER LIME"
TIFOSI,EYESUN,"SANCTUM, MATTE BLACK"
TIFOSI,EYESUN,"SANCTUM, MATTE GUNMETAL"
TIFOSI,EYESUN,"SANCTUM, PURPLE PUNCH"
TIFOSI,EYESUN,"SANCTUM, SATIN CLEAR"
TIFOSI,EYESUN,SANCTUM; ICE BLUE
TIFOSI,EYESUN,SELCA
TIFOSI,EYESUN,"SELCA, BLACK TORTOISE"
TIFOSI,EYESUN,"SELCA, BLACKOUT"
TIFOSI,EYESUN,"SELCA, CRYSTAL BROWN"
TIFOSI,EYESUN,"SELCA, MATTE CRYSTAL PINK"
TIFOSI,EYESUN,"SELCA, MATTE TORTOISE"
TIFOSI,EYESUN,"SELCA, PLUM CRAZY"
TIFOSI,EYESUN,SHUMO
TIFOSI,EYESUN,SHWAE - GOLD (PINK)
TIFOSI,EYESUN,SHWAE - GOLD SMOKE/BRIGHT BLUE
TIFOSI,EYESUN,SHWAE - GRAPHITE
TIFOSI,EYESUN,SHWAE - GRAPHITE GREEN
TIFOSI,EYESUN,SHWAE - GRAPHITE RED
TIFOSI,EYESUN,SHWAE - GRAPHITE SMOKE
TIFOSI,EYESUN,SHWAE - MIDNIGHT GOLD BROWN
TIFOSI,EYESUN,SHWAE - SATIN BLACK SMOKE
TIFOSI,EYESUN,"SIZZLE, AVANT CLEAR"
TIFOSI,EYESUN,"SIZZLE, BLACKOUT"
TIFOSI,EYESUN,"SIZZLE, CRYSTAL PEACH BLUSH"
TIFOSI,EYESUN,"SIZZLE, ELECTRIC BLUE"
TIFOSI,EYESUN,"SIZZLE, FROST BLUE"
TIFOSI,EYESUN,"SIZZLE, RADIANT ROSE"
TIFOSI,EYESUN,"SIZZLE, SATIN VAPOR"
TIFOSI,EYESUN,"SLEDGE LITE, CRYSTAL PINK"
TIFOSI,EYESUN,"SLEDGE LITE, CRYSTAL SMOKE"
TIFOSI,EYESUN,"SLEDGE LITE, MATTE BLACK"
TIFOSI,EYESUN,"SLEDGE LITE, MATTE WHITE"
TIFOSI,EYESUN,SLEDGE LITE; MATTE BLACK
TIFOSI,EYESUN,"SLEDGE, CRYSTAL ORANGE"
TIFOSI,EYESUN,"SLEDGE, CRYSTAL RED"
TIFOSI,EYESUN,"SLEDGE, MATTE BLACK"
TIFOSI,EYESUN,"SLEDGE, MATTE WHITE"
TIFOSI,EYESUN,SMIRK
TIFOSI,EYESUN,"SMIRK, AQUA SHIMMER"
TIFOSI,EYESUN,"SMIRK, BLACKOUT"
TIFOSI,EYESUN,"SMIRK, CRYSTAL DENIM"
TIFOSI,EYESUN,"SMIRK, CRYSTAL DENIM +1.5"
TIFOSI,EYESUN,"SMIRK, ELECTRIC BLUE"
TIFOSI,EYESUN,"SMIRK, HONEY"
TIFOSI,EYESUN,"SMIRK, MATTE BLUE TORTOISE"
TIFOSI,EYESUN,"SMIRK, STARDUST GREY"
TIFOSI,EYESUN,STASH
TIFOSI,EYESUN,"STASH, BLACK ORANGE FADE"
TIFOSI,EYESUN,"STASH, CRYSTAL CLEAR"
TIFOSI,EYESUN,"SVAGO, CRYSTAL CHAMPAGNE BROWN"
TIFOSI,EYESUN,"SVAGO, CRYSTAL PEACH BLUSH"
TIFOSI,EYESUN,"SVAGO, GOLDEN RAY"
TIFOSI,EYESUN,"SVAGO, ONYX FADE"
TIFOSI,EYESUN,"SVAGO, SATIN CRYSTAL BROWN"
TIFOSI,EYESUN,SWANK
TIFOSI,EYESUN,SWANK BLACKOUT SMOKE
TIFOSI,EYESUN,SWANK BOTTLE GREEN
TIFOSI,EYESUN,SWANK PURPLE PUNCH
TIFOSI,EYESUN,SWANK RADIANT ROSE
TIFOSI,EYESUN,SWANK RAINBOW SHINE
TIFOSI,EYESUN,SWANK XL
TIFOSI,EYESUN,"SWANK XL, AMBER BLAZE"
TIFOSI,EYESUN,"SWANK XL, BLACKOUT"
TIFOSI,EYESUN,"SWANK XL, BLUE TORTOISE"
TIFOSI,EYESUN,"SWANK XL, BROWN FADE"
TIFOSI,EYESUN,"SWANK XL, FROST BLUE"
TIFOSI,EYESUN,"SWANK XL, HONEY"
TIFOSI,EYESUN,"SWANK XL, PINK TORTOISE"
TIFOSI,EYESUN,"SWANK XL, SATIN VAPOR"
TIFOSI,EYESUN,"SWANK XL, WOODGRAIN"
TIFOSI,EYESUN,"SWANK, AVANT CLEAR"
TIFOSI,EYESUN,"SWANK, BLACKOUT"
TIFOSI,EYESUN,"SWANK, BLUE CONFETTI"
TIFOSI,EYESUN,"SWANK, BROWN FADE"
TIFOSI,EYESUN,"SWANK, CRYSTAL BROWN/ONYX"
TIFOSI,EYESUN,"SWANK, CRYSTAL SKY BLUE"
TIFOSI,EYESUN,"SWANK, GOLDEN RAY"
TIFOSI,EYESUN,"SWANK, ONYX CLEAR SMOKE"
TIFOSI,EYESUN,"SWANK, ORANGE RUSH"
TIFOSI,EYESUN,"SWANK, SATIN BLACK POLARIZED"
TIFOSI,EYESUN,"SWANK, SATIN CLEAR"
TIFOSI,EYESUN,"SWANK, SATIN VAPOR"
TIFOSI,EYESUN,SWICK
TIFOSI,EYESUN,"SWICK, BLACKOUT"
TIFOSI,EYESUN,"SWICK, BLACKOUT SMOKE"
TIFOSI,EYESUN,"SWICK, BROWN FADE BROWN"
TIFOSI,EYESUN,"SWICK, CRYSTAL CLEAR"
TIFOSI,EYESUN,"SWICK, MIDNIGHT NAVY SMOKE"
TIFOSI,EYESUN,"SWICK, ONYX BLUE FADE"
TIFOSI,EYESUN,"SWICK, ORANGE QUARTZ"
TIFOSI,EYESUN,"SWICK, SATIN BLACK/CRIMSON"
TIFOSI,EYESUN,"SWICK, SATIN CLEAR"
TIFOSI,EYESUN,"SWICK, SATIN VAPOR"
TIFOSI,EYESUN,"SWICK, SATIN VAPOR 1"
TIFOSI,EYESUN,"SWICK, SATIN VAPOR SMOKE"
TILLEY,HATSUN,AIRFLO BROAD BRIM LTM6
TILLEY,HATSUN,AIRFLO® HAT WITH INSECT SHIELD
TILLEY,HATSUN,AIRFLO® NYLAMTIUM® HAT CAMO
TILLEY,HATSUN,THE T3 WANDERER
TILLEY,HATSUN,THE WANDERER
TIMEX,ELTWAT,1440 SPORT DIGITAL RES MD
TIMEX,ELTWAT,1440 SPORTS DIGITAL MD
TIMEX,ELTWAT,EXPEDITION UPLANDER CAMO
TIMEX,ELTWAT,EXPEDITION® BASE SHOCK
TIMEX,ELTWAT,EXPEDITION® CAMPER  GREY
TIMEX,ELTWAT,EXPEDITION® FULL CORE
TIMEX,ELTWAT,EXPEDITION® FULL PUSHER CAT
TIMEX,ELTWAT,EXPEDITION® GALLATIN
TIMEX,ELTWAT,EXPEDITION® METAL SCOUT
TIMEX,ELTWAT,EXPEDITION® MID CORE
TIMEX,ELTWAT,EXPEDITION® RUGGED
TIMEX,ELTWAT,EXPEDITION® RUGGED CHRONO
TIMEX,ELTWAT,EXPEDITION® RUGGED FIELD BLACK
TIMEX,ELTWAT,EXPEDITION® SCOUT
TIMEX,ELTWAT,EXPEDITION® SCOUT  BROWN
TIMEX,ELTWAT,EXPEDITION® SCOUT RESIN
TIMEX,ELTWAT,EXPEDITION®METAL SCOUT TAN
TIMEX,ELTWAT,IMAN 30-LAP OVERSIZED RSN
TIMEX,ELTWAT,IRONMAN® 100
TIMEX,ELTWAT,IRONMAN® 10LP BLK/BLK MS
TIMEX,ELTWAT,IRONMAN® 30-LAP RUGGED MID
TIMEX,ELTWAT,IRONMAN® CLASSIC 50 MID
TIMEX,ELTWAT,IRONMAN® CORE 50 FULL
TIMEX,ELTWAT,IRONMAN® ESSENTIAL 30 FULL
TIMEX,ELTWAT,IRONMAN® ESSENTIAL 30 LAP FULL
TIMEX,ELTWAT,IRONMAN® ESSENTIALS 30 LAP MID
TIMEX,ELTWAT,IRONMAN® RUGGED 30 FULL-SIZE
TIMEX,ELTWAT,IRONMAN® SLEEK 50 LAP MID
TIMEX,ELTWAT,IRONMAN® SLEEK 50 MID-SIZE
TIMEX,ELTWAT,IRONMAN®RUGGED 30 FULL-SIZE
TIMEX,ELTWAT,WEEKENDER SLIP THROUGH
TIMEX,ELTWAT,WEEKENDER® BLK/GREY REV. STRAP
TIMEX,ELTWAT,WEEKENDER® CREAM W/GOLD DOTS
TIMEX,ELTWAT,WEEKENDER® GRAY/BLUE REV. STRA
TIMEX,ELTWAT,WEEKENDER® GRN/TAN REV. STRAP
TIMEX,ELTWAT,WEEKENDER® NAVY SLIP THRU
TLOCK,DW ACS,MINI DISC TWIST LOCK
TLOCK,DW ALCFSK,CANTEEN W/ BASE ASSEMBLY
TLOCK,DW BOTMTL,TUMBLER
TNF,CLAGLVMEN,M'S RUNNERS 1 ETIP GLOVE
TNF,CLAGLVMEN,M'S TKA 100 GLACIER GLOVE
TNF,CLAGLVMEN,WINDWALL®ETIP GLOVE
TNF,CLAGLVWMN,W'S APEX ETIP GLOVE
TNF,CLAGLVYTH,K'S APEX INS. ETIP GLOVE
TNF,CLAGLVYTH,YOUTH DENALI ETIP™ GLOVE
TNF,CLAHATSUN,BABY CLASS V SUN BUSTER
TNF,CLAHATSUN,CLASS V CAMP HAT
TNF,CLAHATSUN,CLASS V SUNSHIELD HAT
TNF,CLAHATSUN,HORIZON BREEZE BRIM HAT
TNF,CLAHATSUN,HORIZON BREEZE BRIMMER HAT
TNF,CLAHATSUN,HORIZON HAT
TNF,CLAHATSUN,K'S CLASS V BRIMMER
TNF,CLAHATSUN,SUN STASH HAT
TNF,CLAHATSUN,W'S HORIZON BREEZE BRIMMER
TNF,CLAHATWNT,AGAVE BEANIE
TNF,CLAHATWNT,ANTLERS BEANI
TNF,CLAHATWNT,BACK POCKET BEANIE
TNF,CLAHATWNT,BONES BEANNIE
TNF,CLAHATWNT,CABLE MINNA BEANIE
TNF,CLAHATWNT,CHUNKY RIB BEANIE
TNF,CLAHATWNT,EARTHSCAPE BEANIE
TNF,CLAHATWNT,FAIR ISLE BEANIE
TNF,CLAHATWNT,JIM BEANIE
TNF,CLAHATWNT,K'S BONES RECYCLED BEANIE
TNF,CLAHATWNT,PATROL BALACLAVA
TNF,CLAHATWNT,REV TNF™ BANNER BEANIE
TNF,CLAHATWNT,RIDGE FLEECE BEANIE
TNF,CLAHATWNT,TNF WAFFLE BEANIE
TNF,CLAHATWNT,TNF™ FREEBEENIE
TNF,CLAHATWNT,W'S PURRL STITCH BEANIE
TNF,CLAHATWNT,W'S SALTY BAE BEANIE
TNF,CLAHATWNT,W'S SIERRAN BEANIE
TNF,CLAHATWNT,YOUTH ANDERS BEANIE
TNF,CLAHB,IMPULSE HEADBAND
TNF,CLOBLTMEN,M'S CANYONLANDS HZ
TNF,CLOBLTMEN,M'S HYPERLAYER FD HDY
TNF,CLOBLTMEN,M'S TEXTURE CAP RCK FZ
TNF,CLOBLTMEN,M'S WANDER QZ
TNF,CLOHDYBOY,B'S LOGOWEAR FZ HDY
TNF,CLOHDYGRL,G'S AMPHIBIOUS FZ SUN HDY
TNF,CLOHDYGRL,G'S CAMP FLEECE PO HDY
TNF,CLOHDYMEN,G'S LOGOWEAR FZ HDY
TNF,CLOHDYMEN,M'S BELLEVIEW STRETCH DOWN HDY
TNF,CLOHDYMEN,M'S BIG PINE MW HDY
TNF,CLOHDYMEN,M'S BRAND PROUD HDY
TNF,CLOHDYMEN,M'S CANYONLANDS HDY
TNF,CLOHDYMEN,M'S CAP ROCK QZ HDY
TNF,CLOHDYMEN,M'S CLASS V WATER HDY
TNF,CLOHDYMEN,M'S ESCAPE THE CITY REGULAR HD
TNF,CLOHDYMEN,M'S GORDON LYONS HDY
TNF,CLOHDYMEN,M'S HERITAGE PATCH HDY
TNF,CLOHDYMEN,M'S PLACES WE LOVE HDY
TNF,CLOHDYMEN,M'S SUMMER LT SUN HDY
TNF,CLOHDYMEN,M'S SUMMIT DIRECT SUN HDY
TNF,CLOHDYMEN,M'S SUNRISER HDY
TNF,CLOHDYMEN,M'S TERRA PEAK HDY
TNF,CLOHDYMEN,M'S WANDER SUN HDY
TNF,CLOHDYWMN,W'S ADVENTURE SUN HDY
TNF,CLOHDYWMN,W'S SUNRISER HDY
TNF,CLOHDYWMN,W'S TERRA PEAK HDY
TNF,CLOHDYYTH,K'S CLASS V WATER HDY LS
TNF,CLOJKTMEN,G'S TRI-BLEND FZ
TNF,CLOJKTMEN,M'S ALTA VISTA JKT
TNF,CLOJKTMEN,M'S ANTORA JACKET
TNF,CLOJKTMEN,M'S CANYONLANDS FZ
TNF,CLOJKTMEN,M'S CEDAR TRAIL GRID FLEECE FZ
TNF,CLOJKTMEN,M'S CREST FZ
TNF,CLOJKTMEN,M'S CREST QZ
TNF,CLOJKTMEN,M'S PRINTED CAMPSHIRE PO HDY
TNF,CLOJKTMEN,M'S SHERPA PATROL FZ HDY
TNF,CLOJKTMEN,M'S SUMMIT DIRECT SUN HDY
TNF,CLOJKTMEN,M'S SUMMIT FF FZ HDY
TNF,CLOJKTMEN,M'S SUMMIT FLEECE FZ HDY
TNF,CLOJKTMEN,M'S SUMMIT FLEECE HYBRID JKT
TNF,CLOJKTMEN,M'S SUMMIT FUTUREFLEECE FULL Z
TNF,CLOJKTMEN,M'S SUNRISER 1/4 ZIP
TNF,CLOJKTMEN,M'S TEK APPROACH JACKET
TNF,CLOJKTMEN,M'S TEK APPROACH JKT
TNF,CLOJKTMEN,M'S TERRA PEAK JKT
TNF,CLOJKTMEN,M'S TREVAIL HDY
TNF,CLOJKTWMN,W'S ALTA VISTA RJ
TNF,CLOJKTWMN,W'S ANTORA RAIN JACKET
TNF,CLOJKTWMN,W'S AT EA ELEVATED FZ
TNF,CLOJKTWMN,W'S BOMBAY JKT
TNF,CLOJKTWMN,W'S CALENTITO 2 JKT
TNF,CLOJKTWMN,W'S CANYONLANDS FZ
TNF,CLOJKTWMN,W'S CEDAR TG FLEECE QZ JKT
TNF,CLOJKTWMN,W'S GLACIER FLEECE HZ SHORT JK
TNF,CLOJKTWMN,W'S MISTYESCAPE QZ FLEECE
TNF,CLOJKTWMN,W'S RESOLVE 2 JKT
TNF,CLOJKTWMN,W'S STRETCH LOGO FZ HDY
TNF,CLOJKTWMN,W'S SUNRISER 1/4 ZIP
TNF,CLOJKTWMN,W'S TEK APPROACH FLEECE HOO
TNF,CLOJKTWMN,W'S TEK APPROACH JACKET
TNF,CLOJKTWMN,W'S TEK APPROACH JKT
TNF,CLOJKTWMN,W'S TERRA PEAK JKT
TNF,CLOJKTWMN,W'S TNF PERF FL FZ HDY
TNF,CLOJKTWMN,W'S TNF PERFORMANCE FLEECE
TNF,CLOJKTWMN,W'S TNF PERFORMANCE FLEECE FUL
TNF,CLOJKTWMN,W'S TREVAIL JKT
TNF,CLOJKTWMN,W'S YUMIORI OFF PEAK HZ JKT
TNF,CLOKIDPNT,B'S CAMP FLEECE JOGGER
TNF,CLOKIDPNT,B'S GLACIER PANT
TNF,CLOKIDPNT,B'S NEVER STOP KNIT PANT
TNF,CLOKIDPNT,B'S NEVER STOP PANT
TNF,CLOKIDPNT,B'S ON MOUNTAIN PANT
TNF,CLOKIDPNT,B'S ON THE TRAIL PANT
TNF,CLOKIDPNT,G'S APHRODITE 3.0 CAPRI
TNF,CLOKIDPNT,G'S ESSENTIAL CAPRI
TNF,CLOKIDPNT,G'S NEVER STOP TIGHT
TNF,CLOKIDPNT,G'S PULSE CAPRI
TNF,CLOKIDSHI,B'S AMPHIBIOUS LS
TNF,CLOKIDSHI,B'S GRAPHIC SS TEE
TNF,CLOKIDSHI,B'S HALF DOME SS TEE
TNF,CLOKIDSHI,B'S NEVER STOP SS TEE
TNF,CLOKIDSHI,B'S REAXION SS TEE
TNF,CLOKIDSHI,B'S TRI-BLEND SS TEE
TNF,CLOKIDSHI,G'S AMPHI CLASS V SHORT
TNF,CLOKIDSHI,G'S AMPHIBIOUS LS
TNF,CLOKIDSHI,G'S BF TRI SS TEE
TNF,CLOKIDSHI,G'S CAMP FLEECE JOGGER
TNF,CLOKIDSHI,G'S COTTON HOODED LS TEE
TNF,CLOKIDSHI,G'S GRAPHIC SS TEE
TNF,CLOKIDSHI,G'S LONG SHORT OF IT TEE
TNF,CLOKIDSHI,G'S NEVER STOP BRALETTE
TNF,CLOKIDSHI,G'S NEVER STOP TANK
TNF,CLOKIDSHI,G'S PEAK TANK
TNF,CLOKIDSHI,G'S REAXION 2.0 SS TEE
TNF,CLOKIDSHI,G'S REVERSIBLE TANKLETTE
TNF,CLOKIDSHI,G'S SS
TNF,CLOKIDSHI,G'S TB S-NECK TEE
TNF,CLOKIDSHI,G'S TIE BACK TANK
TNF,CLOKIDSHI,G'S TIE-BACK TANK
TNF,CLOKIDSHI,G'S TRI-BLEND 3/4 TEE
TNF,CLOKIDSHI,G'S TRI-BLEND SS TEE
TNF,CLOKIDSHI,G'S TRI-BLEND TANK
TNF,CLOKIDSHI,K'S STRIPE SS TEE
TNF,CLOKIDSHI,TEEN GLACIER FZ HOODED JKT
TNF,CLOKIDSHI,YOUTH SUMMER LT SUN HDY
TNF,CLOKIDSHT,B'S AMPHI CLASS V SHORT
TNF,CLOKIDSHT,B'S AMPHIBIOUS CLASS V SHORT
TNF,CLOKIDSHT,B'S MARKHOR WATER SHORTS
TNF,CLOKIDSHT,B'S ON MOUNTAIN SHORT
TNF,CLOKIDSHT,B'S ON THE TRAIL SHORT
TNF,CLOKIDSHT,G'S AMPHIBIOUS CLASS V
TNF,CLOKIDSHT,G'S AMPHIBIOUS KNIT SHORT
TNF,CLOKIDSHT,G'S APHRODITE 3.0 CAPRI
TNF,CLOKIDSHT,G'S APHRODITE 3.0 SHORT
TNF,CLOKIDSHT,G'S ON THE TRAIL SHORT
TNF,CLOKIDSHT,G'S TB SHORT
TNF,CLOLSSMEN,M'S SINK OR SWIM LS
TNF,CLOLSSWMN,W'S TRAIL LIGHTRANGE L/S SHIRT
TNF,CLOLSTBOY,B'S TRI-BLEND HENLEY HDY
TNF,CLOLSWMEN,M'S CEDAR TG FLEECE QZ
TNF,CLOLSWMEN,M'S CEDAR TRAIL GRID FLEECE QZ
TNF,CLOLSWMEN,M'S CEDAR TRAIL GRID FLEECE Â¼
TNF,CLOMENPNT,M'S BASIN PANT
TNF,CLOMENPNT,M'S FIELD 5-POCKET PANT
TNF,CLOMENPNT,M'S HERITAGE PATCH JOGGER
TNF,CLOMENPNT,M'S HORIZON CONV PANT REG
TNF,CLOMENPNT,M'S NORTH DOME PANT
TNF,CLOMENPNT,M'S PARAMOUNT PANT
TNF,CLOMENPNT,M'S PROJECT PANT
TNF,CLOMENPNT,M'S SPRAG 5-POCKET PANT
TNF,CLOMENPNT,M'S SUMMIT FLEECE PANT
TNF,CLOMENPNT,M'S SUMMIT FUTUREFLEECE PNT
TNF,CLOMENPNT,M'S SUMMIT OFF WIDTH PANT
TNF,CLOMENPNT,"W'S DUNE SKY LEGGING 25"""
TNF,CLOMENSHI,M'S ADVENTURE LS TEE
TNF,CLOMENSHI,M'S ADVENTURE TEE
TNF,CLOMENSHI,M'S ARROYO FLANNEL SHIRT
TNF,CLOMENSHI,M'S BAYTRAIL JACK SS
TNF,CLOMENSHI,M'S BAYTRAIL PATTERN SS
TNF,CLOMENSHI,M'S BEST TEE EVER
TNF,CLOMENSHI,M'S BIG PINE SS CREW
TNF,CLOMENSHI,M'S BRAND PROUD SS
TNF,CLOMENSHI,M'S CANYONLANDS HYBRID JKT
TNF,CLOMENSHI,M'S CANYONLANDS HZ
TNF,CLOMENSHI,M'S CARABINER LS TEE
TNF,CLOMENSHI,M'S CLASS V WATER TOP
TNF,CLOMENSHI,M'S DAY THREE TEE
TNF,CLOMENSHI,M'S DUNE SKY LS CREW
TNF,CLOMENSHI,M'S DUNE SKY SS CREW
TNF,CLOMENSHI,M'S EXTREME PILE PO
TNF,CLOMENSHI,M'S FIRST TRAIL UPF LS
TNF,CLOMENSHI,M'S FLIP SCRPT PKT SS
TNF,CLOMENSHI,M'S HALF DOME LS TEE
TNF,CLOMENSHI,M'S HALF DOME SS TEE
TNF,CLOMENSHI,M'S HALF DOME TB SS TEE
TNF,CLOMENSHI,M'S HAMMETTS SHIRT II SS
TNF,CLOMENSHI,M'S HAYDEN PASS 2.0 LS
TNF,CLOMENSHI,M'S HAYDEN PASS SS
TNF,CLOMENSHI,M'S HYPERLAYER FD LS
TNF,CLOMENSHI,M'S HYPERLAYER FD SS
TNF,CLOMENSHI,M'S LIGHTRANGE LS
TNF,CLOMENSHI,M'S LOGHILL JACQUARD
TNF,CLOMENSHI,M'S LOGHILL SS
TNF,CLOMENSHI,M'S OUTDOOR FREE SS TEE
TNF,CLOMENSHI,M'S REAXION AMP LS CREW
TNF,CLOMENSHI,M'S REAXION AMP SS CREW
TNF,CLOMENSHI,M'S REAXION GRAPHIC LS TEE
TNF,CLOMENSHI,M'S REAXION SS TEE
TNF,CLOMENSHI,M'S REAXION TANK
TNF,CLOMENSHI,M'S SHADOW LS
TNF,CLOMENSHI,M'S SNIKTAU SUN SHIRT LS
TNF,CLOMENSHI,M'S SUMMIT FUTUREFLEECE
TNF,CLOMENSHI,M'S TEQUILA SUNSET TNK
TNF,CLOMENSHI,M'S TERRAIN HENLEY SS
TNF,CLOMENSHI,M'S TERRAIN SS TEE
TNF,CLOMENSHI,M'S THERMOBALL ECO 2.0
TNF,CLOMENSHI,M'S THERMOCORE LS
TNF,CLOMENSHI,M'S TNF TERRY LS CREW
TNF,CLOMENSHI,M'S TRUE RUN SS
TNF,CLOMENSHI,M'S WANDER LS
TNF,CLOMENSHI,M'S WANDER QZ
TNF,CLOMENSHI,M'S WANDER SLEEVELESS
TNF,CLOMENSHI,M'S WANDER SS
TNF,CLOMENSHT,M'S ACTION SHORT 2.0
TNF,CLOMENSHT,M'S ADVENTURE TEE
TNF,CLOMENSHT,"M'S BASIN SHORT 9"""
TNF,CLOMENSHT,M'S CLASS V PATHFINDER SHORT
TNF,CLOMENSHT,M'S CLASS V PULL-ON TRUNK
TNF,CLOMENSHT,M'S FIELD UTILITY SHORT
TNF,CLOMENSHT,M'S LIGHT 3/4 TIGHT
TNF,CLOMENSHT,M'S LIMITLESS RUN SHORT
TNF,CLOMENSHT,M'S PARAMOUNT ACTIVE SHORT
TNF,CLOMENSHT,M'S PARAMOUNT PRO SHORT
TNF,CLOMENSHT,M'S REACTOR SHORT
TNF,CLOMENSHT,M'S RELAXED MOTION SHORT
TNF,CLOMENSHT,M'S ROLLING SUN PACKABLE SHORT
TNF,CLOMENSHT,M'S SHADOW LS
TNF,CLOMENSHT,M'S SPRAG SHORT
TNF,CLOMENSHT,M'S WANDER SHORT 2.0
TNF,CLOMENSHT,M’S HORIZON 2.0 SHORT
TNF,CLOMENSHT,M’S NORTH DOME SHORT
TNF,CLOPNTMEN,M'S ANTORA RAIN PANT
TNF,CLOPNTMEN,M'S BASIN PANT
TNF,CLOPNTMEN,M'S BASIN PNT
TNF,CLOPNTMEN,M'S PACKABLE LOOSE PANTS
TNF,CLOPNTWMN,W'S ANTORA RAIN PANT
TNF,CLOPNTWMN,W'S APHRODITE 2.0 PANT
TNF,CLOPNTWMN,W'S APHRODITE 2.0 PNT
TNF,CLOPNTWMN,W'S APHRODITE MOTION CAPRI
TNF,CLOPNTWMN,W'S BASIN PANT
TNF,CLOPNTWMN,W'S BASIN PNT
TNF,CLOPNTWMN,W'S PACKABLE REGULAR STRAIGHT
TNF,CLOPNTWMN,W'S TNF PF SW PNT
TNF,CLORNJMEN,M'S ALTA VISTA RAIN JKT
TNF,CLORNJMEN,M'S VENTURE RAIN JKT
TNF,CLORNJWMN,W'S ALTA VISTA RAIN JKT
TNF,CLOSHOMEN,M'S ACTION SHORT 2.0
TNF,CLOSHOMEN,M'S PARAMOUNT SHORT
TNF,CLOSHOWMN,W'S APHRODITE BERMUDA SHORT
TNF,CLOSHOWMN,"W'S FLEX 5"" TIGHT SHORT"
TNF,CLOSHOWMN,"W'S FLEX WOVEN SHORT 3"""
TNF,CLOSNHMEN,M'S ADVENTURE SUN HDY
TNF,CLOSNHYTH,B'S AMPH FZ SUN HDY
TNF,CLOSNTMEN,M'S SUNRISER S/S
TNF,CLOSSTMEN,M'S 24/7 PENTADOME EMBOSSED SS
TNF,CLOSSTMEN,M'S ESCAPE THE CITY REGULAR LO
TNF,CLOSSTMEN,M'S ESCAPE THE CITY REGULAR SS
TNF,CLOSSTMEN,M'S LFC SS TEE
TNF,CLOSSTMEN,M'S NSE 3D TRI-BLEND SS
TNF,CLOSSTMEN,M'S PACIFIC CITY BUTTON DOWN
TNF,CLOSSTMEN,M'S SUNRISER SS
TNF,CLOSSTWMN,W'S JAIDA S/S TEE
TNF,CLOSSTWMN,W'S SUNRISER SS
TNF,CLOWMNBL,W'S CANYONLANDS FZ
TNF,CLOWMNBL,W'S DUNE SKY SCOOP BRA
TNF,CLOWMNBL,W'S DUNE SKY VALLEY SHINE BRA
TNF,CLOWMNBL,W'S GLACIER QZ
TNF,CLOWMNBL,W'S MOTIVATION H-R PKT 7/8 TIG
TNF,CLOWMNBL,W'S MOTIVATION STRAPPY BRA
TNF,CLOWMNBL,W'S T-BACK SPORTS BRA
TNF,CLOWMNBL,W'S VERSITAS FEARLESS REV BRA
TNF,CLOWMNPNT,W'S ADVENTURESS CAPRI
TNF,CLOWMNPNT,W'S APHRODITE JOGGER
TNF,CLOWMNPNT,W'S APHRODITE MOTION CAPRI
TNF,CLOWMNPNT,W'S APHRODITE MOTION PANT
TNF,CLOWMNPNT,W'S BASIN PANT
TNF,CLOWMNPNT,W'S BRIDGEWAY PRO PANT
TNF,CLOWMNPNT,W'S BRIDGEWAY ZIP-OFF PANT
TNF,CLOWMNPNT,W'S CANYONLANDS JOGGER
TNF,CLOWMNPNT,W'S DUNE SKY 7/8 TIGHT
TNF,CLOWMNPNT,W'S DUNE SKY JOGGER
TNF,CLOWMNPNT,"W'S DUNE SKY LEGGING 28"""
TNF,CLOWMNPNT,W'S DUNE SKY TIGHT
TNF,CLOWMNPNT,W'S HERITAGE PATCH JOGGER
TNF,CLOWMNPNT,W'S MOTIVATION HR POCKET CROP
TNF,CLOWMNPNT,W'S NORTH DOME COTTON M-R PANT
TNF,CLOWMNPNT,W'S NORTH DOME COTTON MR PANT
TNF,CLOWMNPNT,W'S NSW ANKLE PANT
TNF,CLOWMNSHI,M'S ADVENTURE TEE
TNF,CLOWMNSHI,M'S SUMMIT DIRECT SUN HDY
TNF,CLOWMNSHI,W'S ADVENTURE SUN HDY
TNF,CLOWMNSHI,W'S BELAY SUN HDY
TNF,CLOWMNSHI,W'S BELAY SUN HOODIE
TNF,CLOWMNSHI,W'S BERKELEY LS
TNF,CLOWMNSHI,W'S CANYONLANDS FZ
TNF,CLOWMNSHI,W'S CANYONLANDS HDY
TNF,CLOWMNSHI,W'S CANYONLANDS HYBRID JKT
TNF,CLOWMNSHI,W'S CANYONLANDS PO HDY
TNF,CLOWMNSHI,W'S CLASS V WATER HDY
TNF,CLOWMNSHI,W'S CRESTING TOP LS
TNF,CLOWMNSHI,W'S DAWNDREAM LS
TNF,CLOWMNSHI,W'S DAWNDREAM SS
TNF,CLOWMNSHI,W'S DUNE SKY LS
TNF,CLOWMNSHI,W'S DUNE SKY SS
TNF,CLOWMNSHI,W'S DUNE SKY STANDARD TANK
TNF,CLOWMNSHI,W'S DUNE SKY STRAPPY BRA
TNF,CLOWMNSHI,W'S DUNE SKY TANK
TNF,CLOWMNSHI,W'S DUNE SKY TANKLETTE
TNF,CLOWMNSHI,W'S DUNE SKY VALLEY BRA
TNF,CLOWMNSHI,W'S ELEVATION LIFE SS
TNF,CLOWMNSHI,W'S ELEVATION LIFE TANK
TNF,CLOWMNSHI,W'S ELEVATION LS
TNF,CLOWMNSHI,W'S EMERINE TOP LS
TNF,CLOWMNSHI,W'S EMPOWER TANK
TNF,CLOWMNSHI,W'S EVOLUTION CUTIE SS
TNF,CLOWMNSHI,W'S GRAPH INJECTION SS
TNF,CLOWMNSHI,W'S HALF DOME COTTON SS
TNF,CLOWMNSHI,W'S HALF DOME CREW SS TEE
TNF,CLOWMNSHI,W'S HALF DOME SS
TNF,CLOWMNSHI,W'S HALF DOME SS TEE
TNF,CLOWMNSHI,W'S HALF DOME TRI-BLD SS TEE
TNF,CLOWMNSHI,W'S HALF DOME TRI-BLEND SS
TNF,CLOWMNSHI,W'S HERITAGE PATCH FZ HDY
TNF,CLOWMNSHI,W'S HERITAGE PATCH HDY
TNF,CLOWMNSHI,W'S HIT GRAPHIC LS
TNF,CLOWMNSHI,W'S HYPERLAYER FD HDY
TNF,CLOWMNSHI,W'S HYPERLAYER FD SS
TNF,CLOWMNSHI,W'S HYPERLAYER FD TANK
TNF,CLOWMNSHI,W'S HYPERLAYER FD V-NECK SS
TNF,CLOWMNSHI,W'S LFC MC TRI-BLEND TANK
TNF,CLOWMNSHI,W'S LFC REAXION AMP LS TEE
TNF,CLOWMNSHI,W'S LIGHTRANGE LS
TNF,CLOWMNSHI,W'S LOGO MARKS TRI-BLEND SS
TNF,CLOWMNSHI,W'S MA PLAY HARD TANK
TNF,CLOWMNSHI,W'S MIDLINE BRA
TNF,CLOWMNSHI,W'S NEW REAXION SS TEE
TNF,CLOWMNSHI,W'S REACTOR LS
TNF,CLOWMNSHI,W'S REAXION AMP GRAPH LS TEE
TNF,CLOWMNSHI,W'S REAXION AMP LS TEE
TNF,CLOWMNSHI,W'S REAXION AMP SS TEE
TNF,CLOWMNSHI,W'S REAXION LS TEE
TNF,CLOWMNSHI,W'S SHADOW LS
TNF,CLOWMNSHI,W'S SIMPLE LOGO SS TEE
TNF,CLOWMNSHI,W'S SUMMIT HIGH TRAIL SS
TNF,CLOWMNSHI,W'S TERRAIN SCOOPNECK SS
TNF,CLOWMNSHI,W'S TERRAIN SCOOPNECK SS TEE
TNF,CLOWMNSHI,W'S TERRAIN SS TEE
TNF,CLOWMNSHI,W'S TRIPPY RXN V-NECK SS
TNF,CLOWMNSHI,W'S WANDER HI-LOW LS
TNF,CLOWMNSHI,W'S WANDER SLITBACK SS
TNF,CLOWMNSHI,W'S WANDER TANK
TNF,CLOWMNSHT,W'S ADVENTURE TEE
TNF,CLOWMNSHT,W'S ADVENTURESS SHORT
TNF,CLOWMNSHT,W'S APHRODITE 2.0 CAPRI
TNF,CLOWMNSHT,W'S APHRODITE BERMUDA SHORT
TNF,CLOWMNSHT,W'S APHRODITE MOTION CAPRI
TNF,CLOWMNSHT,W'S APHRODITE MOTION SHORT
TNF,CLOWMNSHT,W'S APHRODITE SHORT
TNF,CLOWMNSHT,W'S BRIDGEWAY SHORT
TNF,CLOWMNSHT,W'S CLASS V MINI SHORT
TNF,CLOWMNSHT,W'S CLASS V PATHFINDER SHORT
TNF,CLOWMNSHT,W'S CLASS V SHORT
TNF,CLOWMNSHT,"W'S DUNE SKY SHORT 6"""
TNF,CLOWMNSHT,W'S DUNE SKY SS
TNF,CLOWMNSHT,W'S DUNE SKY TIGHT SHORT
TNF,CLOWMNSHT,W'S FAVE LITE SHORTS
TNF,CLOWMNSHT,W'S HOT DAM'S SHORT
TNF,CLOWMNSHT,W'S MOTIVATION CB LEGGING
TNF,CLOWMNSHT,W'S MOTIVATION TRAIN SHORT
TNF,CLOWMNSHT,W'S MOVMYNT SHORT 2.0
TNF,CLOWMNSHT,W'S NEVER STOP SHORT
TNF,CLOWMNSHT,W'S PROJECT SHORT
TNF,CLOWMNSHT,W'S RIDGESIDE SHORT
TNF,CLOWMNSHT,W'S TRIBLEND SHORT
TNF,CLOWMNSHT,W'S VERSITAS SHORT
TNF,CLOWMNSHT,W'S WANDER SHORT
TNF,CLOWMNSHT,W'S WANDER SHORT 2.0
TNF,HATACS,DIPSEA COVER IT
TNF,HATCAP,66 CLASSIC HAT
TNF,HATCAP,66 CLASSIC TECH HAT
TNF,HATCAP,BREAKAWAY HAT
TNF,HATCAP,BROKEN IN TRUCKER
TNF,HATCAP,BROKEN-IN TRUCKER
TNF,HATCAP,EMBROIDERED MUDDER TRUCKER
TNF,HATCAP,HORIZON 5-PANEL HAT
TNF,HATCAP,HORIZON HAT
TNF,HATCAP,HORIZON MESH CAP
TNF,HATCAP,K'S CLASS V BRIMMER
TNF,HATCAP,K'S CLASS V SUNSHIELD
TNF,HATCAP,K'S HORIZON HAT
TNF,HATCAP,K'S MUDDER TRUCKER
TNF,HATCAP,KEEP IT PATCHED TRUCKER
TNF,HATCAP,MINI TRUCKER HAT
TNF,HATCAP,MUDDER TRUCKER
TNF,HATCAP,MUDDER TRUCKER HAT
TNF,HATCAP,THE NORM HAT
TNF,HATCAP,TRUCKEE TRUCKER
TNF,HATCAP,W'S HORIZON BALL CAP
TNF,HATCAP,W'S HORIZON HAT
TNF,HATCAP,W’S LOW PRO TRUCKER
TNF,HATCAP,YOUTH MUDDER TRUCKER
TNF,HOTHND,NO HANDS ARM WARMERS
TNF,MISC,WAWONA GROUND TARP
TNF,PAKACS,BASE CAMP GEAR BOX M
TNF,PAKBP,TRAIL LITE 50
TNF,PAKBP,W'S TRAIL LITE 50
TNF,PAKDAY,ALEIA 32
TNF,PAKDAY,BASE CAMP VOYAGER SLING
TNF,PAKDAY,BASIN 18
TNF,PAKDAY,BASIN 24
TNF,PAKDAY,BOREALIS MINI BACKPACK
TNF,PAKDAY,BOREALIS TRAIL
TNF,PAKDAY,EXPLORE HIP PACK
TNF,PAKDAY,JESTER LUMBAR
TNF,PAKDAY,LITUS 22
TNF,PAKDAY,LITUS 32
TNF,PAKDAY,TERRA LUMBAR - 1L
TNF,PAKDAY,TERRA LUMBAR 3L
TNF,PAKDAY,TRAIL LITE 12
TNF,PAKDAY,TRAIL LITE 24
TNF,PAKDAY,W'S BANCHEE 35
TNF,PAKDAY,W'S TRAIL LITE 12
TNF,PAKDAY,W'S TRAIL LITE 24
TNF,PAKDAYYTH,Y'S MINI EXPLORER
TNF,PAKHYDACS,BOREALIS WATER BOTTLE HOLDER
TNF,SLPBAG,ALEUTIAN 0/-18 REGULAR
TNF,SLPBAG,ALEUTIAN 35 LONG
TNF,SLPBAG,CAT'S MEOW
TNF,SLPBAG,CAT'S MEOW ECO LONG
TNF,SLPBAG,CAT'S MEOW ECO REG
TNF,SLPBAG,CAT'S MEOW ECO SHORT
TNF,SLPBAG,CAT'S MEOW LONG
TNF,SLPBAG,COZY ONE BAG
TNF,SLPBAG,DOLOMITE DBL 20/-7 REGULAR
TNF,SLPBAG,DOLOMITE ONE DOUBLE
TNF,SLPBAG,FURNACE 0 LONG
TNF,SLPBAG,FURNACE 20 LONG
TNF,SLPBAG,LYNX ECO LONG
TNF,SLPBAG,LYNX ECO REG
TNF,SLPBAG,LYNX LONG
TNF,SLPBAG,LYNX REGULAR
TNF,SLPBAG,OCELOT OVERBAG LONG
TNF,SLPBAG,OCELOT OVERBAG REG
TNF,SLPBAG,ONE BAG
TNF,SLPBAG,SNOW LEOPARD ECO REG
TNF,SLPBAG,SNOW LEOPARD REGULAR
TNF,SLPBAG,TRAIL LITE DOWN 0
TNF,SLPBAG,TRAIL LITE DOWN 0F
TNF,SLPBAG,TRAIL LITE DOWN 20
TNF,SLPBAG,TRAIL LITE DOWN 20F
TNF,SLPBAG,TRAIL LITE DOWN 35
TNF,SLPBAG,UNIVERSAL ONE BAG
TNF,SLPBAG,W'S CAT'S MEOW
TNF,SLPBKT,WAWONA FUZZY BLANKET
TNF,TNTCAR,STORMBREAK 2
TNF,TNTCAR,STORMBREAK 3
TNF,TNTCAR,TRAIL LITE  2P
TNF,TNTCAR,TRAIL LITE  3P
TNF,TNTCAR,TRAIL LITE  4P
TNF,TOLMSC,GREEN KAZOO REGULAR
TNF,TRVACS,BASE CAMP WALLET
TNF,TRVDFL,BASE CAMP DUFFEL - 2XL
TNF,TRVDFL,BASE CAMP DUFFEL - LG
TNF,TRVDFL,BASE CAMP DUFFEL - MD
TNF,TRVDFL,BASE CAMP DUFFEL - SM
TNF,TRVDFL,BASE CAMP DUFFEL - XL
TNF,TRVDFL,BASE CAMP GEAR BIN
TNF,TRVDFL,BASE CAMP TRAVEL CANISTER
TNF,TRVDFL,BASE CAMP VOYAGER DUFFEL - 32L
TNF,TRVDFL,BASE CAMP VOYAGER DUFFEL - 42L
TNF,TRVDFL,BASE CAMP VOYAGER DUFFEL - 62L
TNF,TRVDFL,BASE CAMP VOYAGER DUFFEL--32L
TNF,TRVDFL,BASE CAMP VOYAGER DUFFEL--42L
TNF,TRVDFL,BASE CAMP VOYAGER DUFFEL--62L
TNF,TRVDFL,BASE CAMP VOYAGER TOILETRY KIT
TNF,TRVDFL,VOYAGER DUFFEL
TOOR,TOLKNF,DARTER S
TOOR,TOLKNF,DARTER T
TOOR,TOLKNF,DRAPER
TOOR,TOLKNF,DROPWING
TOOR,TOLKNF,EGRESS
TOOR,TOLKNF,FIELD 2.0
TOOR,TOLKNF,FIELD 3.0
TOOR,TOLKNF,JANK SHANK S
TOOR,TOLKNF,KRYPTEIA S
TOOR,TOLKNF,KRYPTEIA T
TOOR,TOLKNF,SERPENT S
TOOR,TOLKNF,SERPENT T
TOOR,TOLKNF,SPECTER R
TOOR,TOLKNF,VALOR
TOOR,TOLKNF,WILLOW
TOOR,TOLKNF,X JANK SHANK S
TOPS,TOLKNF,MINI SCANDI KNIFE 2.5 G10
TRAILB,FODBAR,GINGER SNAP GRANOLA
TRAILB,FODBAR,MAPLE SYRUP & SEA SALT GRANOLA
TRAILB,FODBAR,SALTED BROWNIE PEANUT 1.15OZ
TRAILB,FODBAR,SALTED BROWNIE PEANUT 4.5OZ
TRAILB,FODBAR,TRIPPLE BERRY NW GRANOLA
TRAILB,FODSQZ,DARK CHOC & COFFEE 1.15OZ
TRAILB,FODSQZ,DARK CHOC & COFFEE 4.5OZ
TRAILB,FODSQZ,MAPLE SYRUP & SEA SALT 1.15OZ
TRAILB,FODSQZ,MAPLE SYRUP & SEA SALT 4.5OZ
TRANGO,BOKCLI,ROCK CLIMBERS TRAINING MANUAL
TRANGO,CLIACS,BETA STICK EVO COMPACT
TRANGO,CLIACS,BETA STICK EVO STANDARD
TRANGO,CLIACS,RACK TAGS
TRANGO,CLIAID,SQUID - UNLCIP STICK
TRANGO,CLIAID,SQUID POLE 2 SECTION 8'
TRANGO,CLIBAG,ANTIDOTE ROPE BAG
TRANGO,CLIBELAS,VERGO
TRANGO,CLICARLK,SUPERFLY EVO AUTOLOCK
TRANGO,CLICARNLK,PHASE STRAIGHT WIRE
TRANGO,CLICARNLK,REACT BENT GATE
TRANGO,CLICARNLK,REACT STRAIGHT GATE
TRANGO,CLICARNLK,STEEL WIREGATE
TRANGO,CLICARQD,12CM PHASE QUICKDRAW
TRANGO,CLICARQD,18CM PHASE QUICKDRAW
TRANGO,CLIMSC,BETA STICK EVO CLIMB
TRANGO,CLINUTBAL,BALLNUTZ #1
TRANGO,CLINUTBAL,BALLNUTZ #2
TRANGO,CLINUTBAL,BALLNUTZ SET #1-5
TRANGO,CLINUTBRO,BIG BRO #3
TRANGO,CLINUTBRO,BIG BRO #4
TRANGO,CLINUTBRO,BIG BRO #5
TRANGO,CLINUTTOL,SQUIRREL NUT TOOL
TRANGO,CLISFTCRD,ATOMIC 11MM SLING 120CM
TRANGO,CLISFTCRD,ATOMIC 11MM SLING 180CM
TRANGO,CLISFTCRD,ATOMIC 11MM SLING 240CM
TRANGO,CLISFTCRD,ATOMIC 11MM SLING 60CM
TRANGO,CLITRN,ROCK PRODIGY FORGE
TRANGO,TOLKNF,PIRANHA KNIFE
TSPBOK,BOKCLI,COCHISE; ROCK CLIMBING WEST
ULINE,TLTCON,BLACK ROUND WM PLASTIC JAR 4OZ
ULINE,TLTCON,BLACK ROUND WM PLASTIC JAR 8OZ
ULINE,TLTCON,PLASTIC GRIP JAR 16OZ
ULINE,TLTCON,PLASTIC GRIP JAR 32OZ
ULINE,TLTCON,STRAIGHT-SIDED GLASS JAR 2OZ
USGS,MAP,ABAJO PEAK
USGS,MAP,AGATE
USGS,MAP,ANGEL COVE UT
USGS,MAP,"ANGLE POINT, UT"
USGS,MAP,ARSONS GARDENS
USGS,MAP,BIG BENCH
USGS,MAP,BIG BEND
USGS,MAP,BIG BEND DRAW
USGS,MAP,BIG HALLOW WASH
USGS,MAP,BIG TRIANGLE
USGS,MAP,BLACK MESA BUTTE
USGS,MAP,BLACK STEER CANYON UT
USGS,MAP,BLACK TABLE
USGS,MAP,BLANDING NORTH
USGS,MAP,BLANDING SOUTH
USGS,MAP,BLOCK
USGS,MAP,BLUFF
USGS,MAP,BLUFF N.W.
USGS,MAP,BLUFF S.W UT
USGS,MAP,BOB HILL KNOLL
USGS,MAP,BOTTLENECK PEAK
USGS,MAP,BOULDERTOWN
USGS,MAP,BOWDIE CANYON EAST
USGS,MAP,BOWDIE CANYON WEST
USGS,MAP,BOWKNOT BEND UT
USGS,MAP,BRADFORD CANYON
USGS,MAP,BRYCE CANYON
USGS,MAP,BUCKEYE RESERVOIR
USGS,MAP,BUCKHORN RESERVOIR
USGS,MAP,BUG CANYONS
USGS,MAP,"BULLFROG, UT"
USGS,MAP,BURNT CABIN CREEK
USGS,MAP,BURNT SPRINGS
USGS,MAP,CALF CANYON
USGS,MAP,CALF CREEK
USGS,MAP,CATHEDRAL BUTTE UT
USGS,MAP,CATHEDRAL MOUNTAIN
USGS,MAP,CEDER MESA NORTH
USGS,MAP,CEDER MESA SOUTH
USGS,MAP,CHIMNE ROCK
USGS,MAP,"CHIPPEAN ROCK, UT"
USGS,MAP,CHOCOLATE DROP
USGS,MAP,"CHURCH ROCK, UT"
USGS,MAP,CIGARETTE SPRING CAVE
USGS,MAP,CISCO
USGS,MAP,"CISCO SW, UT"
USGS,MAP,"CLAY HILLS, UT"
USGS,MAP,"CLAY POINT, UT"
USGS,MAP,CLEAR CREEK MOUNTAIN
USGS,MAP,CLEARWATER CANYONS
USGS,MAP,"CLEOPATRA'S CHAIR, UT"
USGS,MAP,COPPER GLOBE
USGS,MAP,COPPER POINT UT
USGS,MAP,CREAM POTS UT
USGS,MAP,CROSS CANYON
USGS,MAP,"CROWS NEST SPRING, UT"
USGS,MAP,DAVIS GULCH
USGS,MAP,"DEE PASS, UT"
USGS,MAP,"DEER POINT, UT"
USGS,MAP,"DEVIL'S MESA, UT"
USGS,MAP,DEVILS HOLE
USGS,MAP,DEWEY BRIDGE
USGS,MAP,DOLORES POINT NORTH UT
USGS,MAP,DOLORES POINT SOUTH UT
USGS,MAP,"DROWNED HOLE DRAW, UT"
USGS,MAP,"DRUID ARCH, UT"
USGS,MAP,DRY MESA
USGS,MAP,DUBINKY WASH
USGS,MAP,EGYPT
USGS,MAP,"EIGHTMILE ROCK, UT"
USGS,MAP,ELATERITE BASIN UT
USGS,MAP,ESCALANTE
USGS,MAP,FABLE VALLEY UT
USGS,MAP,FIDDLER BUTTE
USGS,MAP,FISH LAKE
USGS,MAP,FISHER TOWERS UT
USGS,MAP,FISHER VALLEY UT
USGS,MAP,FRY SPRING UT
USGS,MAP,"GILSON BUTTE, UT"
USGS,MAP,GOBLIN VALLEY UT
USGS,MAP,GOLD BAR CANYON UT
USGS,MAP,GOOD HOPE BAY
USGS,MAP,GORDON FLATS
USGS,MAP,GOULDING N.W.
USGS,MAP,GREASEWOOD DRAW UT
USGS,MAP,GREEN RIVER
USGS,MAP,GREEN RIVER N.E.
USGS,MAP,GREEN RIVER S.E.
USGS,MAP,GREEN RIVER S.W.
USGS,MAP,HALLS CROSSING
USGS,MAP,"HALLS MESA, UT"
USGS,MAP,HARTS POINT NORTH UT
USGS,MAP,"HARTS POINT SOUTH, UT"
USGS,MAP,HATCH ROCK UT
USGS,MAP,HATCH TRADING POST
USGS,MAP,HAUS CROSSING N.E
USGS,MAP,"HEAD SPUR, UT"
USGS,MAP,"HITE NORTH, UT"
USGS,MAP,HITE SOUTH
USGS,MAP,HOGAN MESA
USGS,MAP,HORN SILVER GULCH
USGS,MAP,"HORSE BENCH EAST, UT"
USGS,MAP,HORSE VALLEY
USGS,MAP,"HORSEBENCH WEST, UT"
USGS,MAP,HORSEHEAD POINT
USGS,MAP,HORSETHIEF CANYON UT
USGS,MAP,HOTEL ROCK
USGS,MAP,"HOUSE PARK BUTTE, UT"
USGS,MAP,HUNT DRAW UT
USGS,MAP,INDIAN HEAD PASS UT
USGS,MAP,IRELAND MESA
USGS,MAP,"JACKS KNOB, UT"
USGS,MAP,JACOBS CHAIR UT
USGS,MAP,JUG ROCK
USGS,MAP,KANE GULCH UT
USGS,MAP,"KANE SPRINGS, UT"
USGS,MAP,KEG KNOLL
USGS,MAP,KIGALIA POINT UT
USGS,MAP,KING BENCH
USGS,MAP,"KING MESA, UT"
USGS,MAP,KLONDIKE BLUFFS
USGS,MAP,KNOWLES CANYON
USGS,MAP,"LA SAL EAST, UT"
USGS,MAP,"LA SAL JUNCTION, UT"
USGS,MAP,"LA SAL WEST, UT"
USGS,MAP,LIBSON GAP UT
USGS,MAP,LIBSON VALLEY UT
USGS,MAP,LITTLE WILD HORSE MESA UT
USGS,MAP,LOCKHART BASIN UT
USGS,MAP,"LOST SPRING, UT"
USGS,MAP,"MANCOS JIM BUTTE, UT"
USGS,MAP,MANCOS MESA
USGS,MAP,MANCOS MESA NE UT
USGS,MAP,MARBLE CANYON
USGS,MAP,MCCRAKEN SPRING
USGS,MAP,MERRIMAC BUTTE
USGS,MAP,MESA BUTTE
USGS,MAP,"MEXICAN HAT, UT"
USGS,MAP,MEXICAN MOUNTAIN
USGS,MAP,MIKES MESA UT
USGS,MAP,MINERAL CANYON
USGS,MAP,"MOAB, UT"
USGS,MAP,"MOLLIE HOGANS, UT"
USGS,MAP,"MONTEZUMA CREEK, UT"
USGS,MAP,"MONTICELLO LAKE, UT"
USGS,MAP,"MONTICELLO NORTH, UT"
USGS,MAP,"MONTICELLO SOUTH, UT"
USGS,MAP,MONUMENT BASIN
USGS,MAP,MOONSHINE WASH UT
USGS,MAP,"MOSS BACK, UT"
USGS,MAP,"MOUNT WAAS, UT"
USGS,MAP,"MT. LINNAEUS, UT"
USGS,MAP,MT. PEALE
USGS,MAP,"MT. TUKUHNIKATZ, UT"
USGS,MAP,MUSSELMAN ARCH UT
USGS,MAP,NAVAJO CANYON
USGS,MAP,NO MAN'S ISLAND
USGS,MAP,NOKAI DOME UT
USGS,MAP,NORTH-SIX SHOOTER PEAK UT
USGS,MAP,OLD WOMAN WASH
USGS,MAP,OLJETO N.E.
USGS,MAP,"PHOTOGRAPH GAP, UT"
USGS,MAP,PODUNCK CREEK
USGS,MAP,POINT OF ROCKS EAST UT
USGS,MAP,"POINT OF ROCKS WEST, UT"
USGS,MAP,"POISON CANYON, UT"
USGS,MAP,POLLYS PASTURE UT
USGS,MAP,POSY LAKE
USGS,MAP,RAINBOW POINT
USGS,MAP,RAY MESA UT
USGS,MAP,RECAPTURE POCKET
USGS,MAP,RED BREAKS
USGS,MAP,RED HOUSE SPRING
USGS,MAP,"RILL CREEK, UT"
USGS,MAP,ROBBERS ROOST FLATS
USGS,MAP,RODGER PEAK
USGS,MAP,RUIN POINT
USGS,MAP,"SAN JUAN HILL, UT"
USGS,MAP,SAN RAFAEL KNOB
USGS,MAP,SANDSTONE DRAW UT
USGS,MAP,SCORPION GULCH
USGS,MAP,SEEP FLAT
USGS,MAP,SEGO CANYON
USGS,MAP,SEWING MACHINE
USGS,MAP,SHAFER BASIN
USGS,MAP,SHAY MOUNTAIN
USGS,MAP,SHORT CANYON
USGS,MAP,SID AND CHARLEY
USGS,MAP,SID'S MOUNTAIN
USGS,MAP,SILVER FALLS BENCH
USGS,MAP,SLICKHORN CANYON EAST
USGS,MAP,SLICKHORN CANYON WEST
USGS,MAP,SMITH MESA
USGS,MAP,SNOW FLAT SPRING CAVE
USGS,MAP,SOONER BENCH
USGS,MAP,SOP CANYON
USGS,MAP,SOUTH LONG POINT
USGS,MAP,SOUTH SIX-SHOOTER PEAK UT
USGS,MAP,SPANISH BOTTOM UT
USGS,MAP,SPOTTED WOLF CANYON
USGS,MAP,SPRING CANYON
USGS,MAP,SPRINGDALE EAST
USGS,MAP,SPRINGDALE WEST
USGS,MAP,STEEP CREEK BENCH
USGS,MAP,STEVEN'S CANYON NORTH
USGS,MAP,STEVEN'S CANYON SOUTH
USGS,MAP,SUGAR LOAF BUTTE
USGS,MAP,SUNSET FLAT
USGS,MAP,"TEAPOT ROCK, UT"
USGS,MAP,"TEMPLE MOUNTAIN, UT"
USGS,MAP,TEMPLE OF SINA WAVA
USGS,MAP,TEN MILE POINT
USGS,MAP,THE BARRACKS
USGS,MAP,THE CHEESEBOX UT
USGS,MAP,"THE FLAT TOP, UT"
USGS,MAP,THE FRYING PAN
USGS,MAP,"THE GOOSENECKS, UT"
USGS,MAP,THE GUARDIAN ANGELS
USGS,MAP,"THE KNOLL, UT"
USGS,MAP,THE LOOP
USGS,MAP,THE PINNACLE
USGS,MAP,"THE RICON N.E., UT"
USGS,MAP,THE WINDOWS SECTION UT
USGS,MAP,"THOMPSON SPRINGS, UT"
USGS,MAP,THREE FORDS CANYON
USGS,MAP,THROUGH SPRINGS CANYON UT
USGS,MAP,"TICABOO MESA, UT"
USGS,MAP,TOMSICH BUTTE UT
USGS,MAP,TROPIC CANYON
USGS,MAP,TROPIC RESERVOIR
USGS,MAP,TURKS HEAD UT
USGS,MAP,TWIN KNOLLS
USGS,MAP,UPHEAVAL DOME UT
USGS,MAP,UT-AZ BRIDGER POINT
USGS,MAP,"VALLEY CITY, UT"
USGS,MAP,WARNER LAKE
USGS,MAP,WARREN CANYON
USGS,MAP,WESTWATER
USGS,MAP,"WHIRLWIND DRAW, UT"
USGS,MAP,WHITBECK KNOLL
USGS,MAP,WHITE ROCK POINT
USGS,MAP,WICKIUP
USGS,MAP,WICKIUP CANYON
USGS,MAP,WIDE HALLOW RESERVOIR
USGS,MAP,WOODEN SHOE BUTTES
UST,DW MUG,KLIPP BINER MUG 1.0
UST,ELTBAT,VOLT XL USB CHARGER BLACK
UST,ELTCP,HI VIS LENSTATIC MAP COMPASS
UST,ELTCP,HI VIS WAYPOINT MAP COMPASS
UST,ELTCP,LENSTATIC MAP COMPASS
UST,FIRKIT,FIRE STARTER STIX 12PK
UST,FIRKIT,WETFIRE TINDER 5PK
UST,FIRSTR,HERITAGE SPARKLITE
UST,FIRSTR,MAG BAR
UST,FIRTND,WETFIRE TINDER 12PK
UST,FOD,FOOD BAR 2400 CALORIE PDQ
UST,GAM,OUTDOOR SKILL CARDS
UST,KCHCOF,FLEXWARE COFFEE DRIP
UST,KCHMSC,FLEXWARE SWEEP SET
UST,KCHSNK,FLEXWARE SINK 2.0 ORANGE
UST,KCHSTV,TREKKER STOVE
UST,KCHTW BWL,FLEXWARE BOWL 2.0 ORANGE
UST,KITCW,DUO COOK KIT
UST,KITCW,HERITAGE CAMPFIRE FORK 2PK
UST,KITCW,HERITAGE PACKABLE GRILL
UST,KITTW,DOUBLE UP CUP ORANGE
UST,KITTW,KLIPP UTENSIL SET
UST,KITTW,SPORK MULTI-TOOL
UST,KITTW,SPORK MULTI-TOOL BLUE
UST,KITTW,SPORK MULTI-TOOL GREEN
UST,KITTW,SPORKTACULAR FOLDER
UST,KITTW,UTILITENSIL SET
UST,LITHL,TIGHT LIGHT 1.0
UST,LITLAN,BRILA 1.0 USB FAN/LIGHT
UST,LITLAN,SPRIGHT 3AAA LED LANTERN
UST,LITLAN,SPRIGHT LANTERN
UST,LITLAN,TENT BULB LED 1.0
UST,MEDDEF,TICK WRANGLER - ASSORTED
UST,MEDSUR,HEAR ME WHISTLE 2PACK YELLOW
UST,MEDSUR,JETSCREAM WHISTLE YELLOW
UST,RVRDRY,SAFE & DRY 10 L
UST,RVRDRY,SAFE & DRY 15 L
UST,RVRDRY,SAFE & DRY 25 L
UST,SUREQP,STARFLASH MICRO MIRROR
UST,TLTTWL,MICROFIBER TOWEL 2.0 ORANGE
UST,TLTTWL,SURVIVAL TOWEL 2PK
UST,TNTSTK,ALUMINUM STAKE 7IN
UST,TNTSTK,ALUMINUM STAKE 9IN
UST,TNTSTK,PLASTIC PEG 9IN ORANGE
UST,TNTSTK,ZINX TENT PEG 6PACK
UST,TOLACS,CAN OPENER 2PK
UST,TOLKNF,PARACUDA PRO
UST,TOLKNF,PARAHATCHET PRO
UST,TOLKNF,PARAKNIFE PRO 4.0
UST,TOLMLT,TOOL A LONG - DOG
UST,TOLMLT,TOOL A LONG - MOOSE
UST,TOLMSC,DUCT TAPE 2PK ORANGE
UST,TOLMSC,KNOT TYING KIT
UST,TOLMSC,PARA 325 BLACK
UST,TOLMSC,PARA 325 BLACK REFLECTIVE
UST,TOLMSC,PARA 325 ORANGE
UST,TOLMSC,WAYFINDING KIT
UST,TOLSHV,U-DIG-IT FIELD SHOVEL
UST,TOLSHV,U-DIG-IT LIGHT DUTY
VOILE,RVRSTR,"12"" NYLON BUCKLE"
VOILE,RVRSTR,12” NANO SERIES
VOILE,RVRSTR,"15"" ALU BUCKLE"
VOILE,RVRSTR,"15"" NYLON BUCKLE"
VOILE,RVRSTR,16” NANO SERIES
VOILE,RVRSTR,"20"" ALU BUCKLE"
VOILE,RVRSTR,"20"" NYLON BUCKLE"
VOILE,RVRSTR,"22"" XL SERIES"
VOILE,RVRSTR,"25"" NYLON BUCKLE"
VOILE,RVRSTR,25” ALU BUCKLE
VOILE,RVRSTR,"32"" NYLON BUCKLE"
VOILE,RVRSTR,"32"" XL SERIES"
VOILE,RVRSTR,"6"" NANO SERIES"
VOILE,RVRSTR,"9"" NANO SERIES"
VOILE,RVRSTR,KEEPER 4PACK
VORTEX,NOXACS,BINOCULAR HARNESS STRAP
VORTEX,NOXACS,FOG FREE CLEANING FIELD KIT
VORTEX,NOXACS,GLASSPAK BINO HARNESS
VORTEX,NOXACS,GLASSPAK PRO BINO HARNESS
VORTEX,NOXACS,GLASSPAK SPORT BINO HARNESS
VORTEX,NOXACS,HIGH COUNTRY II TRIPOD KIT
VORTEX,NOXACS,LENS CLEANING PEN
VORTEX,NOXACS,MOUNTAIN PASS TRIPOD KIT
VORTEX,NOXACS,SPUDZ MICROFIBER CLEAN CLOTH
VORTEX,NOXACS,VTX FOG FREE LENS CLEANING KIT
VORTEX,NOXBIN,BANTAM HD 6.5X32
VORTEX,NOXBIN,CROSSFIRE HD 10X42
VORTEX,NOXBIN,CROSSFIRE HD 10X50
VORTEX,NOXBIN,CROSSFIRE HD 12X50
VORTEX,NOXBIN,CROSSFIRE HD 8X42
VORTEX,NOXBIN,DB HD 10X32
VORTEX,NOXBIN,DB HD 10X42
VORTEX,NOXBIN,DB HD 10X50
VORTEX,NOXBIN,DB HD 12X50
VORTEX,NOXBIN,DB HD 8X28
VORTEX,NOXBIN,DB HD 8X42
VORTEX,NOXBIN,RAPTOR 10X32
VORTEX,NOXBIN,RAPTOR 8.5X32
VORTEX,NOXBIN,TRIUMPH 10X42
VORTEX,NOXBIN,TRIUMPH HD 10X28
VORTEX,NOXBIN,TRIUMPH HD 12X50
VORTEX,NOXBIN,VANQUISH 10X26
VORTEX,NOXBIN,VANQUISH 8X26
VORTEX,NOXBIN,VIPER 10X42
VORTEX,NOXBIN,VIPER 12X50 HD
VORTEX,NOXBIN,VIPER HD 8X42
VORTEX,NOXMON,SOLO MONOCULAR 10X25
VORTEX,NOXMON,SOLO MONOCULAR 10X36
VORTEX,NOXMON,SOLO MONOCULAR 8X25
VORTEX,NOXMON,SOLO MONOCULAR 8X36
VORTEX,NOXRNG,CROSSFIRE HD 1400 RANGEFNDR
VORTEX,NOXRNG,DB HD 2000 RANGEFNDR
VORTEX,NOXSCP,DBK HD SPOTTING SCOPE 16-48X65
VSA,TOLKNF,1-HAND TREKKER BLACK
VSA,TOLKNF,ADVENTURER
VSA,TOLKNF,BANTAM
VSA,TOLKNF,BANTAM RED
VSA,TOLKNF,CAMPER
VSA,TOLKNF,CAMPER RED
VSA,TOLKNF,CAMPING SET
VSA,TOLKNF,CLASSIC SD
VSA,TOLKNF,CLASSIC SD - NP
VSA,TOLKNF,CLASSIC SD ALOX
VSA,TOLKNF,CLASSIC SD BLUE
VSA,TOLKNF,CLASSIC SD HUNTER GREEN
VSA,TOLKNF,CLASSIC SD PINK
VSA,TOLKNF,CLASSIC SD RED
VSA,TOLKNF,CLASSIC SD STAY GLOW
VSA,TOLKNF,CLASSIC SD YELLOW
VSA,TOLKNF,CLIMBER
VSA,TOLKNF,CLIMBER MEDIUM POCKET KNIFE BL
VSA,TOLKNF,CLIMBER MEDIUM POCKET KNIFE RE
VSA,TOLKNF,COMPACT RED
VSA,TOLKNF,CYBER TOOL
VSA,TOLKNF,DELUXE TINKER
VSA,TOLKNF,ESCORT
VSA,TOLKNF,EVO GRIP 18 YELLOW/BLACK
VSA,TOLKNF,EVO GRIP S18 YELLOW
VSA,TOLKNF,EVOKE ALOX
VSA,TOLKNF,EVOKE BS ALOX
VSA,TOLKNF,EVOKE WOOD
VSA,TOLKNF,EVOLUTION 10 RED
VSA,TOLKNF,EVOLUTION 14
VSA,TOLKNF,EVOLUTION 23
VSA,TOLKNF,EVOLUTION GRIP 10
VSA,TOLKNF,EVOLUTION GRIP S17
VSA,TOLKNF,EVOLUTION S17
VSA,TOLKNF,EXPLORER
VSA,TOLKNF,FIELDMASTER
VSA,TOLKNF,FIELDMASTER 15 FUNCTIONS
VSA,TOLKNF,FISHERMAN
VSA,TOLKNF,FORESTER
VSA,TOLKNF,HANDYMAN
VSA,TOLKNF,HIKER
VSA,TOLKNF,HIKER RED
VSA,TOLKNF,HUNTER
VSA,TOLKNF,HUNTER PRO
VSA,TOLKNF,HUNTER XT ORANGE W/POUCH
VSA,TOLKNF,HUNTSMAN
VSA,TOLKNF,MINI CHAMP
VSA,TOLKNF,MONEY CLIP
VSA,TOLKNF,MOUNTAINEER
VSA,TOLKNF,MY FIRST VICTORINOX
VSA,TOLKNF,NAIL CLIP 580
VSA,TOLKNF,PICKNICKER
VSA,TOLKNF,RANGER 55 GRIP
VSA,TOLKNF,RECRUIT
VSA,TOLKNF,RECRUIT BLACK
VSA,TOLKNF,SPARTAN
VSA,TOLKNF,SPARTAN - CAMO
VSA,TOLKNF,SPARTAN LITE
VSA,TOLKNF,SPARTAN RED
VSA,TOLKNF,SPORTSMAN
VSA,TOLKNF,SPORTSMAN RED
VSA,TOLKNF,SUPER TINKER
VSA,TOLKNF,SWISS CHAMP
VSA,TOLKNF,SWISS TOOL LEATHER POUCH
VSA,TOLKNF,SWISS TOOL MX
VSA,TOLKNF,TINKER
VSA,TOLKNF,TINKER SUPER RED
VSA,TOLKNF,VENTURE
VSA,TOLKNF,WAITER RED
WAGBAG,MSCHYG,DISPOSABLE TRAVEL TOILET
WAGBAG,PETCRP,WAGGY BAGGY
WAGBAG,TLTACS,TOILET SEAT - FLEXIBLE
WAGBAG,TLTACS,TOILET SEAT - FLIP TOP
WAGBAG,TLTCRPBAG,RESTOP2 WILDERNESS 5PK
WAGBAG,TLTCRPBAG,WAG BAG
WAGBAG,TLTCRPLOO,BRIEFCASE COMMODE
WAGBAG,TLTCRPLOO,BUCKET WITH TOILET SEAT LID
WAGBAG,TLTCRPLOO,RESTOP COMMODE- NO SUPPLIES
WAGBAG,TLTKIT,LAVATORY SYSTEM W/SHOWER
WAGBAG,TLTSWR,SHOWER MAT
WAGBAG,TNTPRV,RESTOP PRIVACY SHELTER
WELLY,DW BOTMTL,X ORIGINAL 18OZ - NATURAL
WELLY,DW BOTMTL,X TRAVELER 18OZ - NAVY
WELLY,DW BOTMTL,X TRAVELER 18OZ - SAGE
WELLY,DW BOTMTL,X TRAVELER 18OZ - SKY
WELLY,DW BOTMTL,X TRAVELER 18OZ - SLATE
WESTSD,MCHSTK,ADVENTURE DOG
WESTSD,MCHSTK,ARCHES DELICATE ARCH
WESTSD,MCHSTK,CANYONLANDS MESA ARCH
WESTSD,MCHSTK,MOAB BIKE
WESTSD,MCHSTK,MOAB JEEP
WESTSD,MCHSTK,MOAB LETTERS
WESTSD,MCHSTK,STOLEN CHIMNEY
WI,FULPRO,16OZ NRS CYLINDER PROPANE
WITZ,RVRCAS,LARGE SPORT CASE - SEE THRU
WITZ,RVRCAS,LARGE SPORT CASE - SOLID
WITZ,RVRCAS,SMALL SPORT CASE - SEE THRU
WITZ,RVRCAS,SMALL SPORT CASE - SOLID
WITZ,RVRPCH,SOFT POUCH PHONE CASE
WLP,GAMBRD,PRESERVE PLAYING CARDS
WMBAGS,SLPBAG,"5'6"" ALPINLITE LZ"
WMBAGS,SLPBAG,"5'6"" APACHE MF LZ"
WMBAGS,SLPBAG,"5'6"" FLYLITE"
WMBAGS,SLPBAG,"5'6"" HIGHLITE RZ"
WMBAGS,SLPBAG,"5'6"" MEGALITE LZ"
WMBAGS,SLPBAG,"5'6"" MEGALITE RZ"
WMBAGS,SLPBAG,"5'6"" SUMMERLITE"
WMBAGS,SLPBAG,"5'6"" TERRALITE RZ"
WMBAGS,SLPBAG,"6'0"" ALPINLITE LZ"
WMBAGS,SLPBAG,"6'0"" ALPINLITE RZ"
WMBAGS,SLPBAG,"6'0"" ANTELOPE GWS RZ"
WMBAGS,SLPBAG,"6'0"" ANTELOPE MF LZ"
WMBAGS,SLPBAG,"6'0"" APACHE MF LZ"
WMBAGS,SLPBAG,"6'0"" BADGER MF LZ"
WMBAGS,SLPBAG,"6'0"" BADGER MF RZ"
WMBAGS,SLPBAG,"6'0"" EVERLITE"
WMBAGS,SLPBAG,"6'0"" FLYLITE"
WMBAGS,SLPBAG,"6'0"" HIGHLITE LZ"
WMBAGS,SLPBAG,"6'0"" HIGHLITE RZ"
WMBAGS,SLPBAG,"6'0"" KODIAK MF LZ"
WMBAGS,SLPBAG,"6'0"" MEGALITE LZ"
WMBAGS,SLPBAG,"6'0"" MEGALITE RZ"
WMBAGS,SLPBAG,"6'0"" SEQUOIA MF RZ"
WMBAGS,SLPBAG,"6'0"" SUMMERLITE LZ"
WMBAGS,SLPBAG,"6'0"" SUMMERLITE RZ"
WMBAGS,SLPBAG,"6'0"" TERRALITE LZ"
WMBAGS,SLPBAG,"6'0"" TERRALITE RZ"
WMBAGS,SLPBAG,"6'0"" ULTRALITE"
WMBAGS,SLPBAG,"6'0"" VERSALITE LZ"
WMBAGS,SLPBAG,"6'0"" VERSALITE RZ"
WMBAGS,SLPBAG,"6'0"" VESRALITE RZ"
WMBAGS,SLPBAG,"6'6"" ALPINLITE LZ"
WMBAGS,SLPBAG,"6'6"" ALPINLITE RZ"
WMBAGS,SLPBAG,"6'6"" ANTELOPE GWS RZ"
WMBAGS,SLPBAG,"6'6"" ANTELOPE MF LZ"
WMBAGS,SLPBAG,"6'6"" ANTELOPE MF RZ"
WMBAGS,SLPBAG,"6'6"" EVERLITE"
WMBAGS,SLPBAG,"6'6"" FLYLITE"
WMBAGS,SLPBAG,"6'6"" HIGHLITE LZ"
WMBAGS,SLPBAG,"6'6"" HIGHLITE RZ"
WMBAGS,SLPBAG,"6'6"" KODIAK MF RZ"
WMBAGS,SLPBAG,"6'6"" MEGALITE LZ"
WMBAGS,SLPBAG,"6'6"" MEGALITE RZ"
WMBAGS,SLPBAG,"6'6"" SUMMERLITE LZ"
WMBAGS,SLPBAG,"6'6"" SUMMERLITE RZ"
WMBAGS,SLPBAG,"6'6"" TERRALITE LZ"
WMBAGS,SLPBAG,"6'6"" TERRALITE RZ"
WMBAGS,SLPBAG,BAG EXPANDER - TS
WMBAGS,SLPBAG,CLOUD REST DOWN PILLOW
WMBAGS,SLPBAG,COUPLER 6FT
WMBAGS,SLPBAG,FLASH BOOTIES
WOLFG,PETCLR,DOG COLLAR
WOLFG,PETLSH,"DOG LEASH 1"" X 6'"
WOLVER,WTRCONSFT,3/8 TUBING SPOUT W/ VALVE
WOLVER,WTRCONSFT,TUFF BOTTLE 2.6GAL
WOLVER,WTRCONSFT,TUFF BOTTLE 5.3GAL
WOLVER,WTRCONSFT,TUFF BOTTLE 8 GAL W/SPOUT
WOLVER,WTRCONSFT,TUFF SHOWER HEAD
WPH,HATCAP,BASKET WOVEN CRISS CROSS CAP
WPH,HATCAP,CLASSIC HIGH PONYTAIL
WPH,HATCAP,FLOPPY WIDE BRIM HAT PONYTAIL
WPH,HATCAP,MESH BUCKET HAT PONYTAIL
WPH,HATCAP,WASHED DENIUM CRISS CROSS CAP
WWBOOK,BOOKS,CANYONLANDS RIVER GUIDE
WWBOOK,BOOKS,DESOLATION RIVER GUIDE
WWBOOK,BOOKS,DINOSAUR RIVER GUIDE
WWBOOK,BOOKS,GRAND CANYON RIVER GUIDE
WWBOOK,BOOKS,SAN JUAN RIVER GUIDE
XANADU,BOKCLI,NORTH WASH CANYONEERING
XANADU,BOKCLI,ROBBERS ROOST CANYONEERING
XXX,SOKWMN,X W'S VERTEX COOLMAX NO SHOW
YATES,CLIAIDHW,#1 ALUM DUCK HEADS
YATES,CLIAIDHW,#1 ALUMINUM HEAD
YATES,CLIAIDHW,#1 COPPER HEADS
YATES,CLIAIDHW,#1 DUCK COPPER HEADS
YATES,CLIAIDHW,#1 ROUND
YATES,CLIAIDHW,#2 ALUM DUCK HEADS
YATES,CLIAIDHW,#2 ALUMINUM HEAD
YATES,CLIAIDHW,#2 COPPER HEADS
YATES,CLIAIDHW,#2 DUCK COPPER HEADS
YATES,CLIAIDHW,#2 DUCKBILL
YATES,CLIAIDHW,#2 ROUNDS
YATES,CLIAIDHW,#3 DOUBLE ALUM HEADS
YATES,CLIAIDHW,ICE SCREAM
YATES,CLIAIDHW,O RING ID 3IN - 10000
YATES,CLIAIDHW,O-RING ID 2 5/16 - 500
YATES,CLIAIDHW,RIVET HANGER #0
YATES,CLIAIDHW,RIVET HANGER #1
YATES,CLIAIDHW,ROUND  2
YATES,CLIAIDHW,SCREAMERS
YATES,CLIAIDHW,SHORTY SCREAMER
YATES,CLIAIDHW,SUPERCLIP
YATES,CLIAIDHW,ZIPPER SCREAMER
YATES,CLIAIDLAD,"1"" ETIER 4+2 STEP"
YATES,CLIAIDLAD,6 STEP WALL LADDER
YATES,CLIAIDLAD,SPEED WALL LADDER
YATES,CLIATCBLT,YATES RIGGING RING
YATES,CLIBAG,BIG WALL CHEST RACK LARGE
YATES,CLIBAG,PERSONAL ROPE BAG BLUE
YATES,CLIBAG,PERSONAL ROPE BAG ORANGE
YATES,CLIBAG,PERSONAL ROPE BAG YELLOW
YATES,CLIBAG,SMALL TOOL POUCH
YATES,CLIBAG,STANDARD ROPE BUCKET SM
YATES,CLIBAG,STD ROPE BUCKET/BAG
YATES,CLIBAG,TOOL & BOLT BAG
YATES,CLIESS,#2 DOUBLE ALUM HEADS
YATES,CLIHNSUNI,ASTROMAN HARNESS MEDIUM
YATES,CLIHNSUNI,ASTROMAN HARNESS SMALL
YATES,CLIHNSUNI,SHIELD HARNESS
YATES,CLINUTTOL,PIN HEAD CABLED GEAR PULLER
YATES,CLISFTCRD,11/16 TUBULAR WEBBING GREEN
YATES,CLISFTCRD,11/16 TUBULAR WEBBING PURPLE
YATES,CLISFTCRD,11/16 TUBULAR WEBBING YELLOW
YATES,CLISFTCRD,14MM DYNEEMA WEB BLACK
YATES,CLISFTCRD,14MM DYNEEMA WEB BLUE
YATES,CLISFTCRD,14MM DYNEEMA WEB GREEN
YATES,CLISFTCRD,14MM DYNEEMA WEB GREY
YATES,CLISFTCRD,14MM DYNEEMA WEB PURPLE
YATES,CLISFTCRD,14MM DYNEEMA WEB RED
YATES,CLISFTCRD,14MM DYNEEMA WEB YELLOW
YATES,CLISFTCRD,24IN SEWN SLING 11MM
YATES,CLISFTCRD,5.14 GEAR SLING SMALL
YATES,CLISFTCRD,"8"" SHORT SLING 1MM DYNEEMA"
YATES,CLISFTCRD,ADJUSTABLE DAISY STRAP
YATES,CLISFTCRD,AID TIE OFF 1/2INX8IN
YATES,CLISFTCRD,"SEWN SLING 36"" NYLON"
YETI,COLACS,"6"" YETI HANDLE 2PK"
YETI,COLACS,DIVIDERS - SHORT 105/125
YETI,COLACS,DIVIDERS - SHORT 160
YETI,COLACS,DIVIDERS - SHORT 35/45
YETI,COLACS,DIVIDERS - SHORT 50
YETI,COLACS,DIVIDERS - SHORT 65
YETI,COLACS,DIVIDERS - SHORT 75
YETI,COLACS,DRAIN PLUG HOSE CONNECTION
YETI,COLACS,DRAIN PLUG ROADIE
YETI,COLACS,DRAIN PLUG TUNDRA/VORTEX V2
YETI,COLACS,DRAIN PLUG VORTEX
YETI,COLACS,LID LATCH 2PK
YETI,COLACS,SECURITY CABLE LOCK & BRACKET
YETI,COLACS,TIE DOWN KIT
YETI,COLACS,TUNDRA 35 & 45 SHT DIVIDER V2
YETI,COLACS,TUNDRA SEAT CUSHION
YETI,COLACS,TUNDRA SLIDING FEET
YETI,COLACS,"YETI HANDLE 6.75"" 2PK"
YETI,COLHRD,RAMBLER BEVERAGE BUCKET - ASST
YETI,COLHRD,ROADIE 15 - ASST
YETI,COLHRD,ROADIE 24 - ASST
YETI,COLHRD,ROADIE 48 - ASST
YETI,COLHRD,ROADIE 60 - ASST
YETI,COLHRD,TUNDRA 160 - ASST
YETI,COLHRD,TUNDRA 210
YETI,COLHRD,TUNDRA 35 - ASST
YETI,COLHRD,TUNDRA 45  - ASST
YETI,COLHRD,TUNDRA 65 - ASST
YETI,COLHRD,TUNDRA 75 - ASST
YETI,COLHRD,TUNDRA HAUL - ASST
YETI,COLICE,YETI ICE 1LB
YETI,COLICE,YETI ICE 2 LB
YETI,COLICE,YETI ICE 4 LB
YETI,COLICE,YETI ICE SHEET LARGE
YETI,COLICE,YETI ICE SHEET MEDIUM
YETI,COLICE,YETI ICE SHEET SMALL
YETI,COLSFT,DAYTRIP LUNCH BAG 6L- ASST
YETI,COLSFT,HOPPER BACKPACK M12 - ASST
YETI,COLSFT,HOPPER BACKPACK M20 - ASST
YETI,COLSFT,HOPPER FLIP 12 - ASST
YETI,COLSFT,HOPPER FLIP 18 - ASST
YETI,COLSFT,HOPPER FLIP 8 - ASST
YETI,COLSFT,HOPPER M15 - ASST
YETI,COLSFT,HOPPER M30 2.0 - ASST
YETI,COLSFT,X OLD HOPPER M20 - ASST
YETI,DW ACS,MAGSLIDER™ LID 10/20 OZ
YETI,DW ACS,MAGSLIDER™ LID 30 OZ
YETI,DW ACS,MAGSLIDER™ PACK ASST COLORS
YETI,DW ACS,MAGSLIDER™ REPLACEMENTS
YETI,DW ACS,MAGSLIDER™ SINGLE ASST COLORS
YETI,DW ACS,MOLLE BOTTLE OPENER
YETI,DW ACS,RAMBLER BOTTLE CHUG CAP
YETI,DW ACS,RAMBLER BOTTLE CUP CAP
YETI,DW ACS,RAMBLER BOTTLE HOTSHOT CAP
YETI,DW ACS,RAMBLER BOTTLE MAGDOCK CAP
YETI,DW ACS,RAMBLER BOTTLE SLING - SMALL
YETI,DW ACS,RAMBLER BOTTLE STRAW CAP V3
YETI,DW ACS,RAMBLER HANDLES 20 OZ
YETI,DW ACS,RAMBLER HANDLES 30 OZ
YETI,DW ACS,RAMBLER LID 20 OZ - STRONGHOLD
YETI,DW ACS,RAMBLER LID 30 OZ - STRONGHOLD
YETI,DW ACS,RAMBLER TUMBLER HANDLES 10 OZ
YETI,DW ACS,WALL MOUNT BOTTLE OPENER
YETI,DW ACS,YONDER SHAKER 20 OZ - ASST
YETI,DW ACS,YONDER SHAKER 27 OZ - ASST
YETI,DW ACS,YRAM 20 STRAW LID
YETI,DW ALCCT,SHOT GLASSES W/CASE - ASST
YETI,DW ALCFSK,YETI FLASK SS
YETI,DW ALCWIN,WINE TUMBLER 10 OZ - ASST
YETI,DW BOTMTL,RAMBLER 1 GAL JUG - ASST
YETI,DW BOTMTL,RAMBLER 1/2 GAL JUG - ASST
YETI,DW BOTMTL,RAMBLER 10 OZ - ASST
YETI,DW BOTMTL,RAMBLER BOTTLE 18OZ -ASST
YETI,DW BOTMTL,RAMBLER BOTTLE 18OZ -ASST CHUG
YETI,DW BOTMTL,RAMBLER BOTTLE 26OZ -ASST
YETI,DW BOTMTL,RAMBLER BOTTLE 26OZ -ASST CHUG
YETI,DW BOTMTL,RAMBLER BOTTLE 36OZ -ASST
YETI,DW BOTMTL,RAMBLER BOTTLE 36OZ -ASST CHUG
YETI,DW BOTMTL,RAMBLER BOTTLE 36OZ BLUE CAMO
YETI,DW BOTMTL,RAMBLER BOTTLE 46OZ -ASST CHUG
YETI,DW BOTMTL,RAMBLER BOTTLE 64OZ -ASST CHUG
YETI,DW BOTMTL,RAMBLER C STRW BTL 18OZ - ASST
YETI,DW BOTMTL,RAMBLER JR 12 OZ - ASST
YETI,DW BOTMTL,RAMBLER TUMBLER 30 OZ - ASST
YETI,DW BOTMTL,TUMBLER JR 10 OZ - ASST
YETI,DW BOTPLA,SILO JUG 1/2 GAL STRAW - ASST
YETI,DW BOTPLA,SILO JUG 40 OZ STRAW - ASST
YETI,DW INS,RAMBLER COLSTER 2.0 - ASST
YETI,DW INS,RAMBLER COLSTER SLIM - ASST
YETI,DW MUG,RAMBLER 6 OZ MUG 2PK -ASST
YETI,DW MUG,RAMBLER MUG 10 OZ - ASST
YETI,DW MUG,RAMBLER MUG 2.0 14 OZ - ASST
YETI,DW MUG,RAMBLER MUG 24 OZ - ASST
YETI,DW MUG,RAMBLER STRAW MUG 25 OZ - ASST
YETI,DW MUG,RAMBLER STRAW MUG 35 OZ - ASST
YETI,DW MUG,RAMBLER STRAW MUG 42 OZ - ASST
YETI,DW MUG,RAMBLER TRAV MUG 20 OZ - ASST
YETI,DW MUG,RAMBLER TRAV MUG 30 OZ - ASST
YETI,DW TUM,RAMBLER TRAV BOTTLE 12OZ -ASST
YETI,DW TUM,RAMBLER TRAV BOTTLE 16OZ -ASST
YETI,DW TUM,RAMBLER TUMBLER 20 OZ - ASST
YETI,FURCHR,TRAILHEAD CAMP CHAIR CHARCOAL
YETI,FURCHR,TRAILHEAD CAMP CHAIR NAVY
YETI,HATCAP,TRUCKER HAT GREY ON GREY PATCH
YETI,HATCAP,TRUCKER HAT NAVY ON NAVY PATCH
YETI,KCHFS,FOOD STORAGE MD
YETI,KCHFS,FOOD STORAGE SM
YETI,KCHFS,INSULATED BOWL - 1 QT - ASST
YETI,KCHFS,INSULATED BOWL - 2 QT - ASST
YETI,KCHFS,INSULATED BOWL - 4.5 QT - ASST
YETI,KITCO,RAMBLER FRENCH PRESS 34 OZ
YETI,KITCO,RAMBLER FRENCH PRESS 64 OZ
YETI,KITCO,RAMBLER POUR OVER - #2
YETI,RVRCAS,LOADOUT GOBOX 15 - ASST
YETI,RVRCAS,LOADOUT GOBOX 60 - ASST
YETI,RVRCAS,LOADOUT LID
YUMBUT,FODSQZ,ALMOND BUTTER PLANT PROTIEN
YUMBUT,FODSQZ,ANCIENT INERGY ALMOND BUTTER
YUMBUT,FODSQZ,CREAMY PEANUT BUTTER
YUMBUT,FODSQZ,ORGANIC PEANUT BUTTER
YUMBUT,FODSQZ,SUNFLOWER BUTTER ORGANIC
YUMBUT,FODSQZ,SUPERFOOD ALMOND BUTTER
YUMBUT,FODSQZ,SUPERFOOD ALMOND BUTTER 1.8OZ
YUMBUT,FODSQZ,SUPERFOOD CASHEW BUTTER 1.8OZ
ZEAL,SUN,ANDE - COPPER/COFFEE
ZEAL,SUN,ASPEN - COPPER/PINE
ZEAL,SUN,ASPEN - HORIZON BLUE/MIDNIGHT
ZEAL,SUN,AUTO SUN BIG TIMBER WHITE CAPS
ZEAL,SUN,AUTO SUN MANITOU ASH
ZEAL,SUN,AUTO SUN MANITOU MAPLE
ZEAL,SUN,AUTO SUN MANITOU MATTE BLACK
ZEAL,SUN,AUTO SUN MORRISON BURNT WHISKE
ZEAL,SUN,AVON - FERN/COPPER
ZEAL,SUN,BEACON FOG OPT JADE
ZEAL,SUN,BEACON JOHN FELLOWS PHOENIX
ZEAL,SUN,BOONE - HORIZON BLUE/MAT SMOKE
ZEAL,SUN,BREWER - GRANITE GREY
ZEAL,SUN,BREWER - HORIZON BLUE/GLOSS BL
ZEAL,SUN,BREWER - MT WOOD/COPPER
ZEAL,SUN,CADDIS - ATLANTIC BLUE/BLUE
ZEAL,SUN,CADDIS - MT BLACK/GREY
ZEAL,SUN,CADDIS - MT BROWN/COPPER
ZEAL,SUN,CAM - COPPER/FERN
ZEAL,SUN,CAM - COPPER/MAPLE
ZEAL,SUN,CAM - GREY/MAKO
ZEAL,SUN,CAM - MT BLK/HORIZON BLUE
ZEAL,SUN,CAMPO - COPPER/MAPLE
ZEAL,SUN,CAMPO - GREY/MATTE BLACK
ZEAL,SUN,CAMPO - HORIZON BLUE/ GLACIER
ZEAL,SUN,CAMPO - ROSE/MT TORTOISE
ZEAL,SUN,CAPITOL - HORIZON BLUE/MATTE C
ZEAL,SUN,CAPITOL - MT BLACK/GREY
ZEAL,SUN,CARSON - COPPER COLORADO TORT
ZEAL,SUN,CLEO - HORIZON BLUE/OCEAN
ZEAL,SUN,COPPER ACE DEEP PURPLE
ZEAL,SUN,COPPER CALISTOGA LICHEN
ZEAL,SUN,COPPER ESSENTIAL DEMI TORT
ZEAL,SUN,CROWLEY - DESERT ROSE/BLUE
ZEAL,SUN,CROWLEY - IVORY/TORTOISE
ZEAL,SUN,DARK GREY ALMA HAZEL
ZEAL,SUN,DARK GREY RED CLIFF TROPIC FDE
ZEAL,SUN,DAWN - GREY/ BLACK TORTOISE
ZEAL,SUN,DECOY - TORTOISE
ZEAL,SUN,DIVIDE - COPPER/PINE
ZEAL,SUN,DIVIDE - GREY/BLK GRAIN
ZEAL,SUN,DIVIDE - GREY/SMOLDER
ZEAL,SUN,DIVIDE - MIDNIGHT/HORIZON BLUE
ZEAL,SUN,DRIFTER - MT BLACK/GREY
ZEAL,SUN,DRIFTER - WOODGRAIN/COPPER
ZEAL,SUN,DURANGO - GREY/MATTE BLACK
ZEAL,SUN,ESSENTIAL - DK GREY/MATTE BLK
ZEAL,SUN,ESSENTIAL - DK GREY/NAVY BLUE
ZEAL,SUN,FOWLER - COPPER/AMBER
ZEAL,SUN,HEMISPHERE CANYON OPT PHOENIX
ZEAL,SUN,HEMISPHERE DARK NIGHT JADE
ZEAL,SUN,HORIZON BLUE AVON AMETHYST
ZEAL,SUN,HORIZON BLUE PALISADE BLACK MT
ZEAL,SUN,HORIZON BLUE RED CLIFF NAVY
ZEAL,SUN,HORIZON BLUE SALIDA ALPINE ICE
ZEAL,SUN,INCLINE - DK GREY/MATTE FATIGU
ZEAL,SUN,INCLINE - MT SMOKE/BLUE
ZEAL,SUN,ISABELLE - HORIZON BLUE/MT CRY
ZEAL,SUN,ISABELLE - MT TORTOISE/COPPER
ZEAL,SUN,ISABELLE - ROSE/LILAC
ZEAL,SUN,LOLO - COPPER/POPPY
ZEAL,SUN,LOLO - HORIZON BLUE/ MATTE MID
ZEAL,SUN,LOOKOUT FOG OPT ALCHEMY
ZEAL,SUN,LOOKOUT TIMBER OPT PHOENIX
ZEAL,SUN,MAGNOLIA - PLUM GLOSS/GREY
ZEAL,SUN,MAGNOLIA - ROSE/RASPBERRY
ZEAL,SUN,MANGO - COPPER/GIRAFFE
ZEAL,SUN,NORTHWIND - DARK GREY MIDNIGHT
ZEAL,SUN,PENNY LANE - COPPER/ DEMI TORT
ZEAL,SUN,PORTAL ARTIC OPT JADE MIRROR
ZEAL,SUN,PORTAL DARK NIGHT ALCHEMY
ZEAL,SUN,PORTAL XL SANDSTONE PHOENIX
ZEAL,SUN,QAUNDARY - MT WOODGRAIN/COPPER
ZEAL,SUN,QUANDRY - GRANITE GREY
ZEAL,SUN,RADIUM - MATTE BLACK
ZEAL,SUN,RADIUM - ROSE/MT BRICK
ZEAL,SUN,RIDGWAY - DK GREY/ MT BLACK
ZEAL,SUN,SABLE - MT BLACK/GREY
ZEAL,SUN,SABLE - MT BROWN/COPPER
ZEAL,SUN,SIERRA - COPPER/MT KHAKI
ZEAL,SUN,SIERRA - DK GREY/MT BLACK
ZEAL,SUN,SNAPSHOT - GREY/BLUE
ZEAL,SUN,SNAPSHOT - MT BLACK/GREY
ZEAL,SUN,TRACKER - BLACK/GREY
ZEAL,SUN,WINDSOR - DK GREY/BLACK TORT
ZEAL,SUN,WINDSOR - HORIZON BLUE/CAMEL
ZEAL,SUN,WINDSOR - MT TORTOISE/COPPER
ZEAL,SUN,ZEAL - COPPER/EASTERLY GOLD
ZEAL,SUN,ZEAL - GREY/PESCADERO BLACK
ZEAL,SUN,ZEAL - HORIZON BLUE/EASTERLY
ZEAL,SUN,ZEAL - HORIZON BLUE/SHIP SILVR
ZEAL,SUN,ZEAL - SHIPSTERN GOLD
_TEST,CLAGLVMEN,LEATHER TEST
_TEST,OLD,DEMO - SAMPLE 2
_TEST,OLD,DESC1
_TEST,OLD,JUST AN ALU TEST
_TEST,OLD,PLEASE WORK!
_TEST,TOLKNF,MINIMAL NEW ITEM INSERT
_TEST,TOLKNF,MINIMAL NEW ITEM INSERT2
_TEST,TOLKNF,NEW ITEM INSERT
_TEST,TOLKNF,NEW ITEM INSERT-FROM NOVA
_TEST,TST,M'S CLOTHING SIZES
_TEST,TST,STYLE TESTING 2
_TEST,TST,W'S CLOTHING SIZES
_TEST,XOLD,PLEASE WORK!
_TEST,XXX,ALU TEST1
_TEST,XXX,CSV WAS USED!
_TEST,XXX,DEMO - IMPORT 1
_TEST,XXX,DEMO - IMPORT 2
_TEST,XXX,DEMO - IMPORT 3
_TEST,XXX,DEMO - IMPORT 4
_TEST,XXX,DEMO - IMPORT 5
_TEST,XXX,DEMO - SAMPLE 1
_TEST,XXX,DEMO - SAMPLE 3
_TEST,XXX,MULTI-ALU TEST 1
_TEST,XXX,MULTI-UPC TEST 1
_TEST,XXX,STUFF
_TEST,_XX_AA,DESCRIPTION ¾ .A
_TEST,_XX_AA,EVERYTHIGN IS REPLACED
_TEST,_XX_AA,"M'S BASIN ? SHORT 9"""
_TEST,_XX_AA,M'S BASIN SHORT 9IN
_TEST,_XX_AA,M'S CREST 1/4 ZIP
_TEST,_XX_AA,M'S CREST DF ZIP
_TEST,_XX_AA,M'S CREST ¼ ZIP°
,RVRMSC,"CARLISLE OAR BLADE 8"" OUTFITTE"
,TOLKNF,FREE® P4 SS
,TOLKNF,MUT® BLACK
